timestamp,plant_id,plant_name,raw_value,moisture_percentage,status_category
2026-07-30 20:00:01,3,Monstera Deliciosa,1961,58.0,Optimal
2026-07-30 20:00:01,1,Gynura Aurantiaca,1345,85.0,Soggy
2026-07-30 20:00:05,2,Tradescantia Zebrina,2483,35.0,Moist
2026-07-30 20:30:00,2,Tradescantia Zebrina,2494,35.0,Moist
2026-07-30 20:30:00,1,Gynura Aurantiaca,1346,84.0,Soggy
2026-07-30 20:30:01,3,Monstera Deliciosa,1943,59.0,Optimal
2026-07-30 21:00:00,2,Tradescantia Zebrina,2485,35.0,Moist
2026-07-30 21:00:01,1,Gynura Aurantiaca,1339,85.0,Soggy
2026-07-30 21:00:01,3,Monstera Deliciosa,1936,59.0,Optimal
2026-07-30 21:30:01,2,Tradescantia Zebrina,2479,35.0,Moist
2026-07-30 21:30:01,3,Monstera Deliciosa,1930,59.0,Optimal
2026-07-30 21:30:01,1,Gynura Aurantiaca,1347,84.0,Soggy
2026-07-30 22:00:00,1,Gynura Aurantiaca,1362,84.0,Soggy
2026-07-30 22:00:01,2,Tradescantia Zebrina,2498,34.0,Moist
2026-07-30 22:00:01,3,Monstera Deliciosa,1930,59.0,Optimal
2026-07-30 22:30:00,3,Monstera Deliciosa,1929,59.0,Optimal
2026-07-30 22:30:00,1,Gynura Aurantiaca,1375,83.0,Soggy
2026-07-30 22:30:01,2,Tradescantia Zebrina,2455,36.0,Moist
2026-07-30 23:00:00,2,Tradescantia Zebrina,2481,35.0,Moist
2026-07-30 23:00:01,3,Monstera Deliciosa,1914,60.0,Optimal
2026-07-30 23:00:01,1,Gynura Aurantiaca,1379,83.0,Soggy
2026-07-30 23:30:01,2,Tradescantia Zebrina,2480,35.0,Moist
2026-07-30 23:30:01,3,Monstera Deliciosa,1904,60.0,Optimal
2026-07-30 23:30:02,1,Gynura Aurantiaca,1378,83.0,Soggy
2026-07-31 00:00:00,3,Monstera Deliciosa,1933,59.0,Optimal
2026-07-31 00:00:01,2,Tradescantia Zebrina,2474,35.0,Moist
2026-07-31 00:00:01,1,Gynura Aurantiaca,1392,82.0,Soggy
2026-07-31 00:30:00,1,Gynura Aurantiaca,1402,82.0,Soggy
2026-07-31 00:30:00,2,Tradescantia Zebrina,2475,35.0,Moist
2026-07-31 00:30:00,3,Monstera Deliciosa,1943,59.0,Optimal
2026-07-31 01:00:01,3,Monstera Deliciosa,1921,59.0,Optimal
2026-07-31 01:00:01,1,Gynura Aurantiaca,1403,82.0,Soggy
2026-07-31 01:00:01,2,Tradescantia Zebrina,2489,35.0,Moist
2026-07-31 01:30:00,1,Gynura Aurantiaca,1394,82.0,Soggy
2026-07-31 01:30:00,3,Monstera Deliciosa,1906,60.0,Optimal
2026-07-31 01:30:00,2,Tradescantia Zebrina,2495,35.0,Moist
2026-07-31 02:00:00,1,Gynura Aurantiaca,1390,83.0,Soggy
2026-07-31 02:00:01,2,Tradescantia Zebrina,2480,35.0,Moist
2026-07-31 02:00:01,3,Monstera Deliciosa,1925,59.0,Optimal
2026-07-31 02:30:01,1,Gynura Aurantiaca,1397,82.0,Soggy
2026-07-31 02:30:01,3,Monstera Deliciosa,1946,58.0,Optimal
2026-07-31 02:30:01,2,Tradescantia Zebrina,2486,35.0,Moist
2026-07-31 03:00:00,2,Tradescantia Zebrina,2475,35.0,Moist
2026-07-31 03:00:00,3,Monstera Deliciosa,1926,59.0,Optimal
2026-07-31 03:00:02,1,Gynura Aurantiaca,1392,82.0,Soggy
2026-07-31 03:30:01,1,Gynura Aurantiaca,1407,82.0,Soggy
2026-07-31 03:30:01,2,Tradescantia Zebrina,2469,36.0,Moist
2026-07-31 03:30:01,3,Monstera Deliciosa,1947,58.0,Optimal
2026-07-31 04:00:00,1,Gynura Aurantiaca,1373,83.0,Soggy
2026-07-31 04:00:01,2,Tradescantia Zebrina,2481,35.0,Moist
2026-07-31 04:00:02,3,Monstera Deliciosa,1924,59.0,Optimal
2026-07-31 04:30:01,1,Gynura Aurantiaca,1394,82.0,Soggy
2026-07-31 04:30:01,2,Tradescantia Zebrina,2487,35.0,Moist
2026-07-31 04:30:01,3,Monstera Deliciosa,1925,59.0,Optimal
2026-07-31 05:00:01,1,Gynura Aurantiaca,1403,82.0,Soggy
2026-07-31 05:00:01,3,Monstera Deliciosa,1926,59.0,Optimal
2026-07-31 05:00:02,2,Tradescantia Zebrina,2485,35.0,Moist
2026-07-31 05:30:00,1,Gynura Aurantiaca,1407,82.0,Soggy
2026-07-31 05:30:01,3,Monstera Deliciosa,1921,59.0,Optimal
2026-07-31 05:30:01,2,Tradescantia Zebrina,2479,35.0,Moist
2026-07-31 06:00:00,2,Tradescantia Zebrina,2474,35.0,Moist
2026-07-31 06:00:00,1,Gynura Aurantiaca,1392,82.0,Soggy
2026-07-31 06:00:01,3,Monstera Deliciosa,1952,58.0,Optimal
2026-07-31 06:30:01,2,Tradescantia Zebrina,2475,35.0,Moist
2026-07-31 06:30:01,3,Monstera Deliciosa,1936,59.0,Optimal
2026-07-31 06:30:01,1,Gynura Aurantiaca,1400,82.0,Soggy
2026-07-31 07:00:00,2,Tradescantia Zebrina,2470,36.0,Moist
2026-07-31 07:00:00,3,Monstera Deliciosa,1947,58.0,Optimal
2026-07-31 07:00:01,1,Gynura Aurantiaca,1405,82.0,Soggy
2026-07-31 07:30:01,2,Tradescantia Zebrina,2474,35.0,Moist
2026-07-31 07:30:01,3,Monstera Deliciosa,1950,58.0,Optimal
2026-07-31 07:30:01,1,Gynura Aurantiaca,1415,81.0,Soggy
2026-07-31 08:00:00,1,Gynura Aurantiaca,1411,82.0,Soggy
2026-07-31 08:00:01,2,Tradescantia Zebrina,2489,35.0,Moist
2026-07-31 08:00:01,3,Monstera Deliciosa,1945,58.0,Optimal
2026-07-31 08:30:00,1,Gynura Aurantiaca,1407,82.0,Soggy
2026-07-31 08:30:00,3,Monstera Deliciosa,1935,59.0,Optimal
2026-07-31 08:30:01,2,Tradescantia Zebrina,2495,35.0,Moist
2026-07-31 09:00:01,3,Monstera Deliciosa,1947,58.0,Optimal
2026-07-31 09:00:01,2,Tradescantia Zebrina,2481,35.0,Moist
2026-07-31 09:00:01,1,Gynura Aurantiaca,1424,81.0,Soggy
2026-07-31 09:30:01,2,Tradescantia Zebrina,1274,88.0,Soggy
2026-07-31 09:30:01,3,Monstera Deliciosa,1962,58.0,Optimal
2026-07-31 09:30:02,1,Gynura Aurantiaca,1409,82.0,Soggy
2026-07-31 10:00:00,1,Gynura Aurantiaca,1393,82.0,Soggy
2026-07-31 10:00:01,3,Monstera Deliciosa,1946,58.0,Optimal
2026-07-31 10:00:01,2,Tradescantia Zebrina,1297,87.0,Soggy
2026-07-31 10:30:01,1,Gynura Aurantiaca,1420,81.0,Soggy
2026-07-31 10:30:01,2,Tradescantia Zebrina,1296,87.0,Soggy
2026-07-31 11:00:01,2,Tradescantia Zebrina,1300,86.0,Soggy
2026-07-31 11:00:01,3,Monstera Deliciosa,1939,59.0,Optimal
2026-07-31 11:00:01,1,Gynura Aurantiaca,1426,81.0,Soggy
2026-07-31 11:30:00,1,Gynura Aurantiaca,1420,81.0,Soggy
2026-07-31 11:30:01,2,Tradescantia Zebrina,1307,86.0,Soggy
2026-07-31 11:30:02,3,Monstera Deliciosa,1957,58.0,Optimal
2026-07-31 12:00:01,1,Gynura Aurantiaca,1415,81.0,Soggy
2026-07-31 12:00:02,3,Monstera Deliciosa,1954,58.0,Optimal
2026-07-31 12:00:02,2,Tradescantia Zebrina,1317,86.0,Soggy
2026-07-31 12:30:01,3,Monstera Deliciosa,1942,59.0,Optimal
2026-07-31 12:30:01,2,Tradescantia Zebrina,1328,85.0,Soggy
2026-07-31 12:30:01,1,Gynura Aurantiaca,1431,81.0,Soggy
2026-07-31 13:00:00,1,Gynura Aurantiaca,1439,80.0,Optimal
2026-07-31 13:00:01,2,Tradescantia Zebrina,1310,86.0,Soggy
2026-07-31 13:00:01,3,Monstera Deliciosa,1921,59.0,Optimal
2026-07-31 13:30:01,1,Gynura Aurantiaca,1438,80.0,Optimal
2026-07-31 13:30:01,2,Tradescantia Zebrina,1344,85.0,Soggy
2026-07-31 13:30:01,3,Monstera Deliciosa,1931,59.0,Optimal
2026-07-31 14:00:01,3,Monstera Deliciosa,1926,59.0,Optimal
2026-07-31 14:00:01,1,Gynura Aurantiaca,1446,80.0,Optimal
2026-07-31 14:00:02,2,Tradescantia Zebrina,1325,85.0,Soggy
2026-07-31 14:30:00,1,Gynura Aurantiaca,1454,80.0,Optimal
2026-07-31 14:30:01,3,Monstera Deliciosa,1943,59.0,Optimal
2026-07-31 14:30:01,2,Tradescantia Zebrina,1338,85.0,Soggy
2026-07-31 15:00:00,3,Monstera Deliciosa,1931,59.0,Optimal
2026-07-31 15:00:00,2,Tradescantia Zebrina,1335,85.0,Soggy
2026-07-31 15:00:01,1,Gynura Aurantiaca,1438,80.0,Optimal
2026-07-31 15:30:01,1,Gynura Aurantiaca,1445,80.0,Optimal
2026-07-31 15:30:01,2,Tradescantia Zebrina,1346,84.0,Soggy
2026-07-31 15:30:01,3,Monstera Deliciosa,1926,59.0,Optimal
2026-07-31 16:00:01,1,Gynura Aurantiaca,1441,80.0,Optimal
2026-07-31 16:00:01,2,Tradescantia Zebrina,1359,84.0,Soggy
2026-07-31 16:00:02,3,Monstera Deliciosa,1935,59.0,Optimal
2026-07-31 16:30:01,3,Monstera Deliciosa,1935,59.0,Optimal
2026-07-31 16:30:01,1,Gynura Aurantiaca,1437,81.0,Soggy
2026-07-31 16:30:01,2,Tradescantia Zebrina,1346,84.0,Soggy
2026-07-31 17:00:00,3,Monstera Deliciosa,1933,59.0,Optimal
2026-07-31 17:00:01,3,Monstera Deliciosa,1948,58.0,Optimal
2026-07-31 17:00:01,1,Gynura Aurantiaca,1466,79.0,Optimal
2026-07-31 17:00:02,2,Tradescantia Zebrina,1345,85.0,Soggy
2026-07-31 17:30:00,3,Monstera Deliciosa,1925,59.0,Optimal
2026-07-31 17:30:01,1,Gynura Aurantiaca,1440,80.0,Optimal
2026-07-31 17:30:01,2,Tradescantia Zebrina,1341,85.0,Soggy
2026-07-31 18:00:00,3,Monstera Deliciosa,1938,59.0,Optimal
2026-07-31 18:00:01,2,Tradescantia Zebrina,1345,85.0,Soggy
2026-07-31 18:00:01,1,Gynura Aurantiaca,1470,79.0,Optimal
2026-07-31 18:30:01,3,Monstera Deliciosa,1938,59.0,Optimal
2026-07-31 18:30:01,2,Tradescantia Zebrina,1371,83.0,Soggy
2026-07-31 18:30:01,1,Gynura Aurantiaca,1453,80.0,Optimal
2026-07-31 19:00:01,1,Gynura Aurantiaca,1467,79.0,Optimal
2026-07-31 19:00:01,3,Monstera Deliciosa,1934,59.0,Optimal
2026-07-31 19:00:04,2,Tradescantia Zebrina,1360,84.0,Soggy
2026-07-31 19:30:01,1,Gynura Aurantiaca,1466,79.0,Optimal
2026-07-31 20:00:11,3,Monstera Deliciosa,1938,59.0,Optimal
2026-07-31 20:00:11,1,Gynura Aurantiaca,1463,79.0,Optimal
2026-07-31 20:00:14,2,Tradescantia Zebrina,1350,84.0,Soggy
2026-07-31 20:30:01,3,Monstera Deliciosa,1936,59.0,Optimal
2026-07-31 20:30:02,1,Gynura Aurantiaca,1466,79.0,Optimal
2026-07-31 20:30:04,2,Tradescantia Zebrina,1349,84.0,Soggy
2026-07-31 21:00:01,2,Tradescantia Zebrina,1360,84.0,Soggy
2026-07-31 21:00:01,1,Gynura Aurantiaca,1488,78.0,Optimal
2026-07-31 21:00:01,3,Monstera Deliciosa,1920,60.0,Optimal
2026-07-31 21:30:00,1,Gynura Aurantiaca,1454,80.0,Optimal
2026-07-31 21:30:01,2,Tradescantia Zebrina,1366,84.0,Soggy
2026-07-31 21:30:02,3,Monstera Deliciosa,1918,60.0,Optimal
2026-07-31 22:00:01,2,Tradescantia Zebrina,1353,84.0,Soggy
2026-07-31 22:00:01,1,Gynura Aurantiaca,1486,78.0,Optimal
2026-07-31 22:00:01,3,Monstera Deliciosa,1931,59.0,Optimal
2026-07-31 22:30:01,2,Tradescantia Zebrina,1360,84.0,Soggy
2026-07-31 22:30:01,1,Gynura Aurantiaca,1462,79.0,Optimal
2026-07-31 22:30:02,3,Monstera Deliciosa,1935,59.0,Optimal
2026-07-31 23:00:01,1,Gynura Aurantiaca,1486,78.0,Optimal
2026-07-31 23:00:02,2,Tradescantia Zebrina,1368,84.0,Soggy
2026-07-31 23:00:02,3,Monstera Deliciosa,1926,59.0,Optimal
2026-07-31 23:30:01,2,Tradescantia Zebrina,1365,84.0,Soggy
2026-07-31 23:30:01,1,Gynura Aurantiaca,1487,78.0,Optimal
2026-07-31 23:30:01,3,Monstera Deliciosa,1915,60.0,Optimal
2026-08-01 00:00:01,2,Tradescantia Zebrina,1360,84.0,Soggy
2026-08-01 00:00:01,1,Gynura Aurantiaca,1472,79.0,Optimal
2026-08-01 00:00:01,3,Monstera Deliciosa,1904,60.0,Optimal
2026-08-01 00:30:01,3,Monstera Deliciosa,1923,59.0,Optimal
2026-08-01 00:30:02,1,Gynura Aurantiaca,1488,78.0,Optimal
2026-08-01 00:30:02,2,Tradescantia Zebrina,1377,83.0,Soggy
2026-08-01 01:00:01,2,Tradescantia Zebrina,1366,84.0,Soggy
2026-08-01 01:00:01,1,Gynura Aurantiaca,1473,79.0,Optimal
2026-08-01 01:00:01,3,Monstera Deliciosa,1895,61.0,Optimal
2026-08-01 01:30:01,1,Gynura Aurantiaca,1473,79.0,Optimal
2026-08-01 01:30:01,2,Tradescantia Zebrina,1365,84.0,Soggy
2026-08-01 01:30:01,3,Monstera Deliciosa,1909,60.0,Optimal
2026-08-01 02:00:00,1,Gynura Aurantiaca,1489,78.0,Optimal
2026-08-01 02:00:01,2,Tradescantia Zebrina,1367,84.0,Soggy
2026-08-01 02:00:01,3,Monstera Deliciosa,1903,60.0,Optimal
2026-08-01 02:30:01,1,Gynura Aurantiaca,1499,78.0,Optimal
2026-08-01 02:30:01,2,Tradescantia Zebrina,1380,83.0,Soggy
2026-08-01 02:30:01,3,Monstera Deliciosa,1919,60.0,Optimal
2026-08-01 03:00:00,3,Monstera Deliciosa,1914,60.0,Optimal
2026-08-01 03:00:00,2,Tradescantia Zebrina,1377,83.0,Soggy
2026-08-01 03:00:02,1,Gynura Aurantiaca,1501,78.0,Optimal
2026-08-01 03:30:00,2,Tradescantia Zebrina,1361,84.0,Soggy
2026-08-01 03:30:01,3,Monstera Deliciosa,1904,60.0,Optimal
2026-08-01 03:30:01,1,Gynura Aurantiaca,1498,78.0,Optimal
2026-08-01 04:00:01,2,Tradescantia Zebrina,1360,84.0,Soggy
2026-08-01 04:00:01,1,Gynura Aurantiaca,1508,77.0,Optimal
2026-08-01 04:00:02,3,Monstera Deliciosa,1907,60.0,Optimal
2026-08-01 04:30:01,2,Tradescantia Zebrina,1374,83.0,Soggy
2026-08-01 04:30:01,1,Gynura Aurantiaca,1508,77.0,Optimal
2026-08-01 04:30:02,3,Monstera Deliciosa,1922,59.0,Optimal
2026-08-01 05:00:00,2,Tradescantia Zebrina,1373,83.0,Soggy
2026-08-01 05:00:00,1,Gynura Aurantiaca,1491,78.0,Optimal
2026-08-01 05:00:01,3,Monstera Deliciosa,1893,61.0,Optimal
2026-08-01 05:30:00,3,Monstera Deliciosa,1911,60.0,Optimal
2026-08-01 05:30:00,2,Tradescantia Zebrina,1372,83.0,Soggy
2026-08-01 05:30:01,1,Gynura Aurantiaca,1497,78.0,Optimal
2026-08-01 06:00:01,2,Tradescantia Zebrina,1386,83.0,Soggy
2026-08-01 06:00:01,1,Gynura Aurantiaca,1493,78.0,Optimal
2026-08-01 06:00:01,3,Monstera Deliciosa,1916,60.0,Optimal
2026-08-01 06:30:02,1,Gynura Aurantiaca,1505,78.0,Optimal
2026-08-01 06:30:02,2,Tradescantia Zebrina,1360,84.0,Soggy
2026-08-01 06:30:02,3,Monstera Deliciosa,1918,60.0,Optimal
2026-08-01 07:00:00,3,Monstera Deliciosa,1898,60.0,Optimal
2026-08-01 07:00:01,1,Gynura Aurantiaca,1514,77.0,Optimal
2026-08-01 07:00:01,2,Tradescantia Zebrina,1383,83.0,Soggy
2026-08-01 07:30:00,1,Gynura Aurantiaca,1509,77.0,Optimal
2026-08-01 07:30:01,2,Tradescantia Zebrina,1363,84.0,Soggy
2026-08-01 07:30:01,3,Monstera Deliciosa,1908,60.0,Optimal
2026-08-01 08:00:01,1,Gynura Aurantiaca,1520,77.0,Optimal
2026-08-01 08:00:01,2,Tradescantia Zebrina,1373,83.0,Soggy
2026-08-01 08:00:01,3,Monstera Deliciosa,1890,61.0,Optimal
2026-08-01 08:30:01,3,Monstera Deliciosa,1898,60.0,Optimal
2026-08-01 08:30:01,2,Tradescantia Zebrina,1376,83.0,Soggy
2026-08-01 08:30:01,1,Gynura Aurantiaca,1515,77.0,Optimal
2026-08-01 09:00:01,1,Gynura Aurantiaca,1507,77.0,Optimal
2026-08-01 09:00:01,2,Tradescantia Zebrina,1360,84.0,Soggy
2026-08-01 09:00:01,3,Monstera Deliciosa,1917,60.0,Optimal
2026-08-01 09:30:01,2,Tradescantia Zebrina,1373,83.0,Soggy
2026-08-01 09:30:01,1,Gynura Aurantiaca,1508,77.0,Optimal
2026-08-01 09:30:02,3,Monstera Deliciosa,1913,60.0,Optimal
2026-08-01 10:00:01,1,Gynura Aurantiaca,1519,77.0,Optimal
2026-08-01 10:00:02,2,Tradescantia Zebrina,1380,83.0,Soggy
2026-08-01 10:00:02,3,Monstera Deliciosa,1904,60.0,Optimal
2026-08-01 10:30:01,2,Tradescantia Zebrina,1377,83.0,Soggy
2026-08-01 10:30:01,1,Gynura Aurantiaca,1509,77.0,Optimal
2026-08-01 10:30:02,3,Monstera Deliciosa,1886,61.0,Optimal
2026-08-01 11:00:00,2,Tradescantia Zebrina,1382,83.0,Soggy
2026-08-01 11:00:01,1,Gynura Aurantiaca,1535,76.0,Optimal
2026-08-01 11:00:02,3,Monstera Deliciosa,1899,60.0,Optimal
2026-08-01 11:30:01,1,Gynura Aurantiaca,1519,77.0,Optimal
2026-08-01 11:30:01,3,Monstera Deliciosa,1899,60.0,Optimal
2026-08-01 11:30:01,2,Tradescantia Zebrina,1387,83.0,Soggy
2026-08-01 12:00:00,3,Monstera Deliciosa,1897,61.0,Optimal
2026-08-01 12:00:01,1,Gynura Aurantiaca,1535,76.0,Optimal
2026-08-01 12:00:01,2,Tradescantia Zebrina,1383,83.0,Soggy
2026-08-01 12:30:00,1,Gynura Aurantiaca,1508,77.0,Optimal
2026-08-01 12:30:01,3,Monstera Deliciosa,1902,60.0,Optimal
2026-08-01 12:30:01,2,Tradescantia Zebrina,1406,82.0,Soggy
2026-08-01 13:00:01,2,Tradescantia Zebrina,1383,83.0,Soggy
2026-08-01 13:00:01,1,Gynura Aurantiaca,1527,77.0,Optimal
2026-08-01 13:00:01,3,Monstera Deliciosa,1904,60.0,Optimal
2026-08-01 13:30:01,3,Monstera Deliciosa,1904,60.0,Optimal
2026-08-01 13:30:01,2,Tradescantia Zebrina,1413,82.0,Soggy
2026-08-01 13:30:01,1,Gynura Aurantiaca,1535,76.0,Optimal
2026-08-01 14:00:01,1,Gynura Aurantiaca,1535,76.0,Optimal
2026-08-01 14:00:01,3,Monstera Deliciosa,1894,61.0,Optimal
2026-08-01 14:00:02,2,Tradescantia Zebrina,1402,82.0,Soggy
2026-08-01 14:30:01,2,Tradescantia Zebrina,1415,81.0,Soggy
2026-08-01 14:30:01,1,Gynura Aurantiaca,1535,76.0,Optimal
2026-08-01 14:30:01,3,Monstera Deliciosa,1903,60.0,Optimal
2026-08-01 15:00:00,1,Gynura Aurantiaca,1523,77.0,Optimal
2026-08-01 15:00:00,2,Tradescantia Zebrina,1408,82.0,Soggy
2026-08-01 15:00:01,3,Monstera Deliciosa,1883,61.0,Optimal
2026-08-01 15:30:01,1,Gynura Aurantiaca,1535,76.0,Optimal
2026-08-01 15:30:01,2,Tradescantia Zebrina,1422,81.0,Soggy
2026-08-01 15:30:01,3,Monstera Deliciosa,1899,60.0,Optimal
2026-08-01 16:00:01,2,Tradescantia Zebrina,1415,81.0,Soggy
2026-08-01 16:00:01,3,Monstera Deliciosa,1898,60.0,Optimal
2026-08-01 16:00:01,1,Gynura Aurantiaca,1531,76.0,Optimal
2026-08-01 16:30:01,1,Gynura Aurantiaca,1530,76.0,Optimal
2026-08-01 16:30:01,2,Tradescantia Zebrina,1420,81.0,Soggy
2026-08-01 16:30:01,3,Monstera Deliciosa,1902,60.0,Optimal
2026-08-01 17:00:01,2,Tradescantia Zebrina,1411,82.0,Soggy
2026-08-01 17:00:01,1,Gynura Aurantiaca,1533,76.0,Optimal
2026-08-01 17:00:02,3,Monstera Deliciosa,1884,61.0,Optimal
2026-08-01 17:30:01,1,Gynura Aurantiaca,1535,76.0,Optimal
2026-08-01 17:30:01,2,Tradescantia Zebrina,1398,82.0,Soggy
2026-08-01 17:30:01,3,Monstera Deliciosa,1888,61.0,Optimal
2026-08-01 18:00:00,2,Tradescantia Zebrina,1415,81.0,Soggy
2026-08-01 18:00:01,3,Monstera Deliciosa,1906,60.0,Optimal
2026-08-01 18:00:01,1,Gynura Aurantiaca,1552,76.0,Optimal
2026-08-01 18:30:01,1,Gynura Aurantiaca,1563,75.0,Optimal
2026-08-01 18:30:01,2,Tradescantia Zebrina,1395,82.0,Soggy
2026-08-01 18:30:01,3,Monstera Deliciosa,1904,60.0,Optimal
2026-08-01 19:00:00,3,Monstera Deliciosa,1885,61.0,Optimal
2026-08-01 19:00:01,1,Gynura Aurantiaca,1574,75.0,Optimal
2026-08-01 19:00:01,2,Tradescantia Zebrina,1426,81.0,Soggy
2026-08-01 19:30:00,2,Tradescantia Zebrina,1413,82.0,Soggy
2026-08-01 19:30:01,1,Gynura Aurantiaca,1578,74.0,Optimal
2026-08-01 19:30:01,3,Monstera Deliciosa,1883,61.0,Optimal
2026-08-01 20:00:02,1,Gynura Aurantiaca,1572,75.0,Optimal
2026-08-01 20:00:03,3,Monstera Deliciosa,1847,63.0,Optimal
2026-08-01 20:00:03,2,Tradescantia Zebrina,1413,82.0,Soggy
2026-08-01 20:30:01,1,Gynura Aurantiaca,1584,74.0,Optimal
2026-08-01 20:30:01,3,Monstera Deliciosa,1869,62.0,Optimal
2026-08-01 20:30:01,2,Tradescantia Zebrina,1414,82.0,Soggy
2026-08-01 21:00:01,1,Gynura Aurantiaca,1583,74.0,Optimal
2026-08-01 21:00:01,2,Tradescantia Zebrina,1421,81.0,Soggy
2026-08-01 21:00:01,3,Monstera Deliciosa,1867,62.0,Optimal
2026-08-01 21:30:00,1,Gynura Aurantiaca,1600,73.0,Optimal
2026-08-01 21:30:00,3,Monstera Deliciosa,1859,62.0,Optimal
2026-08-01 21:30:01,2,Tradescantia Zebrina,1413,82.0,Soggy
2026-08-01 22:00:00,1,Gynura Aurantiaca,1591,74.0,Optimal
2026-08-01 22:00:01,3,Monstera Deliciosa,1886,61.0,Optimal
2026-08-01 22:00:01,2,Tradescantia Zebrina,1408,82.0,Soggy
2026-08-01 22:30:00,1,Gynura Aurantiaca,1603,73.0,Optimal
2026-08-01 22:30:00,2,Tradescantia Zebrina,1422,81.0,Soggy
2026-08-01 22:30:01,3,Monstera Deliciosa,1874,62.0,Optimal
2026-08-01 23:00:00,3,Monstera Deliciosa,1867,62.0,Optimal
2026-08-01 23:00:01,2,Tradescantia Zebrina,1427,81.0,Soggy
2026-08-01 23:00:01,1,Gynura Aurantiaca,1591,74.0,Optimal
2026-08-01 23:30:01,3,Monstera Deliciosa,1883,61.0,Optimal
2026-08-01 23:30:01,2,Tradescantia Zebrina,1429,81.0,Soggy
2026-08-01 23:30:01,1,Gynura Aurantiaca,1585,74.0,Optimal
2026-08-02 00:00:00,1,Gynura Aurantiaca,1589,74.0,Optimal
2026-08-02 00:00:01,3,Monstera Deliciosa,1882,61.0,Optimal
2026-08-02 00:00:01,2,Tradescantia Zebrina,1418,81.0,Soggy
2026-08-02 00:30:00,3,Monstera Deliciosa,1873,62.0,Optimal
2026-08-02 00:30:00,2,Tradescantia Zebrina,1431,81.0,Soggy
2026-08-02 00:30:01,1,Gynura Aurantiaca,1603,73.0,Optimal
2026-08-02 01:00:00,3,Monstera Deliciosa,1877,61.0,Optimal
2026-08-02 01:00:01,2,Tradescantia Zebrina,1430,81.0,Soggy
2026-08-02 01:00:01,1,Gynura Aurantiaca,1584,74.0,Optimal
2026-08-02 01:30:00,1,Gynura Aurantiaca,1589,74.0,Optimal
2026-08-02 01:30:01,3,Monstera Deliciosa,1877,61.0,Optimal
2026-08-02 01:30:01,2,Tradescantia Zebrina,1413,82.0,Soggy
2026-08-02 02:00:00,1,Gynura Aurantiaca,1611,73.0,Optimal
2026-08-02 02:00:01,3,Monstera Deliciosa,1876,61.0,Optimal
2026-08-02 02:00:01,2,Tradescantia Zebrina,1424,81.0,Soggy
2026-08-02 02:30:00,3,Monstera Deliciosa,1866,62.0,Optimal
2026-08-02 02:30:00,2,Tradescantia Zebrina,1426,81.0,Soggy
2026-08-02 02:30:01,1,Gynura Aurantiaca,1599,73.0,Optimal
2026-08-02 03:00:00,3,Monstera Deliciosa,1869,62.0,Optimal
2026-08-02 03:00:01,2,Tradescantia Zebrina,1431,81.0,Soggy
2026-08-02 03:00:01,1,Gynura Aurantiaca,1594,74.0,Optimal
2026-08-02 03:30:00,3,Monstera Deliciosa,1856,62.0,Optimal
2026-08-02 03:30:01,1,Gynura Aurantiaca,1610,73.0,Optimal
2026-08-02 03:30:01,2,Tradescantia Zebrina,1413,82.0,Soggy
2026-08-02 04:00:00,2,Tradescantia Zebrina,1424,81.0,Soggy
2026-08-02 04:00:01,3,Monstera Deliciosa,1847,63.0,Optimal
2026-08-02 04:00:01,1,Gynura Aurantiaca,1593,74.0,Optimal
2026-08-02 04:30:01,2,Tradescantia Zebrina,1431,81.0,Soggy
2026-08-02 04:30:01,1,Gynura Aurantiaca,1622,72.0,Optimal
2026-08-02 04:30:01,3,Monstera Deliciosa,1869,62.0,Optimal
2026-08-02 05:00:01,3,Monstera Deliciosa,1877,61.0,Optimal
2026-08-02 05:00:01,1,Gynura Aurantiaca,1605,73.0,Optimal
2026-08-02 05:00:01,2,Tradescantia Zebrina,1449,80.0,Optimal
2026-08-02 05:30:00,2,Tradescantia Zebrina,1424,81.0,Soggy
2026-08-02 05:30:00,1,Gynura Aurantiaca,1616,73.0,Optimal
2026-08-02 05:30:01,3,Monstera Deliciosa,1876,61.0,Optimal
2026-08-02 06:00:01,2,Tradescantia Zebrina,1424,81.0,Soggy
2026-08-02 06:00:01,3,Monstera Deliciosa,1881,61.0,Optimal
2026-08-02 06:00:01,1,Gynura Aurantiaca,1616,73.0,Optimal
2026-08-02 06:30:01,1,Gynura Aurantiaca,1609,73.0,Optimal
2026-08-02 06:30:01,2,Tradescantia Zebrina,1442,80.0,Optimal
2026-08-02 06:30:01,3,Monstera Deliciosa,1887,61.0,Optimal
2026-08-02 07:00:00,2,Tradescantia Zebrina,1439,80.0,Optimal
2026-08-02 07:00:01,3,Monstera Deliciosa,1891,61.0,Optimal
2026-08-02 07:00:01,1,Gynura Aurantiaca,1611,73.0,Optimal
2026-08-02 07:30:01,2,Tradescantia Zebrina,1445,80.0,Optimal
2026-08-02 07:30:01,3,Monstera Deliciosa,1871,62.0,Optimal
2026-08-02 07:30:01,1,Gynura Aurantiaca,1625,72.0,Optimal
2026-08-02 08:00:01,1,Gynura Aurantiaca,1613,73.0,Optimal
2026-08-02 08:00:01,3,Monstera Deliciosa,1894,61.0,Optimal
2026-08-02 08:00:01,2,Tradescantia Zebrina,1441,80.0,Optimal
2026-08-02 08:30:01,3,Monstera Deliciosa,1887,61.0,Optimal
2026-08-02 08:30:01,2,Tradescantia Zebrina,1434,81.0,Soggy
2026-08-02 08:30:01,1,Gynura Aurantiaca,1627,72.0,Optimal
2026-08-02 09:00:01,3,Monstera Deliciosa,1879,61.0,Optimal
2026-08-02 09:00:02,2,Tradescantia Zebrina,1435,81.0,Soggy
2026-08-02 09:00:02,1,Gynura Aurantiaca,1613,73.0,Optimal
2026-08-02 09:30:00,3,Monstera Deliciosa,1893,61.0,Optimal
2026-08-02 09:30:01,1,Gynura Aurantiaca,1645,71.0,Optimal
2026-08-02 09:30:01,2,Tradescantia Zebrina,1456,80.0,Optimal
2026-08-02 10:00:00,2,Tradescantia Zebrina,1446,80.0,Optimal
2026-08-02 10:00:01,3,Monstera Deliciosa,1872,62.0,Optimal
2026-08-02 10:00:01,1,Gynura Aurantiaca,1638,72.0,Optimal
2026-08-02 10:30:01,2,Tradescantia Zebrina,1443,80.0,Optimal
2026-08-02 10:30:01,1,Gynura Aurantiaca,1647,71.0,Optimal
2026-08-02 10:30:02,3,Monstera Deliciosa,1872,62.0,Optimal
2026-08-02 11:00:01,1,Gynura Aurantiaca,1625,72.0,Optimal
2026-08-02 11:00:01,3,Monstera Deliciosa,1878,61.0,Optimal
2026-08-02 11:00:01,2,Tradescantia Zebrina,1451,80.0,Optimal
2026-08-02 11:30:01,2,Tradescantia Zebrina,1437,81.0,Soggy
2026-08-02 11:30:01,1,Gynura Aurantiaca,1648,71.0,Optimal
2026-08-02 11:30:02,3,Monstera Deliciosa,1887,61.0,Optimal
2026-08-02 12:00:01,1,Gynura Aurantiaca,1631,72.0,Optimal
2026-08-02 12:00:01,2,Tradescantia Zebrina,1456,80.0,Optimal
2026-08-02 12:00:01,3,Monstera Deliciosa,1898,60.0,Optimal
2026-08-02 12:30:00,2,Tradescantia Zebrina,1440,80.0,Optimal
2026-08-02 12:30:00,1,Gynura Aurantiaca,1639,72.0,Optimal
2026-08-02 12:30:01,3,Monstera Deliciosa,1872,62.0,Optimal
2026-08-02 13:00:01,1,Gynura Aurantiaca,1653,71.0,Optimal
2026-08-02 13:00:01,2,Tradescantia Zebrina,1455,80.0,Optimal
2026-08-02 13:00:01,3,Monstera Deliciosa,1895,61.0,Optimal
2026-08-02 13:30:01,1,Gynura Aurantiaca,1634,72.0,Optimal
2026-08-02 13:30:01,2,Tradescantia Zebrina,1455,80.0,Optimal
2026-08-02 13:30:02,3,Monstera Deliciosa,1858,62.0,Optimal
2026-08-02 14:00:01,2,Tradescantia Zebrina,1459,80.0,Optimal
2026-08-02 14:00:01,3,Monstera Deliciosa,1885,61.0,Optimal
2026-08-02 14:00:01,1,Gynura Aurantiaca,1648,71.0,Optimal
2026-08-02 14:30:00,3,Monstera Deliciosa,1881,61.0,Optimal
2026-08-02 14:30:01,1,Gynura Aurantiaca,1647,71.0,Optimal
2026-08-02 14:30:01,2,Tradescantia Zebrina,1454,80.0,Optimal
2026-08-02 15:00:01,3,Monstera Deliciosa,1892,61.0,Optimal
2026-08-02 15:00:01,1,Gynura Aurantiaca,1656,71.0,Optimal
2026-08-02 15:00:01,2,Tradescantia Zebrina,1457,80.0,Optimal
2026-08-02 15:30:03,1,Gynura Aurantiaca,1661,71.0,Optimal
2026-08-02 15:30:03,3,Monstera Deliciosa,1886,61.0,Optimal
2026-08-02 15:30:04,2,Tradescantia Zebrina,1475,79.0,Optimal
2026-08-02 16:00:01,1,Gynura Aurantiaca,1648,71.0,Optimal
2026-08-02 16:00:02,3,Monstera Deliciosa,1877,61.0,Optimal
2026-08-02 16:00:03,2,Tradescantia Zebrina,1469,79.0,Optimal
2026-08-02 16:30:00,1,Gynura Aurantiaca,1651,71.0,Optimal
2026-08-02 16:30:01,2,Tradescantia Zebrina,1456,80.0,Optimal
2026-08-02 16:30:01,3,Monstera Deliciosa,1869,62.0,Optimal
2026-08-02 17:00:00,1,Gynura Aurantiaca,1665,71.0,Optimal
2026-08-02 17:00:01,2,Tradescantia Zebrina,1463,79.0,Optimal
2026-08-02 17:00:01,3,Monstera Deliciosa,1873,62.0,Optimal
2026-08-02 17:30:00,2,Tradescantia Zebrina,1471,79.0,Optimal
2026-08-02 17:30:00,1,Gynura Aurantiaca,1648,71.0,Optimal
2026-08-02 17:30:01,3,Monstera Deliciosa,1872,62.0,Optimal
2026-08-02 18:00:01,2,Tradescantia Zebrina,1477,79.0,Optimal
2026-08-02 18:00:01,3,Monstera Deliciosa,1867,62.0,Optimal
2026-08-02 18:00:01,1,Gynura Aurantiaca,1655,71.0,Optimal
2026-08-02 18:30:00,3,Monstera Deliciosa,1871,62.0,Optimal
2026-08-02 18:30:00,1,Gynura Aurantiaca,1671,70.0,Optimal
2026-08-02 18:30:01,2,Tradescantia Zebrina,1478,79.0,Optimal
2026-08-02 19:00:01,3,Monstera Deliciosa,1882,61.0,Optimal
2026-08-02 19:00:01,1,Gynura Aurantiaca,1675,70.0,Optimal
2026-08-02 19:00:02,2,Tradescantia Zebrina,1479,79.0,Optimal
2026-08-02 19:30:01,3,Monstera Deliciosa,1879,61.0,Optimal
2026-08-02 20:00:06,2,Tradescantia Zebrina,1474,79.0,Optimal
2026-08-02 20:00:06,1,Gynura Aurantiaca,1681,70.0,Optimal
2026-08-02 20:00:10,3,Monstera Deliciosa,1875,61.0,Optimal
2026-08-02 20:30:01,3,Monstera Deliciosa,1857,62.0,Optimal
2026-08-02 20:30:01,1,Gynura Aurantiaca,1657,71.0,Optimal
2026-08-02 20:30:01,2,Tradescantia Zebrina,1487,78.0,Optimal
2026-08-02 21:00:00,3,Monstera Deliciosa,1870,62.0,Optimal
2026-08-02 21:00:01,2,Tradescantia Zebrina,1478,79.0,Optimal
2026-08-02 21:00:01,1,Gynura Aurantiaca,1667,71.0,Optimal
2026-08-02 21:30:00,3,Monstera Deliciosa,1852,62.0,Optimal
2026-08-02 21:30:01,1,Gynura Aurantiaca,1688,70.0,Optimal
2026-08-02 21:30:01,2,Tradescantia Zebrina,1474,79.0,Optimal
2026-08-02 22:00:00,3,Monstera Deliciosa,1895,61.0,Optimal
2026-08-02 22:00:01,2,Tradescantia Zebrina,1487,78.0,Optimal
2026-08-02 22:00:01,1,Gynura Aurantiaca,1670,70.0,Optimal
2026-08-02 22:30:00,1,Gynura Aurantiaca,1675,70.0,Optimal
2026-08-02 22:30:01,3,Monstera Deliciosa,1722,68.0,Optimal
2026-08-02 22:30:01,2,Tradescantia Zebrina,1488,78.0,Optimal
2026-08-02 23:00:00,2,Tradescantia Zebrina,1494,78.0,Optimal
2026-08-02 23:00:01,3,Monstera Deliciosa,1706,69.0,Optimal
2026-08-02 23:00:01,1,Gynura Aurantiaca,1691,69.0,Optimal
2026-08-02 23:30:00,3,Monstera Deliciosa,1690,70.0,Optimal
2026-08-02 23:30:01,2,Tradescantia Zebrina,1479,79.0,Optimal
2026-08-02 23:30:02,1,Gynura Aurantiaca,1685,70.0,Optimal
2026-08-03 00:00:01,3,Monstera Deliciosa,1695,69.0,Optimal
2026-08-03 00:00:01,1,Gynura Aurantiaca,1671,70.0,Optimal
2026-08-03 00:00:02,2,Tradescantia Zebrina,1506,78.0,Optimal
2026-08-03 00:30:01,1,Gynura Aurantiaca,1697,69.0,Optimal
2026-08-03 00:30:02,2,Tradescantia Zebrina,1502,78.0,Optimal
2026-08-03 00:30:02,3,Monstera Deliciosa,1709,69.0,Optimal
2026-08-03 01:00:01,1,Gynura Aurantiaca,1701,69.0,Optimal
2026-08-03 01:00:02,2,Tradescantia Zebrina,1482,79.0,Optimal
2026-08-03 01:00:02,3,Monstera Deliciosa,1684,70.0,Optimal
2026-08-03 01:30:00,1,Gynura Aurantiaca,1689,70.0,Optimal
2026-08-03 01:30:01,2,Tradescantia Zebrina,1505,78.0,Optimal
2026-08-03 01:30:01,3,Monstera Deliciosa,1687,70.0,Optimal
2026-08-03 02:00:00,1,Gynura Aurantiaca,1695,69.0,Optimal
2026-08-03 02:00:01,3,Monstera Deliciosa,1671,70.0,Optimal
2026-08-03 02:00:02,2,Tradescantia Zebrina,1499,78.0,Optimal
2026-08-03 02:30:01,1,Gynura Aurantiaca,1701,69.0,Optimal
2026-08-03 02:30:01,3,Monstera Deliciosa,1680,70.0,Optimal
2026-08-03 02:30:02,2,Tradescantia Zebrina,1511,77.0,Optimal
2026-08-03 03:00:01,3,Monstera Deliciosa,1688,70.0,Optimal
2026-08-03 03:00:01,1,Gynura Aurantiaca,1715,68.0,Optimal
2026-08-03 03:00:01,2,Tradescantia Zebrina,1485,78.0,Optimal
2026-08-03 03:30:00,1,Gynura Aurantiaca,1711,69.0,Optimal
2026-08-03 03:30:00,2,Tradescantia Zebrina,1505,78.0,Optimal
2026-08-03 03:30:02,3,Monstera Deliciosa,1674,70.0,Optimal
2026-08-03 04:00:00,1,Gynura Aurantiaca,1701,69.0,Optimal
2026-08-03 04:00:01,2,Tradescantia Zebrina,1510,77.0,Optimal
2026-08-03 04:00:02,3,Monstera Deliciosa,1681,70.0,Optimal
2026-08-03 04:30:00,1,Gynura Aurantiaca,1718,68.0,Optimal
2026-08-03 04:30:01,2,Tradescantia Zebrina,1522,77.0,Optimal
2026-08-03 04:30:01,3,Monstera Deliciosa,1678,70.0,Optimal
2026-08-03 05:00:00,2,Tradescantia Zebrina,1500,78.0,Optimal
2026-08-03 05:00:00,3,Monstera Deliciosa,1686,70.0,Optimal
2026-08-03 05:00:01,1,Gynura Aurantiaca,1721,68.0,Optimal
2026-08-03 05:30:00,2,Tradescantia Zebrina,1522,77.0,Optimal
2026-08-03 05:30:01,3,Monstera Deliciosa,1674,70.0,Optimal
2026-08-03 05:30:01,1,Gynura Aurantiaca,1719,68.0,Optimal
2026-08-03 06:00:00,1,Gynura Aurantiaca,1726,68.0,Optimal
2026-08-03 06:00:01,2,Tradescantia Zebrina,1503,78.0,Optimal
2026-08-03 06:30:00,3,Monstera Deliciosa,1674,70.0,Optimal
2026-08-03 06:30:01,1,Gynura Aurantiaca,1712,69.0,Optimal
2026-08-03 06:30:01,2,Tradescantia Zebrina,1517,77.0,Optimal
2026-08-03 07:00:00,2,Tradescantia Zebrina,1514,77.0,Optimal
2026-08-03 07:00:01,3,Monstera Deliciosa,1670,70.0,Optimal
2026-08-03 07:00:01,1,Gynura Aurantiaca,1731,68.0,Optimal
2026-08-03 07:30:01,1,Gynura Aurantiaca,1734,68.0,Optimal
2026-08-03 07:30:01,2,Tradescantia Zebrina,1510,77.0,Optimal
2026-08-03 07:30:02,3,Monstera Deliciosa,1667,71.0,Optimal
2026-08-03 08:00:01,3,Monstera Deliciosa,1682,70.0,Optimal
2026-08-03 08:00:01,1,Gynura Aurantiaca,1747,67.0,Optimal
2026-08-03 08:00:01,2,Tradescantia Zebrina,1525,77.0,Optimal
2026-08-03 08:30:00,1,Gynura Aurantiaca,1742,67.0,Optimal
2026-08-03 08:30:01,2,Tradescantia Zebrina,1522,77.0,Optimal
2026-08-03 08:30:02,3,Monstera Deliciosa,1679,70.0,Optimal
2026-08-03 09:00:00,1,Gynura Aurantiaca,1712,69.0,Optimal
2026-08-03 09:00:01,3,Monstera Deliciosa,1691,69.0,Optimal
2026-08-03 09:00:02,2,Tradescantia Zebrina,1535,76.0,Optimal
2026-08-03 09:30:00,1,Gynura Aurantiaca,1734,68.0,Optimal
2026-08-03 09:30:01,2,Tradescantia Zebrina,1535,76.0,Optimal
2026-08-03 09:30:02,3,Monstera Deliciosa,1671,70.0,Optimal
2026-08-03 10:00:01,1,Gynura Aurantiaca,1743,67.0,Optimal
2026-08-03 10:00:01,2,Tradescantia Zebrina,1554,75.0,Optimal
2026-08-03 10:00:02,3,Monstera Deliciosa,1662,71.0,Optimal
2026-08-03 10:30:01,2,Tradescantia Zebrina,1527,77.0,Optimal
2026-08-03 10:30:01,1,Gynura Aurantiaca,1722,68.0,Optimal
2026-08-03 10:30:02,3,Monstera Deliciosa,1677,70.0,Optimal
2026-08-03 11:00:00,1,Gynura Aurantiaca,1728,68.0,Optimal
2026-08-03 11:00:01,2,Tradescantia Zebrina,1554,75.0,Optimal
2026-08-03 11:00:02,3,Monstera Deliciosa,1666,71.0,Optimal
2026-08-03 11:30:00,2,Tradescantia Zebrina,1535,76.0,Optimal
2026-08-03 11:30:01,3,Monstera Deliciosa,1673,70.0,Optimal
2026-08-03 11:30:01,1,Gynura Aurantiaca,1734,68.0,Optimal
2026-08-03 12:00:00,2,Tradescantia Zebrina,1535,76.0,Optimal
2026-08-03 12:00:01,3,Monstera Deliciosa,1690,70.0,Optimal
2026-08-03 12:00:01,1,Gynura Aurantiaca,1731,68.0,Optimal
2026-08-03 12:30:01,2,Tradescantia Zebrina,1566,75.0,Optimal
2026-08-03 12:30:01,3,Monstera Deliciosa,1693,69.0,Optimal
2026-08-03 12:30:01,1,Gynura Aurantiaca,1746,67.0,Optimal
2026-08-03 13:00:01,2,Tradescantia Zebrina,1555,75.0,Optimal
2026-08-03 13:00:01,1,Gynura Aurantiaca,1746,67.0,Optimal
2026-08-03 13:00:02,3,Monstera Deliciosa,1650,71.0,Optimal
2026-08-03 13:30:00,2,Tradescantia Zebrina,1581,74.0,Optimal
2026-08-03 13:30:01,1,Gynura Aurantiaca,1744,67.0,Optimal
2026-08-03 13:30:02,3,Monstera Deliciosa,1680,70.0,Optimal
2026-08-03 14:00:01,2,Tradescantia Zebrina,1599,73.0,Optimal
2026-08-03 14:00:01,1,Gynura Aurantiaca,1776,66.0,Optimal
2026-08-03 14:00:01,3,Monstera Deliciosa,1679,70.0,Optimal
2026-08-03 14:30:01,3,Monstera Deliciosa,1669,70.0,Optimal
2026-08-03 14:30:01,1,Gynura Aurantiaca,1777,66.0,Optimal
2026-08-03 14:30:02,2,Tradescantia Zebrina,1582,74.0,Optimal
2026-08-03 15:00:01,3,Monstera Deliciosa,1686,70.0,Optimal
2026-08-03 15:00:01,2,Tradescantia Zebrina,1580,74.0,Optimal
2026-08-03 15:00:02,1,Gynura Aurantiaca,1776,66.0,Optimal
2026-08-03 15:30:01,3,Monstera Deliciosa,1680,70.0,Optimal
2026-08-03 15:30:01,2,Tradescantia Zebrina,1587,74.0,Optimal
2026-08-03 15:30:01,1,Gynura Aurantiaca,1775,66.0,Optimal
2026-08-03 16:00:01,1,Gynura Aurantiaca,1776,66.0,Optimal
2026-08-03 16:00:01,3,Monstera Deliciosa,1691,69.0,Optimal
2026-08-03 16:00:01,2,Tradescantia Zebrina,1574,75.0,Optimal
2026-08-03 16:30:01,1,Gynura Aurantiaca,1796,65.0,Optimal
2026-08-03 16:30:01,2,Tradescantia Zebrina,1599,73.0,Optimal
2026-08-03 16:30:02,3,Monstera Deliciosa,1664,71.0,Optimal
2026-08-03 17:00:01,1,Gynura Aurantiaca,1785,65.0,Optimal
2026-08-03 17:00:01,3,Monstera Deliciosa,1670,70.0,Optimal
2026-08-03 17:00:01,2,Tradescantia Zebrina,1583,74.0,Optimal
2026-08-03 17:30:00,3,Monstera Deliciosa,1689,70.0,Optimal
2026-08-03 17:30:01,2,Tradescantia Zebrina,1589,74.0,Optimal
2026-08-03 17:30:01,1,Gynura Aurantiaca,1778,66.0,Optimal
2026-08-03 18:00:00,1,Gynura Aurantiaca,1790,65.0,Optimal
2026-08-03 18:00:01,3,Monstera Deliciosa,1680,70.0,Optimal
2026-08-03 18:00:01,2,Tradescantia Zebrina,1594,74.0,Optimal
2026-08-03 18:30:00,2,Tradescantia Zebrina,1600,73.0,Optimal
2026-08-03 18:30:01,1,Gynura Aurantiaca,1792,65.0,Optimal
2026-08-03 18:30:01,3,Monstera Deliciosa,1696,69.0,Optimal
2026-08-03 19:00:01,2,Tradescantia Zebrina,1586,74.0,Optimal
2026-08-03 19:00:01,3,Monstera Deliciosa,1682,70.0,Optimal
2026-08-03 19:00:02,1,Gynura Aurantiaca,1808,64.0,Optimal
2026-08-03 19:30:01,2,Tradescantia Zebrina,1586,74.0,Optimal
2026-08-03 19:30:01,3,Monstera Deliciosa,1669,70.0,Optimal
2026-08-03 19:30:01,1,Gynura Aurantiaca,1839,63.0,Optimal
2026-08-03 20:00:00,2,Tradescantia Zebrina,1601,73.0,Optimal
2026-08-03 20:00:01,1,Gynura Aurantiaca,1837,63.0,Optimal
2026-08-03 20:00:01,3,Monstera Deliciosa,1667,71.0,Optimal
2026-08-03 20:30:00,1,Gynura Aurantiaca,1837,63.0,Optimal
2026-08-03 20:30:01,2,Tradescantia Zebrina,1616,73.0,Optimal
2026-08-03 20:30:01,3,Monstera Deliciosa,1646,71.0,Optimal
2026-08-03 21:00:01,2,Tradescantia Zebrina,1623,72.0,Optimal
2026-08-03 21:00:01,3,Monstera Deliciosa,1659,71.0,Optimal
2026-08-03 21:00:02,1,Gynura Aurantiaca,1867,62.0,Optimal
2026-08-03 21:30:00,2,Tradescantia Zebrina,1630,72.0,Optimal
2026-08-03 21:30:02,3,Monstera Deliciosa,1674,70.0,Optimal
2026-08-03 21:30:03,1,Gynura Aurantiaca,1859,62.0,Optimal
2026-08-03 22:00:00,2,Tradescantia Zebrina,1650,71.0,Optimal
2026-08-03 22:00:01,1,Gynura Aurantiaca,1874,62.0,Optimal
2026-08-03 22:00:01,3,Monstera Deliciosa,1649,71.0,Optimal
2026-08-03 22:30:01,2,Tradescantia Zebrina,1639,72.0,Optimal
2026-08-03 22:30:01,3,Monstera Deliciosa,1652,71.0,Optimal
2026-08-03 22:30:01,1,Gynura Aurantiaca,1872,62.0,Optimal
2026-08-03 23:00:00,1,Gynura Aurantiaca,1881,61.0,Optimal
2026-08-03 23:00:01,2,Tradescantia Zebrina,1639,72.0,Optimal
2026-08-03 23:00:01,3,Monstera Deliciosa,1651,71.0,Optimal
2026-08-03 23:30:00,2,Tradescantia Zebrina,1647,71.0,Optimal
2026-08-03 23:30:01,1,Gynura Aurantiaca,1897,61.0,Optimal
2026-08-03 23:30:01,3,Monstera Deliciosa,1643,72.0,Optimal
2026-08-04 00:00:00,2,Tradescantia Zebrina,2099,52.0,Optimal
2026-08-04 00:00:01,3,Monstera Deliciosa,1631,72.0,Optimal
2026-08-04 00:00:01,1,Gynura Aurantiaca,2246,45.0,Moist
2026-08-04 00:30:00,3,Monstera Deliciosa,1655,71.0,Optimal
2026-08-04 00:30:01,1,Gynura Aurantiaca,2254,45.0,Moist
2026-08-04 00:30:01,2,Tradescantia Zebrina,2096,52.0,Optimal
2026-08-04 01:00:01,3,Monstera Deliciosa,1645,71.0,Optimal
2026-08-04 01:00:01,1,Gynura Aurantiaca,2261,45.0,Moist
2026-08-04 01:00:01,2,Tradescantia Zebrina,2103,52.0,Optimal
2026-08-04 01:30:00,2,Tradescantia Zebrina,2090,52.0,Optimal
2026-08-04 01:30:00,1,Gynura Aurantiaca,2242,46.0,Moist
2026-08-04 01:30:01,3,Monstera Deliciosa,1662,71.0,Optimal
2026-08-04 02:00:00,1,Gynura Aurantiaca,2251,45.0,Moist
2026-08-04 02:00:00,2,Tradescantia Zebrina,2095,52.0,Optimal
2026-08-04 02:00:02,3,Monstera Deliciosa,1666,71.0,Optimal
2026-08-04 02:30:00,1,Gynura Aurantiaca,2275,44.0,Moist
2026-08-04 02:30:01,2,Tradescantia Zebrina,2096,52.0,Optimal
2026-08-04 02:30:02,3,Monstera Deliciosa,1671,70.0,Optimal
2026-08-04 03:00:00,2,Tradescantia Zebrina,2109,51.0,Optimal
2026-08-04 03:00:01,1,Gynura Aurantiaca,2276,44.0,Moist
2026-08-04 03:00:01,3,Monstera Deliciosa,1654,71.0,Optimal
2026-08-04 03:30:00,2,Tradescantia Zebrina,2106,51.0,Optimal
2026-08-04 03:30:01,3,Monstera Deliciosa,1657,71.0,Optimal
2026-08-04 03:30:01,1,Gynura Aurantiaca,2267,44.0,Moist
2026-08-04 04:00:00,1,Gynura Aurantiaca,2275,44.0,Moist
2026-08-04 04:00:01,2,Tradescantia Zebrina,2106,51.0,Optimal
2026-08-04 04:00:01,3,Monstera Deliciosa,1667,71.0,Optimal
2026-08-04 04:30:01,3,Monstera Deliciosa,1659,71.0,Optimal
2026-08-04 04:30:01,1,Gynura Aurantiaca,2278,44.0,Moist
2026-08-04 04:30:01,2,Tradescantia Zebrina,2106,51.0,Optimal
2026-08-04 05:00:01,3,Monstera Deliciosa,1664,71.0,Optimal
2026-08-04 05:00:02,2,Tradescantia Zebrina,2089,52.0,Optimal
2026-08-04 05:00:03,1,Gynura Aurantiaca,2271,44.0,Moist
2026-08-04 05:30:01,2,Tradescantia Zebrina,2096,52.0,Optimal
2026-08-04 05:30:01,3,Monstera Deliciosa,1661,71.0,Optimal
2026-08-04 05:30:01,1,Gynura Aurantiaca,2282,44.0,Moist
2026-08-04 06:00:00,2,Tradescantia Zebrina,2112,51.0,Optimal
2026-08-04 06:00:01,3,Monstera Deliciosa,1679,70.0,Optimal
2026-08-04 06:00:01,1,Gynura Aurantiaca,2288,44.0,Moist
2026-08-04 06:30:00,2,Tradescantia Zebrina,2100,52.0,Optimal
2026-08-04 06:30:01,1,Gynura Aurantiaca,2287,44.0,Moist
2026-08-04 06:30:01,3,Monstera Deliciosa,1680,70.0,Optimal
2026-08-04 07:00:01,2,Tradescantia Zebrina,2128,50.0,Moist
2026-08-04 07:00:01,1,Gynura Aurantiaca,2288,44.0,Moist
2026-08-04 07:00:02,3,Monstera Deliciosa,1670,70.0,Optimal
2026-08-04 07:30:01,2,Tradescantia Zebrina,2105,51.0,Optimal
2026-08-04 07:30:01,3,Monstera Deliciosa,1685,70.0,Optimal
2026-08-04 07:30:01,1,Gynura Aurantiaca,2291,43.0,Moist
2026-08-04 08:00:00,2,Tradescantia Zebrina,2105,51.0,Optimal
2026-08-04 08:00:01,1,Gynura Aurantiaca,2277,44.0,Moist
2026-08-04 08:00:01,3,Monstera Deliciosa,1685,70.0,Optimal
2026-08-04 08:30:00,2,Tradescantia Zebrina,2111,51.0,Optimal
2026-08-04 08:30:02,1,Gynura Aurantiaca,2298,43.0,Moist
2026-08-04 08:30:04,3,Monstera Deliciosa,1679,70.0,Optimal
2026-08-04 09:00:01,2,Tradescantia Zebrina,2115,51.0,Optimal
2026-08-04 09:00:01,3,Monstera Deliciosa,1677,70.0,Optimal
2026-08-04 09:00:01,1,Gynura Aurantiaca,2306,43.0,Moist
2026-08-04 09:30:00,3,Monstera Deliciosa,1666,71.0,Optimal
2026-08-04 09:30:01,2,Tradescantia Zebrina,2112,51.0,Optimal
2026-08-04 09:30:02,1,Gynura Aurantiaca,2282,44.0,Moist
2026-08-04 10:00:01,1,Gynura Aurantiaca,2297,43.0,Moist
2026-08-04 10:00:01,3,Monstera Deliciosa,1667,71.0,Optimal
2026-08-04 10:00:02,2,Tradescantia Zebrina,2117,51.0,Optimal
2026-08-04 10:30:00,1,Gynura Aurantiaca,2318,42.0,Moist
2026-08-04 10:30:01,2,Tradescantia Zebrina,2149,50.0,Moist
2026-08-04 10:30:01,3,Monstera Deliciosa,1674,70.0,Optimal
2026-08-04 11:00:01,3,Monstera Deliciosa,1683,70.0,Optimal
2026-08-04 11:00:01,1,Gynura Aurantiaca,2307,43.0,Moist
2026-08-04 11:00:01,2,Tradescantia Zebrina,2123,51.0,Optimal
2026-08-04 11:30:01,2,Tradescantia Zebrina,2143,50.0,Moist
2026-08-04 11:30:01,3,Monstera Deliciosa,1682,70.0,Optimal
2026-08-04 11:30:01,1,Gynura Aurantiaca,2316,42.0,Moist
2026-08-04 12:00:01,3,Monstera Deliciosa,1667,71.0,Optimal
2026-08-04 12:00:01,1,Gynura Aurantiaca,2307,43.0,Moist
2026-08-04 12:00:01,2,Tradescantia Zebrina,2152,49.0,Moist
2026-08-04 12:30:00,2,Tradescantia Zebrina,2145,50.0,Moist
2026-08-04 12:30:02,1,Gynura Aurantiaca,2315,42.0,Moist
2026-08-04 12:30:02,3,Monstera Deliciosa,1667,71.0,Optimal
2026-08-04 13:00:03,2,Tradescantia Zebrina,2163,49.0,Moist
2026-08-04 13:00:03,1,Gynura Aurantiaca,2305,43.0,Moist
2026-08-04 13:00:03,3,Monstera Deliciosa,1662,71.0,Optimal
2026-08-04 13:30:01,2,Tradescantia Zebrina,2165,49.0,Moist
2026-08-04 13:30:01,3,Monstera Deliciosa,1677,70.0,Optimal
2026-08-04 13:30:01,1,Gynura Aurantiaca,2306,43.0,Moist
2026-08-04 14:00:00,1,Gynura Aurantiaca,2322,42.0,Moist
2026-08-04 14:00:01,2,Tradescantia Zebrina,2183,48.0,Moist
2026-08-04 14:00:02,3,Monstera Deliciosa,1668,70.0,Optimal
2026-08-04 14:30:01,2,Tradescantia Zebrina,2171,49.0,Moist
2026-08-04 14:30:01,1,Gynura Aurantiaca,2330,42.0,Moist
2026-08-04 14:30:02,3,Monstera Deliciosa,1677,70.0,Optimal
2026-08-04 15:00:01,3,Monstera Deliciosa,1689,70.0,Optimal
2026-08-04 15:00:01,2,Tradescantia Zebrina,2175,48.0,Moist
2026-08-04 15:00:01,1,Gynura Aurantiaca,2327,42.0,Moist
2026-08-04 15:30:00,3,Monstera Deliciosa,1679,70.0,Optimal
2026-08-04 15:30:01,2,Tradescantia Zebrina,2184,48.0,Moist
2026-08-04 15:30:01,1,Gynura Aurantiaca,2337,41.0,Moist
2026-08-04 16:00:00,3,Monstera Deliciosa,1662,71.0,Optimal
2026-08-04 16:00:01,2,Tradescantia Zebrina,2196,48.0,Moist
2026-08-04 16:00:01,1,Gynura Aurantiaca,2346,41.0,Moist
2026-08-04 16:30:01,1,Gynura Aurantiaca,2341,41.0,Moist
2026-08-04 16:30:01,3,Monstera Deliciosa,1685,70.0,Optimal
2026-08-04 16:30:01,2,Tradescantia Zebrina,2176,48.0,Moist
2026-08-04 17:00:01,2,Tradescantia Zebrina,2193,48.0,Moist
2026-08-04 17:00:01,1,Gynura Aurantiaca,2349,41.0,Moist
2026-08-04 17:00:01,3,Monstera Deliciosa,1690,70.0,Optimal
2026-08-04 17:30:01,3,Monstera Deliciosa,1681,70.0,Optimal
2026-08-04 17:30:01,1,Gynura Aurantiaca,2357,41.0,Moist
2026-08-04 17:30:01,2,Tradescantia Zebrina,2192,48.0,Moist
2026-08-04 18:00:01,3,Monstera Deliciosa,1695,69.0,Optimal
2026-08-04 18:00:01,2,Tradescantia Zebrina,2204,47.0,Moist
2026-08-04 18:00:01,1,Gynura Aurantiaca,2352,41.0,Moist
2026-08-04 18:30:01,1,Gynura Aurantiaca,2337,41.0,Moist
2026-08-04 18:30:01,3,Monstera Deliciosa,1678,70.0,Optimal
2026-08-04 18:30:02,2,Tradescantia Zebrina,2209,47.0,Moist
2026-08-04 19:00:01,3,Monstera Deliciosa,1657,71.0,Optimal
2026-08-04 19:00:01,2,Tradescantia Zebrina,2224,46.0,Moist
2026-08-04 19:00:01,1,Gynura Aurantiaca,2351,41.0,Moist
2026-08-04 19:30:01,1,Gynura Aurantiaca,2342,41.0,Moist
2026-08-04 19:30:01,2,Tradescantia Zebrina,2226,46.0,Moist
2026-08-04 19:30:01,3,Monstera Deliciosa,1682,70.0,Optimal
2026-08-04 20:00:01,2,Tradescantia Zebrina,2224,46.0,Moist
2026-08-04 20:00:01,1,Gynura Aurantiaca,2362,40.0,Moist
2026-08-04 20:00:02,3,Monstera Deliciosa,1680,70.0,Optimal
2026-08-04 20:30:01,1,Gynura Aurantiaca,2352,41.0,Moist
2026-08-04 20:30:01,2,Tradescantia Zebrina,2240,46.0,Moist
2026-08-04 20:30:01,3,Monstera Deliciosa,1667,71.0,Optimal
2026-08-04 21:00:01,2,Tradescantia Zebrina,2240,46.0,Moist
2026-08-04 21:00:01,1,Gynura Aurantiaca,2375,40.0,Moist
2026-08-04 21:00:02,3,Monstera Deliciosa,1677,70.0,Optimal
2026-08-04 21:30:00,1,Gynura Aurantiaca,2376,40.0,Moist
2026-08-04 21:30:01,2,Tradescantia Zebrina,2235,46.0,Moist
2026-08-04 21:30:01,3,Monstera Deliciosa,1667,71.0,Optimal
2026-08-04 22:00:01,3,Monstera Deliciosa,1665,71.0,Optimal
2026-08-04 22:00:01,1,Gynura Aurantiaca,2381,39.0,Moist
2026-08-04 22:00:01,2,Tradescantia Zebrina,2253,45.0,Moist
2026-08-04 22:30:01,2,Tradescantia Zebrina,2247,45.0,Moist
2026-08-04 22:30:02,1,Gynura Aurantiaca,2385,39.0,Moist
2026-08-04 23:00:01,3,Monstera Deliciosa,1665,71.0,Optimal
2026-08-04 23:00:01,2,Tradescantia Zebrina,2250,45.0,Moist
2026-08-04 23:00:02,1,Gynura Aurantiaca,2386,39.0,Moist
2026-08-04 23:30:01,1,Gynura Aurantiaca,2384,39.0,Moist
2026-08-04 23:30:01,2,Tradescantia Zebrina,2270,44.0,Moist
2026-08-04 23:30:01,3,Monstera Deliciosa,1669,70.0,Optimal
2026-08-05 00:00:01,3,Monstera Deliciosa,1664,71.0,Optimal
2026-08-05 00:00:01,1,Gynura Aurantiaca,2398,39.0,Moist
2026-08-05 00:00:02,2,Tradescantia Zebrina,2256,45.0,Moist
2026-08-05 00:30:01,3,Monstera Deliciosa,1666,71.0,Optimal
2026-08-05 00:30:02,1,Gynura Aurantiaca,2414,38.0,Moist
2026-08-05 00:30:02,2,Tradescantia Zebrina,2275,44.0,Moist
2026-08-05 01:00:01,3,Monstera Deliciosa,1680,70.0,Optimal
2026-08-05 01:00:01,1,Gynura Aurantiaca,2415,38.0,Moist
2026-08-05 01:00:01,2,Tradescantia Zebrina,2257,45.0,Moist
2026-08-05 01:30:00,3,Monstera Deliciosa,1679,70.0,Optimal
2026-08-05 01:30:01,1,Gynura Aurantiaca,2415,38.0,Moist
2026-08-05 01:30:01,2,Tradescantia Zebrina,2265,45.0,Moist
2026-08-05 02:00:01,3,Monstera Deliciosa,1676,70.0,Optimal
2026-08-05 02:00:01,1,Gynura Aurantiaca,2427,37.0,Moist
2026-08-05 02:00:01,2,Tradescantia Zebrina,2278,44.0,Moist
2026-08-05 02:30:01,2,Tradescantia Zebrina,2287,44.0,Moist
2026-08-05 02:30:01,1,Gynura Aurantiaca,2438,37.0,Moist
2026-08-05 02:30:02,3,Monstera Deliciosa,1655,71.0,Optimal
2026-08-05 03:00:01,1,Gynura Aurantiaca,2421,38.0,Moist
2026-08-05 03:00:02,2,Tradescantia Zebrina,2284,44.0,Moist
2026-08-05 03:00:02,3,Monstera Deliciosa,1669,70.0,Optimal
2026-08-05 03:30:01,1,Gynura Aurantiaca,2438,37.0,Moist
2026-08-05 03:30:02,2,Tradescantia Zebrina,2274,44.0,Moist
2026-08-05 03:30:02,3,Monstera Deliciosa,1667,71.0,Optimal
2026-08-05 04:00:03,1,Gynura Aurantiaca,2418,38.0,Moist
2026-08-05 04:00:03,2,Tradescantia Zebrina,2286,44.0,Moist
2026-08-05 04:00:04,3,Monstera Deliciosa,1668,70.0,Optimal
2026-08-05 04:30:00,1,Gynura Aurantiaca,2439,37.0,Moist
2026-08-05 04:30:01,2,Tradescantia Zebrina,2285,44.0,Moist
2026-08-05 04:30:02,3,Monstera Deliciosa,1662,71.0,Optimal
2026-08-05 05:00:01,1,Gynura Aurantiaca,2429,37.0,Moist
2026-08-05 05:00:01,3,Monstera Deliciosa,1663,71.0,Optimal
2026-08-05 05:00:01,2,Tradescantia Zebrina,2297,43.0,Moist
2026-08-05 05:30:00,1,Gynura Aurantiaca,2435,37.0,Moist
2026-08-05 05:30:01,2,Tradescantia Zebrina,2290,43.0,Moist
2026-08-05 05:30:01,3,Monstera Deliciosa,1679,70.0,Optimal
2026-08-05 06:00:00,2,Tradescantia Zebrina,2287,44.0,Moist
2026-08-05 06:00:00,1,Gynura Aurantiaca,2439,37.0,Moist
2026-08-05 06:00:01,3,Monstera Deliciosa,1667,71.0,Optimal
2026-08-05 06:30:00,2,Tradescantia Zebrina,2294,43.0,Moist
2026-08-05 06:30:01,1,Gynura Aurantiaca,2444,37.0,Moist
2026-08-05 06:30:02,3,Monstera Deliciosa,1675,70.0,Optimal
2026-08-05 07:00:01,2,Tradescantia Zebrina,2299,43.0,Moist
2026-08-05 07:00:01,3,Monstera Deliciosa,1690,70.0,Optimal
2026-08-05 07:00:01,1,Gynura Aurantiaca,2443,37.0,Moist
2026-08-05 07:30:01,1,Gynura Aurantiaca,2439,37.0,Moist
2026-08-05 07:30:01,2,Tradescantia Zebrina,2293,43.0,Moist
2026-08-05 07:30:03,3,Monstera Deliciosa,1677,70.0,Optimal
2026-08-05 08:00:00,2,Tradescantia Zebrina,2290,43.0,Moist
2026-08-05 08:00:01,1,Gynura Aurantiaca,2446,37.0,Moist
2026-08-05 08:00:02,3,Monstera Deliciosa,1680,70.0,Optimal
2026-08-05 08:30:01,2,Tradescantia Zebrina,2295,43.0,Moist
2026-08-05 08:30:01,1,Gynura Aurantiaca,2447,37.0,Moist
2026-08-05 08:30:01,3,Monstera Deliciosa,1663,71.0,Optimal
2026-08-05 09:00:01,2,Tradescantia Zebrina,2303,43.0,Moist
2026-08-05 09:00:01,1,Gynura Aurantiaca,2448,37.0,Moist
2026-08-05 09:00:01,3,Monstera Deliciosa,1706,69.0,Optimal
2026-08-05 09:30:01,2,Tradescantia Zebrina,2291,43.0,Moist
2026-08-05 09:30:01,3,Monstera Deliciosa,1687,70.0,Optimal
2026-08-05 09:30:01,1,Gynura Aurantiaca,2433,37.0,Moist
2026-08-05 10:00:01,2,Tradescantia Zebrina,2305,43.0,Moist
2026-08-05 10:00:02,1,Gynura Aurantiaca,2459,36.0,Moist
2026-08-05 10:00:02,3,Monstera Deliciosa,1687,70.0,Optimal
2026-08-05 10:30:01,2,Tradescantia Zebrina,2320,42.0,Moist
2026-08-05 10:30:01,1,Gynura Aurantiaca,2444,37.0,Moist
2026-08-05 10:30:01,3,Monstera Deliciosa,1691,69.0,Optimal
2026-08-05 11:00:01,2,Tradescantia Zebrina,2327,42.0,Moist
2026-08-05 11:00:01,1,Gynura Aurantiaca,2457,36.0,Moist
2026-08-05 11:00:02,3,Monstera Deliciosa,1694,69.0,Optimal
2026-08-05 11:30:01,1,Gynura Aurantiaca,2447,37.0,Moist
2026-08-05 11:30:01,3,Monstera Deliciosa,1699,69.0,Optimal
2026-08-05 11:30:01,2,Tradescantia Zebrina,2311,43.0,Moist
2026-08-05 12:00:01,3,Monstera Deliciosa,1699,69.0,Optimal
2026-08-05 12:00:01,2,Tradescantia Zebrina,2320,42.0,Moist
2026-08-05 12:00:01,1,Gynura Aurantiaca,2448,37.0,Moist
2026-08-05 12:30:01,1,Gynura Aurantiaca,2466,36.0,Moist
2026-08-05 12:30:01,3,Monstera Deliciosa,1695,69.0,Optimal
2026-08-05 12:30:01,2,Tradescantia Zebrina,2325,42.0,Moist
2026-08-05 13:00:00,3,Monstera Deliciosa,1696,69.0,Optimal
2026-08-05 13:00:01,2,Tradescantia Zebrina,2318,42.0,Moist
2026-08-05 13:00:01,1,Gynura Aurantiaca,2463,36.0,Moist
2026-08-05 13:30:01,1,Gynura Aurantiaca,2445,37.0,Moist
2026-08-05 13:30:01,2,Tradescantia Zebrina,2325,42.0,Moist
2026-08-05 13:30:01,3,Monstera Deliciosa,1699,69.0,Optimal
2026-08-05 14:00:01,1,Gynura Aurantiaca,2462,36.0,Moist
2026-08-05 14:00:02,3,Monstera Deliciosa,1712,69.0,Optimal
2026-08-05 14:00:02,2,Tradescantia Zebrina,2336,41.0,Moist
2026-08-05 14:30:01,1,Gynura Aurantiaca,2473,35.0,Moist
2026-08-05 14:30:01,3,Monstera Deliciosa,1703,69.0,Optimal
2026-08-05 14:30:01,2,Tradescantia Zebrina,2330,42.0,Moist
2026-08-05 15:00:00,2,Tradescantia Zebrina,2333,42.0,Moist
2026-08-05 15:00:00,3,Monstera Deliciosa,1703,69.0,Optimal
2026-08-05 15:00:01,1,Gynura Aurantiaca,2475,35.0,Moist
2026-08-05 15:30:00,1,Gynura Aurantiaca,2479,35.0,Moist
2026-08-05 15:30:01,2,Tradescantia Zebrina,2329,42.0,Moist
2026-08-05 15:30:01,3,Monstera Deliciosa,1683,70.0,Optimal
2026-08-05 16:00:00,3,Monstera Deliciosa,1699,69.0,Optimal
2026-08-05 16:00:01,1,Gynura Aurantiaca,2487,35.0,Moist
2026-08-05 16:00:01,2,Tradescantia Zebrina,2353,41.0,Moist
2026-08-05 16:30:01,2,Tradescantia Zebrina,2346,41.0,Moist
2026-08-05 16:30:01,1,Gynura Aurantiaca,2462,36.0,Moist
2026-08-05 16:30:01,3,Monstera Deliciosa,1689,70.0,Optimal
2026-08-05 17:00:00,2,Tradescantia Zebrina,2352,41.0,Moist
2026-08-05 17:00:00,1,Gynura Aurantiaca,2462,36.0,Moist
2026-08-05 17:00:02,3,Monstera Deliciosa,1695,69.0,Optimal
2026-08-05 17:30:01,2,Tradescantia Zebrina,2353,41.0,Moist
2026-08-05 17:30:01,1,Gynura Aurantiaca,2481,35.0,Moist
2026-08-05 17:30:02,3,Monstera Deliciosa,1680,70.0,Optimal
2026-08-05 18:00:00,1,Gynura Aurantiaca,1561,75.0,Optimal
2026-08-05 18:00:01,3,Monstera Deliciosa,1698,69.0,Optimal
2026-08-05 18:00:01,2,Tradescantia Zebrina,1235,89.0,Soggy
2026-08-05 18:30:00,3,Monstera Deliciosa,1682,70.0,Optimal
2026-08-05 18:30:01,1,Gynura Aurantiaca,1303,86.0,Soggy
2026-08-05 18:30:01,2,Tradescantia Zebrina,1245,89.0,Soggy
2026-08-05 19:00:01,3,Monstera Deliciosa,1646,71.0,Optimal
2026-08-05 19:00:01,2,Tradescantia Zebrina,1264,88.0,Soggy
2026-08-05 19:00:01,1,Gynura Aurantiaca,1312,86.0,Soggy
2026-08-05 19:30:01,1,Gynura Aurantiaca,1318,86.0,Soggy
2026-08-05 19:30:01,2,Tradescantia Zebrina,1258,88.0,Soggy
2026-08-05 19:30:02,3,Monstera Deliciosa,1648,71.0,Optimal
2026-08-05 20:00:01,1,Gynura Aurantiaca,1313,86.0,Soggy
2026-08-05 20:00:01,2,Tradescantia Zebrina,1242,89.0,Soggy
2026-08-05 20:00:02,3,Monstera Deliciosa,1648,71.0,Optimal
2026-08-05 20:30:01,1,Gynura Aurantiaca,1316,86.0,Soggy
2026-08-05 20:30:01,3,Monstera Deliciosa,1636,72.0,Optimal
2026-08-05 20:30:01,2,Tradescantia Zebrina,1250,89.0,Soggy
2026-08-05 21:00:01,3,Monstera Deliciosa,1625,72.0,Optimal
2026-08-05 21:00:01,2,Tradescantia Zebrina,1239,89.0,Soggy
2026-08-05 21:00:01,1,Gynura Aurantiaca,1325,85.0,Soggy
2026-08-05 21:30:00,3,Monstera Deliciosa,1627,72.0,Optimal
2026-08-05 21:30:00,2,Tradescantia Zebrina,1235,89.0,Soggy
2026-08-05 21:30:00,1,Gynura Aurantiaca,1331,85.0,Soggy
2026-08-05 22:00:01,2,Tradescantia Zebrina,1227,90.0,Soggy
2026-08-05 22:00:01,3,Monstera Deliciosa,1629,72.0,Optimal
2026-08-05 22:00:01,1,Gynura Aurantiaca,1329,85.0,Soggy
2026-08-05 22:30:00,1,Gynura Aurantiaca,1349,84.0,Soggy
2026-08-05 22:30:01,2,Tradescantia Zebrina,1234,89.0,Soggy
2026-08-05 22:30:01,3,Monstera Deliciosa,1626,72.0,Optimal
2026-08-05 23:00:01,3,Monstera Deliciosa,1614,73.0,Optimal
2026-08-05 23:00:01,1,Gynura Aurantiaca,1360,84.0,Soggy
2026-08-05 23:00:01,2,Tradescantia Zebrina,1234,89.0,Soggy
2026-08-05 23:30:01,2,Tradescantia Zebrina,1239,89.0,Soggy
2026-08-05 23:30:01,1,Gynura Aurantiaca,1357,84.0,Soggy
2026-08-05 23:30:01,3,Monstera Deliciosa,1626,72.0,Optimal
2026-08-06 00:00:01,1,Gynura Aurantiaca,1362,84.0,Soggy
2026-08-06 00:00:01,3,Monstera Deliciosa,1616,73.0,Optimal
2026-08-06 00:00:01,2,Tradescantia Zebrina,1234,89.0,Soggy
2026-08-06 00:30:00,2,Tradescantia Zebrina,1237,89.0,Soggy
2026-08-06 00:30:01,1,Gynura Aurantiaca,1377,83.0,Soggy
2026-08-06 00:30:01,3,Monstera Deliciosa,1630,72.0,Optimal
2026-08-06 01:00:00,3,Monstera Deliciosa,1616,73.0,Optimal
2026-08-06 01:00:00,1,Gynura Aurantiaca,1363,84.0,Soggy
2026-08-06 01:00:00,2,Tradescantia Zebrina,1258,88.0,Soggy
2026-08-06 01:30:00,3,Monstera Deliciosa,1642,72.0,Optimal
2026-08-06 01:30:01,2,Tradescantia Zebrina,1246,89.0,Soggy
2026-08-06 01:30:01,1,Gynura Aurantiaca,1365,84.0,Soggy
2026-08-06 02:00:00,2,Tradescantia Zebrina,1226,90.0,Soggy
2026-08-06 02:00:00,1,Gynura Aurantiaca,1378,83.0,Soggy
2026-08-06 02:00:01,3,Monstera Deliciosa,1617,73.0,Optimal
2026-08-06 02:30:00,3,Monstera Deliciosa,1644,72.0,Optimal
2026-08-06 02:30:00,1,Gynura Aurantiaca,1387,83.0,Soggy
2026-08-06 02:30:00,2,Tradescantia Zebrina,1231,89.0,Soggy
2026-08-06 03:00:00,3,Monstera Deliciosa,1637,72.0,Optimal
2026-08-06 03:00:01,1,Gynura Aurantiaca,1360,84.0,Soggy
2026-08-06 03:00:01,2,Tradescantia Zebrina,1232,89.0,Soggy
2026-08-06 03:30:01,3,Monstera Deliciosa,1648,71.0,Optimal
2026-08-06 03:30:01,1,Gynura Aurantiaca,1407,82.0,Soggy
2026-08-06 03:30:01,2,Tradescantia Zebrina,1242,89.0,Soggy
2026-08-06 04:00:01,2,Tradescantia Zebrina,1233,89.0,Soggy
2026-08-06 04:00:02,1,Gynura Aurantiaca,1371,83.0,Soggy
2026-08-06 04:00:03,3,Monstera Deliciosa,1616,73.0,Optimal
2026-08-06 04:30:00,3,Monstera Deliciosa,1617,73.0,Optimal
2026-08-06 04:30:01,1,Gynura Aurantiaca,1386,83.0,Soggy
2026-08-06 04:30:01,2,Tradescantia Zebrina,1235,89.0,Soggy
2026-08-06 05:00:01,3,Monstera Deliciosa,1642,72.0,Optimal
2026-08-06 05:00:01,2,Tradescantia Zebrina,1232,89.0,Soggy
2026-08-06 05:00:01,1,Gynura Aurantiaca,1406,82.0,Soggy
2026-08-06 05:30:01,3,Monstera Deliciosa,1616,73.0,Optimal
2026-08-06 05:30:01,1,Gynura Aurantiaca,1413,82.0,Soggy
2026-08-06 05:30:01,2,Tradescantia Zebrina,1238,89.0,Soggy
2026-08-06 06:00:00,2,Tradescantia Zebrina,1232,89.0,Soggy
2026-08-06 06:00:02,3,Monstera Deliciosa,1616,73.0,Optimal
2026-08-06 06:00:02,1,Gynura Aurantiaca,1411,82.0,Soggy
2026-08-06 06:30:01,2,Tradescantia Zebrina,1250,89.0,Soggy
2026-08-06 06:30:01,3,Monstera Deliciosa,1641,72.0,Optimal
2026-08-06 06:30:01,1,Gynura Aurantiaca,1395,82.0,Soggy
2026-08-06 07:00:01,1,Gynura Aurantiaca,1394,82.0,Soggy
2026-08-06 07:00:01,2,Tradescantia Zebrina,1247,89.0,Soggy
2026-08-06 07:00:01,3,Monstera Deliciosa,1654,71.0,Optimal
2026-08-06 07:30:00,2,Tradescantia Zebrina,1241,89.0,Soggy
2026-08-06 07:30:01,3,Monstera Deliciosa,1631,72.0,Optimal
2026-08-06 07:30:01,1,Gynura Aurantiaca,1411,82.0,Soggy
2026-08-06 08:00:01,2,Tradescantia Zebrina,1227,90.0,Soggy
2026-08-06 08:00:01,1,Gynura Aurantiaca,1403,82.0,Soggy
2026-08-06 08:00:01,3,Monstera Deliciosa,1664,71.0,Optimal
2026-08-06 08:30:01,3,Monstera Deliciosa,1664,71.0,Optimal
2026-08-06 08:30:01,1,Gynura Aurantiaca,1423,81.0,Soggy
2026-08-06 08:30:01,2,Tradescantia Zebrina,1242,89.0,Soggy
2026-08-06 09:00:00,1,Gynura Aurantiaca,1424,81.0,Soggy
2026-08-06 09:00:01,2,Tradescantia Zebrina,1240,89.0,Soggy
2026-08-06 09:00:01,3,Monstera Deliciosa,1648,71.0,Optimal
2026-08-06 09:30:00,2,Tradescantia Zebrina,1237,89.0,Soggy
2026-08-06 09:30:00,1,Gynura Aurantiaca,1418,81.0,Soggy
2026-08-06 09:30:01,3,Monstera Deliciosa,1648,71.0,Optimal
2026-08-06 10:00:01,1,Gynura Aurantiaca,1424,81.0,Soggy
2026-08-06 10:00:01,2,Tradescantia Zebrina,1251,89.0,Soggy
2026-08-06 10:00:01,3,Monstera Deliciosa,1662,71.0,Optimal
2026-08-06 10:30:01,3,Monstera Deliciosa,1631,72.0,Optimal
2026-08-06 10:30:01,2,Tradescantia Zebrina,1234,89.0,Soggy
2026-08-06 10:30:01,1,Gynura Aurantiaca,1409,82.0,Soggy
2026-08-06 11:00:00,1,Gynura Aurantiaca,1424,81.0,Soggy
2026-08-06 11:00:01,2,Tradescantia Zebrina,1245,89.0,Soggy
2026-08-06 11:00:01,3,Monstera Deliciosa,1631,72.0,Optimal
2026-08-06 11:30:00,2,Tradescantia Zebrina,1260,88.0,Soggy
2026-08-06 11:30:00,3,Monstera Deliciosa,1648,71.0,Optimal
2026-08-06 11:30:01,1,Gynura Aurantiaca,1430,81.0,Soggy
2026-08-06 12:00:01,2,Tradescantia Zebrina,1253,89.0,Soggy
2026-08-06 12:00:01,1,Gynura Aurantiaca,1414,82.0,Soggy
2026-08-06 12:00:01,3,Monstera Deliciosa,1646,71.0,Optimal
2026-08-06 12:30:01,3,Monstera Deliciosa,1638,72.0,Optimal
2026-08-06 12:30:01,1,Gynura Aurantiaca,1424,81.0,Soggy
2026-08-06 12:30:02,2,Tradescantia Zebrina,1255,88.0,Soggy
2026-08-06 13:00:00,3,Monstera Deliciosa,1631,72.0,Optimal
2026-08-06 13:00:00,2,Tradescantia Zebrina,1258,88.0,Soggy
2026-08-06 13:00:01,1,Gynura Aurantiaca,1439,80.0,Optimal
2026-08-06 13:30:01,2,Tradescantia Zebrina,1263,88.0,Soggy
2026-08-06 13:30:01,3,Monstera Deliciosa,1630,72.0,Optimal
2026-08-06 13:30:01,1,Gynura Aurantiaca,1428,81.0,Soggy
2026-08-06 14:00:00,1,Gynura Aurantiaca,1426,81.0,Soggy
2026-08-06 14:00:01,3,Monstera Deliciosa,1648,71.0,Optimal
2026-08-06 14:00:01,2,Tradescantia Zebrina,1238,89.0,Soggy
2026-08-06 14:30:00,2,Tradescantia Zebrina,1263,88.0,Soggy
2026-08-06 14:30:00,1,Gynura Aurantiaca,1429,81.0,Soggy
2026-08-06 14:30:00,3,Monstera Deliciosa,1651,71.0,Optimal
2026-08-06 15:00:01,2,Tradescantia Zebrina,1249,89.0,Soggy
2026-08-06 15:00:01,3,Monstera Deliciosa,1647,71.0,Optimal
2026-08-06 15:00:01,1,Gynura Aurantiaca,1425,81.0,Soggy
2026-08-06 15:30:00,3,Monstera Deliciosa,1657,71.0,Optimal
2026-08-06 15:30:01,1,Gynura Aurantiaca,1414,82.0,Soggy
2026-08-06 15:30:01,2,Tradescantia Zebrina,1249,89.0,Soggy
2026-08-06 16:00:01,2,Tradescantia Zebrina,1264,88.0,Soggy
2026-08-06 16:00:01,3,Monstera Deliciosa,1648,71.0,Optimal
2026-08-06 16:00:01,1,Gynura Aurantiaca,1428,81.0,Soggy
2026-08-06 16:30:00,1,Gynura Aurantiaca,1452,80.0,Optimal
2026-08-06 16:30:01,3,Monstera Deliciosa,1644,72.0,Optimal
2026-08-06 16:30:01,2,Tradescantia Zebrina,1257,88.0,Soggy
2026-08-06 17:00:00,3,Monstera Deliciosa,1641,72.0,Optimal
2026-08-06 17:00:01,1,Gynura Aurantiaca,1435,81.0,Soggy
2026-08-06 17:00:01,2,Tradescantia Zebrina,1270,88.0,Soggy
2026-08-06 17:30:00,2,Tradescantia Zebrina,1245,89.0,Soggy
2026-08-06 17:30:01,3,Monstera Deliciosa,1653,71.0,Optimal
2026-08-06 17:30:01,1,Gynura Aurantiaca,1433,81.0,Soggy
2026-08-06 18:00:01,1,Gynura Aurantiaca,1434,81.0,Soggy
2026-08-06 18:00:01,2,Tradescantia Zebrina,1276,88.0,Soggy
2026-08-06 18:00:01,3,Monstera Deliciosa,1621,73.0,Optimal
2026-08-06 18:30:01,3,Monstera Deliciosa,1661,71.0,Optimal
2026-08-06 18:30:01,2,Tradescantia Zebrina,1247,89.0,Soggy
2026-08-06 18:30:01,1,Gynura Aurantiaca,1424,81.0,Soggy
2026-08-06 19:00:00,1,Gynura Aurantiaca,1440,80.0,Optimal
2026-08-06 19:00:00,2,Tradescantia Zebrina,1264,88.0,Soggy
2026-08-06 19:00:01,3,Monstera Deliciosa,1663,71.0,Optimal
2026-08-06 19:30:00,3,Monstera Deliciosa,1631,72.0,Optimal
2026-08-06 19:30:01,1,Gynura Aurantiaca,1445,80.0,Optimal
2026-08-06 19:30:01,2,Tradescantia Zebrina,1261,88.0,Soggy
2026-08-06 20:00:06,2,Tradescantia Zebrina,1258,88.0,Soggy
2026-08-06 20:00:06,3,Monstera Deliciosa,1629,72.0,Optimal
2026-08-06 20:00:06,1,Gynura Aurantiaca,1463,79.0,Optimal
2026-08-06 20:30:00,3,Monstera Deliciosa,1619,73.0,Optimal
2026-08-06 20:30:00,1,Gynura Aurantiaca,1456,80.0,Optimal
2026-08-06 20:30:01,2,Tradescantia Zebrina,1265,88.0,Soggy
2026-08-06 21:00:00,3,Monstera Deliciosa,1627,72.0,Optimal
2026-08-06 21:00:01,1,Gynura Aurantiaca,1451,80.0,Optimal
2026-08-06 21:00:02,2,Tradescantia Zebrina,1285,87.0,Soggy
2026-08-06 21:30:01,2,Tradescantia Zebrina,1279,87.0,Soggy
2026-08-06 21:30:01,3,Monstera Deliciosa,1631,72.0,Optimal
2026-08-06 21:30:02,1,Gynura Aurantiaca,1453,80.0,Optimal
2026-08-06 22:00:01,1,Gynura Aurantiaca,1449,80.0,Optimal
2026-08-06 22:00:01,3,Monstera Deliciosa,1635,72.0,Optimal
2026-08-06 22:00:01,2,Tradescantia Zebrina,1267,88.0,Soggy
2026-08-06 22:30:02,1,Gynura Aurantiaca,1471,79.0,Optimal
2026-08-06 22:30:03,3,Monstera Deliciosa,1630,72.0,Optimal
2026-08-06 22:30:04,2,Tradescantia Zebrina,1285,87.0,Soggy
2026-08-06 23:00:00,3,Monstera Deliciosa,1629,72.0,Optimal
2026-08-06 23:00:01,1,Gynura Aurantiaca,1457,80.0,Optimal
2026-08-06 23:00:02,2,Tradescantia Zebrina,1263,88.0,Soggy
2026-08-06 23:30:00,1,Gynura Aurantiaca,1488,78.0,Optimal
2026-08-06 23:30:01,2,Tradescantia Zebrina,1263,88.0,Soggy
2026-08-06 23:30:01,3,Monstera Deliciosa,1616,73.0,Optimal
2026-08-07 00:00:01,1,Gynura Aurantiaca,1468,79.0,Optimal
2026-08-07 00:00:01,2,Tradescantia Zebrina,1267,88.0,Soggy
2026-08-07 00:00:01,3,Monstera Deliciosa,1618,73.0,Optimal
2026-08-07 00:30:01,3,Monstera Deliciosa,1618,73.0,Optimal
2026-08-07 00:30:01,1,Gynura Aurantiaca,1451,80.0,Optimal
2026-08-07 00:30:02,2,Tradescantia Zebrina,1264,88.0,Soggy
2026-08-07 01:00:01,1,Gynura Aurantiaca,1478,79.0,Optimal
2026-08-07 01:00:01,3,Monstera Deliciosa,1639,72.0,Optimal
2026-08-07 01:00:01,2,Tradescantia Zebrina,1264,88.0,Soggy
2026-08-07 01:30:01,2,Tradescantia Zebrina,1271,88.0,Soggy
2026-08-07 01:30:01,3,Monstera Deliciosa,1627,72.0,Optimal
2026-08-07 01:30:01,1,Gynura Aurantiaca,1485,78.0,Optimal
2026-08-07 02:00:01,2,Tradescantia Zebrina,1274,88.0,Soggy
2026-08-07 02:00:01,3,Monstera Deliciosa,1631,72.0,Optimal
2026-08-07 02:00:01,1,Gynura Aurantiaca,1475,79.0,Optimal
2026-08-07 02:30:00,3,Monstera Deliciosa,1643,72.0,Optimal
2026-08-07 02:30:00,2,Tradescantia Zebrina,1267,88.0,Soggy
2026-08-07 02:30:00,1,Gynura Aurantiaca,1473,79.0,Optimal
2026-08-07 03:00:01,3,Monstera Deliciosa,1641,72.0,Optimal
2026-08-07 03:00:01,1,Gynura Aurantiaca,1470,79.0,Optimal
2026-08-07 03:00:01,2,Tradescantia Zebrina,1276,88.0,Soggy
2026-08-07 03:30:00,2,Tradescantia Zebrina,1281,87.0,Soggy
2026-08-07 03:30:01,3,Monstera Deliciosa,1625,72.0,Optimal
2026-08-07 03:30:01,1,Gynura Aurantiaca,1467,79.0,Optimal
2026-08-07 04:00:00,1,Gynura Aurantiaca,1491,78.0,Optimal
2026-08-07 04:00:00,2,Tradescantia Zebrina,1267,88.0,Soggy
2026-08-07 04:00:01,3,Monstera Deliciosa,1631,72.0,Optimal
2026-08-07 04:30:01,1,Gynura Aurantiaca,1481,79.0,Optimal
2026-08-07 04:30:01,2,Tradescantia Zebrina,1276,88.0,Soggy
2026-08-07 04:30:02,3,Monstera Deliciosa,1637,72.0,Optimal
2026-08-07 05:00:01,1,Gynura Aurantiaca,1488,78.0,Optimal
2026-08-07 05:00:01,2,Tradescantia Zebrina,1285,87.0,Soggy
2026-08-07 05:00:02,3,Monstera Deliciosa,1639,72.0,Optimal
2026-08-07 05:30:00,1,Gynura Aurantiaca,1490,78.0,Optimal
2026-08-07 05:30:01,2,Tradescantia Zebrina,1289,87.0,Soggy
2026-08-07 05:30:01,3,Monstera Deliciosa,1628,72.0,Optimal
2026-08-07 06:00:00,2,Tradescantia Zebrina,1280,87.0,Soggy
2026-08-07 06:00:01,3,Monstera Deliciosa,1623,72.0,Optimal
2026-08-07 06:00:02,1,Gynura Aurantiaca,1474,79.0,Optimal
2026-08-07 06:30:01,2,Tradescantia Zebrina,1294,87.0,Soggy
2026-08-07 06:30:02,3,Monstera Deliciosa,1648,71.0,Optimal
2026-08-07 06:30:02,1,Gynura Aurantiaca,1481,79.0,Optimal
2026-08-07 07:00:01,2,Tradescantia Zebrina,1283,87.0,Soggy
2026-08-07 07:00:01,3,Monstera Deliciosa,1639,72.0,Optimal
2026-08-07 07:00:01,1,Gynura Aurantiaca,1486,78.0,Optimal
2026-08-07 07:30:00,2,Tradescantia Zebrina,1277,87.0,Soggy
2026-08-07 07:30:01,3,Monstera Deliciosa,1623,72.0,Optimal
2026-08-07 07:30:01,1,Gynura Aurantiaca,1491,78.0,Optimal
2026-08-07 08:00:01,2,Tradescantia Zebrina,1277,87.0,Soggy
2026-08-07 08:00:01,1,Gynura Aurantiaca,1502,78.0,Optimal
2026-08-07 08:00:01,3,Monstera Deliciosa,1634,72.0,Optimal
2026-08-07 08:30:02,3,Monstera Deliciosa,1633,72.0,Optimal
2026-08-07 08:30:02,1,Gynura Aurantiaca,1506,78.0,Optimal
2026-08-07 08:30:03,2,Tradescantia Zebrina,1281,87.0,Soggy
2026-08-07 09:00:02,2,Tradescantia Zebrina,1287,87.0,Soggy
2026-08-07 09:00:02,3,Monstera Deliciosa,1626,72.0,Optimal
2026-08-07 09:00:03,1,Gynura Aurantiaca,1507,77.0,Optimal
2026-08-07 09:30:01,2,Tradescantia Zebrina,1310,86.0,Soggy
2026-08-07 09:30:01,3,Monstera Deliciosa,1642,72.0,Optimal
2026-08-07 09:30:01,1,Gynura Aurantiaca,1520,77.0,Optimal
2026-08-07 10:00:01,1,Gynura Aurantiaca,1515,77.0,Optimal
2026-08-07 10:00:01,2,Tradescantia Zebrina,1290,87.0,Soggy
2026-08-07 10:00:02,3,Monstera Deliciosa,1642,72.0,Optimal
2026-08-07 10:30:01,2,Tradescantia Zebrina,1283,87.0,Soggy
2026-08-07 10:30:01,1,Gynura Aurantiaca,1516,77.0,Optimal
2026-08-07 10:30:01,3,Monstera Deliciosa,1651,71.0,Optimal
2026-08-07 11:00:01,3,Monstera Deliciosa,1643,72.0,Optimal
2026-08-07 11:00:01,1,Gynura Aurantiaca,1500,78.0,Optimal
2026-08-07 11:00:01,2,Tradescantia Zebrina,1292,87.0,Soggy
2026-08-07 11:30:00,2,Tradescantia Zebrina,1302,86.0,Soggy
2026-08-07 11:30:01,3,Monstera Deliciosa,1646,71.0,Optimal
2026-08-07 11:30:01,1,Gynura Aurantiaca,1515,77.0,Optimal
2026-08-07 12:00:00,1,Gynura Aurantiaca,1532,76.0,Optimal
2026-08-07 12:00:00,3,Monstera Deliciosa,1645,71.0,Optimal
2026-08-07 12:00:01,2,Tradescantia Zebrina,1292,87.0,Soggy
2026-08-07 12:30:01,3,Monstera Deliciosa,1662,71.0,Optimal
2026-08-07 12:30:01,1,Gynura Aurantiaca,1516,77.0,Optimal
2026-08-07 12:30:01,2,Tradescantia Zebrina,1286,87.0,Soggy
2026-08-07 13:00:01,2,Tradescantia Zebrina,1303,86.0,Soggy
2026-08-07 13:00:01,3,Monstera Deliciosa,1637,72.0,Optimal
2026-08-07 13:00:01,1,Gynura Aurantiaca,1520,77.0,Optimal
2026-08-07 13:30:00,3,Monstera Deliciosa,1649,71.0,Optimal
2026-08-07 13:30:00,1,Gynura Aurantiaca,1498,78.0,Optimal
2026-08-07 13:30:01,2,Tradescantia Zebrina,1298,87.0,Soggy
2026-08-07 14:00:01,2,Tradescantia Zebrina,1296,87.0,Soggy
2026-08-07 14:00:01,3,Monstera Deliciosa,1654,71.0,Optimal
2026-08-07 14:00:01,1,Gynura Aurantiaca,1525,77.0,Optimal
2026-08-07 14:30:01,2,Tradescantia Zebrina,1312,86.0,Soggy
2026-08-07 14:30:01,1,Gynura Aurantiaca,1520,77.0,Optimal
2026-08-07 14:30:01,3,Monstera Deliciosa,1648,71.0,Optimal
2026-08-07 15:00:00,2,Tradescantia Zebrina,1312,86.0,Soggy
2026-08-07 15:00:00,1,Gynura Aurantiaca,1521,77.0,Optimal
2026-08-07 15:00:00,3,Monstera Deliciosa,1655,71.0,Optimal
2026-08-07 15:30:00,2,Tradescantia Zebrina,1300,86.0,Soggy
2026-08-07 15:30:01,1,Gynura Aurantiaca,1522,77.0,Optimal
2026-08-07 15:30:01,3,Monstera Deliciosa,1650,71.0,Optimal
2026-08-07 16:00:01,2,Tradescantia Zebrina,1311,86.0,Soggy
2026-08-07 16:00:01,1,Gynura Aurantiaca,1522,77.0,Optimal
2026-08-07 16:00:02,3,Monstera Deliciosa,1634,72.0,Optimal
2026-08-07 16:30:00,1,Gynura Aurantiaca,1518,77.0,Optimal
2026-08-07 16:30:01,3,Monstera Deliciosa,1664,71.0,Optimal
2026-08-07 16:30:01,2,Tradescantia Zebrina,1313,86.0,Soggy
2026-08-07 17:00:01,2,Tradescantia Zebrina,1307,86.0,Soggy
2026-08-07 17:00:01,1,Gynura Aurantiaca,1535,76.0,Optimal
2026-08-07 17:00:01,3,Monstera Deliciosa,1663,71.0,Optimal
2026-08-07 17:30:01,3,Monstera Deliciosa,1643,72.0,Optimal
2026-08-07 17:30:01,2,Tradescantia Zebrina,1294,87.0,Soggy
2026-08-07 17:30:01,1,Gynura Aurantiaca,1535,76.0,Optimal
2026-08-07 18:00:01,1,Gynura Aurantiaca,1526,77.0,Optimal
2026-08-07 18:00:01,3,Monstera Deliciosa,1643,72.0,Optimal
2026-08-07 18:00:02,2,Tradescantia Zebrina,1318,86.0,Soggy
2026-08-07 18:30:01,3,Monstera Deliciosa,1649,71.0,Optimal
2026-08-07 18:30:01,2,Tradescantia Zebrina,1297,87.0,Soggy
2026-08-07 18:30:01,1,Gynura Aurantiaca,1532,76.0,Optimal
2026-08-07 19:00:00,1,Gynura Aurantiaca,1554,75.0,Optimal
2026-08-07 19:00:01,3,Monstera Deliciosa,1643,72.0,Optimal
2026-08-07 19:00:01,2,Tradescantia Zebrina,1307,86.0,Soggy
2026-08-07 19:30:01,1,Gynura Aurantiaca,1535,76.0,Optimal
2026-08-07 20:00:06,3,Monstera Deliciosa,1648,71.0,Optimal
2026-08-07 20:00:06,2,Tradescantia Zebrina,1312,86.0,Soggy
2026-08-07 20:00:10,1,Gynura Aurantiaca,1554,75.0,Optimal
2026-08-07 20:30:00,3,Monstera Deliciosa,1645,71.0,Optimal
2026-08-07 20:30:01,2,Tradescantia Zebrina,1302,86.0,Soggy
2026-08-07 20:30:01,1,Gynura Aurantiaca,1535,76.0,Optimal
2026-08-07 21:00:01,1,Gynura Aurantiaca,1535,76.0,Optimal
2026-08-07 21:00:01,3,Monstera Deliciosa,1629,72.0,Optimal
2026-08-07 21:00:01,2,Tradescantia Zebrina,1299,87.0,Soggy
2026-08-07 21:30:01,1,Gynura Aurantiaca,1564,75.0,Optimal
2026-08-07 21:30:01,2,Tradescantia Zebrina,1312,86.0,Soggy
2026-08-07 21:30:02,3,Monstera Deliciosa,1659,71.0,Optimal
2026-08-07 22:00:00,1,Gynura Aurantiaca,1535,76.0,Optimal
2026-08-07 22:00:01,3,Monstera Deliciosa,1651,71.0,Optimal
2026-08-07 22:00:01,2,Tradescantia Zebrina,1325,85.0,Soggy
2026-08-07 22:30:01,1,Gynura Aurantiaca,1565,75.0,Optimal
2026-08-07 22:30:01,2,Tradescantia Zebrina,1323,85.0,Soggy
2026-08-07 22:30:02,3,Monstera Deliciosa,1632,72.0,Optimal
2026-08-07 23:00:02,1,Gynura Aurantiaca,1553,75.0,Optimal
2026-08-07 23:00:02,2,Tradescantia Zebrina,1329,85.0,Soggy
2026-08-07 23:00:04,3,Monstera Deliciosa,1642,72.0,Optimal
2026-08-07 23:30:01,1,Gynura Aurantiaca,1562,75.0,Optimal
2026-08-07 23:30:01,2,Tradescantia Zebrina,1317,86.0,Soggy
2026-08-07 23:30:02,3,Monstera Deliciosa,1654,71.0,Optimal
2026-08-08 00:00:00,2,Tradescantia Zebrina,1307,86.0,Soggy
2026-08-08 00:00:01,1,Gynura Aurantiaca,1569,75.0,Optimal
2026-08-08 00:00:02,3,Monstera Deliciosa,1641,72.0,Optimal
2026-08-08 00:30:00,1,Gynura Aurantiaca,1567,75.0,Optimal
2026-08-08 00:30:01,2,Tradescantia Zebrina,1318,86.0,Soggy
2026-08-08 00:30:01,3,Monstera Deliciosa,1618,73.0,Optimal
2026-08-08 01:00:01,1,Gynura Aurantiaca,1584,74.0,Optimal
2026-08-08 01:00:01,2,Tradescantia Zebrina,1323,85.0,Soggy
2026-08-08 01:00:01,3,Monstera Deliciosa,1632,72.0,Optimal
2026-08-08 01:30:00,2,Tradescantia Zebrina,1328,85.0,Soggy
2026-08-08 01:30:01,1,Gynura Aurantiaca,1569,75.0,Optimal
2026-08-08 01:30:02,3,Monstera Deliciosa,1633,72.0,Optimal
2026-08-08 02:00:00,1,Gynura Aurantiaca,1588,74.0,Optimal
2026-08-08 02:00:00,2,Tradescantia Zebrina,1333,85.0,Soggy
2026-08-08 02:00:02,3,Monstera Deliciosa,1621,73.0,Optimal
2026-08-08 02:30:01,1,Gynura Aurantiaca,1584,74.0,Optimal
2026-08-08 02:30:01,2,Tradescantia Zebrina,1335,85.0,Soggy
2026-08-08 02:30:02,3,Monstera Deliciosa,1648,71.0,Optimal
2026-08-08 03:00:01,1,Gynura Aurantiaca,1591,74.0,Optimal
2026-08-08 03:00:02,3,Monstera Deliciosa,1621,73.0,Optimal
2026-08-08 03:00:02,2,Tradescantia Zebrina,1325,85.0,Soggy
2026-08-08 03:30:01,1,Gynura Aurantiaca,1610,73.0,Optimal
2026-08-08 03:30:01,2,Tradescantia Zebrina,1323,85.0,Soggy
2026-08-08 03:30:01,3,Monstera Deliciosa,1640,72.0,Optimal
2026-08-08 04:00:00,2,Tradescantia Zebrina,1328,85.0,Soggy
2026-08-08 04:00:01,1,Gynura Aurantiaca,1587,74.0,Optimal
2026-08-08 04:00:02,3,Monstera Deliciosa,1634,72.0,Optimal
2026-08-08 04:30:01,2,Tradescantia Zebrina,1334,85.0,Soggy
2026-08-08 04:30:01,1,Gynura Aurantiaca,1596,74.0,Optimal
2026-08-08 04:30:01,3,Monstera Deliciosa,1629,72.0,Optimal
2026-08-08 05:00:01,3,Monstera Deliciosa,1634,72.0,Optimal
2026-08-08 05:00:01,2,Tradescantia Zebrina,1349,84.0,Soggy
2026-08-08 05:00:01,1,Gynura Aurantiaca,1600,73.0,Optimal
2026-08-08 05:30:01,1,Gynura Aurantiaca,1595,74.0,Optimal
2026-08-08 05:30:01,3,Monstera Deliciosa,1649,71.0,Optimal
2026-08-08 05:30:02,2,Tradescantia Zebrina,1335,85.0,Soggy
2026-08-08 06:00:01,2,Tradescantia Zebrina,1331,85.0,Soggy
2026-08-08 06:00:01,3,Monstera Deliciosa,1645,71.0,Optimal
2026-08-08 06:00:02,1,Gynura Aurantiaca,1607,73.0,Optimal
2026-08-08 06:30:01,2,Tradescantia Zebrina,1328,85.0,Soggy
2026-08-08 06:30:01,3,Monstera Deliciosa,1664,71.0,Optimal
2026-08-08 06:30:03,1,Gynura Aurantiaca,1589,74.0,Optimal
2026-08-08 07:00:01,3,Monstera Deliciosa,1646,71.0,Optimal
2026-08-08 07:00:02,2,Tradescantia Zebrina,1349,84.0,Soggy
2026-08-08 07:00:02,1,Gynura Aurantiaca,1617,73.0,Optimal
2026-08-08 07:30:01,2,Tradescantia Zebrina,1339,85.0,Soggy
2026-08-08 07:30:01,1,Gynura Aurantiaca,1619,73.0,Optimal
2026-08-08 07:30:01,3,Monstera Deliciosa,1638,72.0,Optimal
2026-08-08 08:00:01,3,Monstera Deliciosa,1674,70.0,Optimal
2026-08-08 08:00:01,2,Tradescantia Zebrina,1341,85.0,Soggy
2026-08-08 08:00:02,1,Gynura Aurantiaca,1617,73.0,Optimal
2026-08-08 08:30:01,2,Tradescantia Zebrina,1361,84.0,Soggy
2026-08-08 08:30:01,1,Gynura Aurantiaca,1599,73.0,Optimal
2026-08-08 08:30:02,3,Monstera Deliciosa,1643,72.0,Optimal
2026-08-08 09:00:00,1,Gynura Aurantiaca,1600,73.0,Optimal
2026-08-08 09:00:01,3,Monstera Deliciosa,1662,71.0,Optimal
2026-08-08 09:00:01,2,Tradescantia Zebrina,1344,85.0,Soggy
2026-08-08 09:30:00,2,Tradescantia Zebrina,1344,85.0,Soggy
2026-08-08 09:30:01,3,Monstera Deliciosa,1654,71.0,Optimal
2026-08-08 09:30:01,1,Gynura Aurantiaca,1612,73.0,Optimal
2026-08-08 10:00:01,2,Tradescantia Zebrina,1347,84.0,Soggy
2026-08-08 10:00:01,3,Monstera Deliciosa,1651,71.0,Optimal
2026-08-08 10:00:01,1,Gynura Aurantiaca,1627,72.0,Optimal
2026-08-08 10:30:01,1,Gynura Aurantiaca,1588,74.0,Optimal
2026-08-08 10:30:01,2,Tradescantia Zebrina,1346,84.0,Soggy
2026-08-08 10:30:02,3,Monstera Deliciosa,1650,71.0,Optimal
2026-08-08 11:00:00,2,Tradescantia Zebrina,1359,84.0,Soggy
2026-08-08 11:00:01,3,Monstera Deliciosa,1666,71.0,Optimal
2026-08-08 11:00:02,1,Gynura Aurantiaca,1634,72.0,Optimal
2026-08-08 11:30:00,3,Monstera Deliciosa,1666,71.0,Optimal
2026-08-08 11:30:01,1,Gynura Aurantiaca,1625,72.0,Optimal
2026-08-08 11:30:01,2,Tradescantia Zebrina,1355,84.0,Soggy
2026-08-08 12:00:00,3,Monstera Deliciosa,1650,71.0,Optimal
2026-08-08 12:00:01,2,Tradescantia Zebrina,1365,84.0,Soggy
2026-08-08 12:00:01,1,Gynura Aurantiaca,1616,73.0,Optimal
2026-08-08 12:30:01,3,Monstera Deliciosa,1680,70.0,Optimal
2026-08-08 12:30:01,1,Gynura Aurantiaca,1621,73.0,Optimal
2026-08-08 12:30:01,2,Tradescantia Zebrina,1381,83.0,Soggy
2026-08-08 13:00:00,2,Tradescantia Zebrina,1347,84.0,Soggy
2026-08-08 13:00:01,1,Gynura Aurantiaca,1628,72.0,Optimal
2026-08-08 13:00:01,3,Monstera Deliciosa,1648,71.0,Optimal
2026-08-08 13:30:00,3,Monstera Deliciosa,1666,71.0,Optimal
2026-08-08 13:30:01,2,Tradescantia Zebrina,1360,84.0,Soggy
2026-08-08 13:30:01,1,Gynura Aurantiaca,1607,73.0,Optimal
2026-08-08 14:00:01,3,Monstera Deliciosa,1654,71.0,Optimal
2026-08-08 14:00:01,2,Tradescantia Zebrina,1383,83.0,Soggy
2026-08-08 14:00:01,1,Gynura Aurantiaca,1639,72.0,Optimal
2026-08-08 14:30:01,2,Tradescantia Zebrina,1383,83.0,Soggy
2026-08-08 14:30:01,1,Gynura Aurantiaca,1643,72.0,Optimal
2026-08-08 14:30:01,3,Monstera Deliciosa,1669,70.0,Optimal
2026-08-08 15:00:01,3,Monstera Deliciosa,1677,70.0,Optimal
2026-08-08 15:00:01,2,Tradescantia Zebrina,1387,83.0,Soggy
2026-08-08 15:00:02,1,Gynura Aurantiaca,1654,71.0,Optimal
2026-08-08 15:30:00,2,Tradescantia Zebrina,1394,82.0,Soggy
2026-08-08 15:30:01,1,Gynura Aurantiaca,1653,71.0,Optimal
2026-08-08 15:30:01,3,Monstera Deliciosa,1654,71.0,Optimal
2026-08-08 16:00:01,2,Tradescantia Zebrina,1395,82.0,Soggy
2026-08-08 16:00:01,3,Monstera Deliciosa,1680,70.0,Optimal
2026-08-08 16:00:01,1,Gynura Aurantiaca,1638,72.0,Optimal
2026-08-08 16:30:01,1,Gynura Aurantiaca,1668,70.0,Optimal
2026-08-08 16:30:01,2,Tradescantia Zebrina,1402,82.0,Soggy
2026-08-08 16:30:01,3,Monstera Deliciosa,1664,71.0,Optimal
2026-08-08 17:00:01,3,Monstera Deliciosa,1675,70.0,Optimal
2026-08-08 17:00:01,1,Gynura Aurantiaca,1674,70.0,Optimal
2026-08-08 17:00:02,2,Tradescantia Zebrina,1398,82.0,Soggy
2026-08-08 17:30:01,1,Gynura Aurantiaca,1667,71.0,Optimal
2026-08-08 17:30:01,2,Tradescantia Zebrina,1405,82.0,Soggy
2026-08-08 17:30:01,3,Monstera Deliciosa,1670,70.0,Optimal
2026-08-08 18:00:01,2,Tradescantia Zebrina,1397,82.0,Soggy
2026-08-08 18:00:01,3,Monstera Deliciosa,1664,71.0,Optimal
2026-08-08 18:00:01,1,Gynura Aurantiaca,1675,70.0,Optimal
2026-08-08 18:30:00,1,Gynura Aurantiaca,1674,70.0,Optimal
2026-08-08 18:30:01,2,Tradescantia Zebrina,1395,82.0,Soggy
2026-08-08 18:30:01,3,Monstera Deliciosa,1660,71.0,Optimal
2026-08-08 19:00:01,2,Tradescantia Zebrina,1391,83.0,Soggy
2026-08-08 19:00:01,1,Gynura Aurantiaca,1679,70.0,Optimal
2026-08-08 19:00:01,3,Monstera Deliciosa,1673,70.0,Optimal
2026-08-08 19:30:01,3,Monstera Deliciosa,1651,71.0,Optimal
2026-08-08 19:30:01,2,Tradescantia Zebrina,1405,82.0,Soggy
2026-08-08 19:30:02,1,Gynura Aurantiaca,1683,70.0,Optimal
2026-08-08 20:00:01,3,Monstera Deliciosa,1671,70.0,Optimal
2026-08-08 20:00:02,2,Tradescantia Zebrina,1407,82.0,Soggy
2026-08-08 20:00:10,1,Gynura Aurantiaca,1684,70.0,Optimal
2026-08-08 20:30:00,3,Monstera Deliciosa,1659,71.0,Optimal
2026-08-08 20:30:01,2,Tradescantia Zebrina,1413,82.0,Soggy
2026-08-08 20:30:01,1,Gynura Aurantiaca,1699,69.0,Optimal
2026-08-08 21:00:01,3,Monstera Deliciosa,1662,71.0,Optimal
2026-08-08 21:00:01,1,Gynura Aurantiaca,1695,69.0,Optimal
2026-08-08 21:00:01,2,Tradescantia Zebrina,1407,82.0,Soggy
2026-08-08 21:30:01,3,Monstera Deliciosa,1662,71.0,Optimal
2026-08-08 21:30:01,2,Tradescantia Zebrina,1419,81.0,Soggy
2026-08-08 21:30:01,1,Gynura Aurantiaca,1702,69.0,Optimal
2026-08-08 22:00:00,2,Tradescantia Zebrina,1410,82.0,Soggy
2026-08-08 22:00:00,1,Gynura Aurantiaca,1685,70.0,Optimal
2026-08-08 22:00:00,3,Monstera Deliciosa,1661,71.0,Optimal
2026-08-08 22:30:00,1,Gynura Aurantiaca,1737,67.0,Optimal
2026-08-08 22:30:00,2,Tradescantia Zebrina,1419,81.0,Soggy
2026-08-08 22:30:01,3,Monstera Deliciosa,1659,71.0,Optimal
2026-08-08 23:00:01,1,Gynura Aurantiaca,1759,67.0,Optimal
2026-08-08 23:00:01,3,Monstera Deliciosa,1655,71.0,Optimal
2026-08-08 23:00:01,2,Tradescantia Zebrina,1421,81.0,Soggy
2026-08-08 23:30:00,3,Monstera Deliciosa,1653,71.0,Optimal
2026-08-08 23:30:01,1,Gynura Aurantiaca,1766,66.0,Optimal
2026-08-08 23:30:01,2,Tradescantia Zebrina,1417,81.0,Soggy
2026-08-09 00:00:00,1,Gynura Aurantiaca,1781,66.0,Optimal
2026-08-09 00:00:00,3,Monstera Deliciosa,1638,72.0,Optimal
2026-08-09 00:00:00,2,Tradescantia Zebrina,1422,81.0,Soggy
2026-08-09 00:30:01,3,Monstera Deliciosa,1651,71.0,Optimal
2026-08-09 00:30:01,1,Gynura Aurantiaca,1793,65.0,Optimal
2026-08-09 00:30:01,2,Tradescantia Zebrina,1425,81.0,Soggy
2026-08-09 01:00:01,1,Gynura Aurantiaca,1792,65.0,Optimal
2026-08-09 01:00:01,3,Monstera Deliciosa,1661,71.0,Optimal
2026-08-09 01:00:01,2,Tradescantia Zebrina,1417,81.0,Soggy
2026-08-09 01:30:00,3,Monstera Deliciosa,1662,71.0,Optimal
2026-08-09 01:30:00,1,Gynura Aurantiaca,1808,64.0,Optimal
2026-08-09 01:30:01,2,Tradescantia Zebrina,1443,80.0,Optimal
2026-08-09 02:00:00,3,Monstera Deliciosa,1660,71.0,Optimal
2026-08-09 02:00:00,1,Gynura Aurantiaca,1807,64.0,Optimal
2026-08-09 02:00:01,2,Tradescantia Zebrina,1424,81.0,Soggy
2026-08-09 02:30:00,1,Gynura Aurantiaca,1811,64.0,Optimal
2026-08-09 02:30:01,3,Monstera Deliciosa,1652,71.0,Optimal
2026-08-09 02:30:02,2,Tradescantia Zebrina,1441,80.0,Optimal
2026-08-09 03:00:01,3,Monstera Deliciosa,1659,71.0,Optimal
2026-08-09 03:00:01,2,Tradescantia Zebrina,1440,80.0,Optimal
2026-08-09 03:00:01,1,Gynura Aurantiaca,1804,65.0,Optimal
2026-08-09 03:30:00,3,Monstera Deliciosa,1669,70.0,Optimal
2026-08-09 03:30:01,2,Tradescantia Zebrina,1420,81.0,Soggy
2026-08-09 03:30:02,1,Gynura Aurantiaca,1822,64.0,Optimal
2026-08-09 04:00:01,3,Monstera Deliciosa,1665,71.0,Optimal
2026-08-09 04:00:01,1,Gynura Aurantiaca,1810,64.0,Optimal
2026-08-09 04:00:02,2,Tradescantia Zebrina,1435,81.0,Soggy
2026-08-09 04:30:01,3,Monstera Deliciosa,1648,71.0,Optimal
2026-08-09 04:30:01,2,Tradescantia Zebrina,1439,80.0,Optimal
2026-08-09 04:30:01,1,Gynura Aurantiaca,1847,63.0,Optimal
2026-08-09 05:00:00,3,Monstera Deliciosa,1661,71.0,Optimal
2026-08-09 05:00:01,1,Gynura Aurantiaca,1837,63.0,Optimal
2026-08-09 05:00:02,2,Tradescantia Zebrina,1449,80.0,Optimal
2026-08-09 05:30:01,3,Monstera Deliciosa,1663,71.0,Optimal
2026-08-09 05:30:01,1,Gynura Aurantiaca,1840,63.0,Optimal
2026-08-09 05:30:04,2,Tradescantia Zebrina,1456,80.0,Optimal
2026-08-09 06:00:00,1,Gynura Aurantiaca,1840,63.0,Optimal
2026-08-09 06:00:01,3,Monstera Deliciosa,1675,70.0,Optimal
2026-08-09 06:00:04,2,Tradescantia Zebrina,1452,80.0,Optimal
2026-08-09 06:30:00,1,Gynura Aurantiaca,1852,62.0,Optimal
2026-08-09 06:30:00,3,Monstera Deliciosa,1677,70.0,Optimal
2026-08-09 06:30:01,2,Tradescantia Zebrina,1458,80.0,Optimal
2026-08-09 07:00:01,3,Monstera Deliciosa,1675,70.0,Optimal
2026-08-09 07:00:01,1,Gynura Aurantiaca,1856,62.0,Optimal
2026-08-09 07:00:01,2,Tradescantia Zebrina,1454,80.0,Optimal
2026-08-09 07:30:01,2,Tradescantia Zebrina,1463,79.0,Optimal
2026-08-09 07:30:01,1,Gynura Aurantiaca,1841,63.0,Optimal
2026-08-09 07:30:01,3,Monstera Deliciosa,1683,70.0,Optimal
2026-08-09 08:00:00,2,Tradescantia Zebrina,1445,80.0,Optimal
2026-08-09 08:00:01,3,Monstera Deliciosa,1674,70.0,Optimal
2026-08-09 08:00:01,1,Gynura Aurantiaca,1860,62.0,Optimal
2026-08-09 08:30:01,1,Gynura Aurantiaca,1873,62.0,Optimal
2026-08-09 08:30:01,3,Monstera Deliciosa,1664,71.0,Optimal
2026-08-09 08:30:02,2,Tradescantia Zebrina,1461,79.0,Optimal
2026-08-09 09:00:00,1,Gynura Aurantiaca,1842,63.0,Optimal
2026-08-09 09:00:01,3,Monstera Deliciosa,1653,71.0,Optimal
2026-08-09 09:00:02,2,Tradescantia Zebrina,1456,80.0,Optimal
2026-08-09 09:30:01,1,Gynura Aurantiaca,1863,62.0,Optimal
2026-08-09 09:30:01,3,Monstera Deliciosa,1675,70.0,Optimal
2026-08-09 09:30:01,2,Tradescantia Zebrina,1472,79.0,Optimal
2026-08-09 10:00:01,3,Monstera Deliciosa,1683,70.0,Optimal
2026-08-09 10:00:01,1,Gynura Aurantiaca,1872,62.0,Optimal
2026-08-09 10:00:01,2,Tradescantia Zebrina,1473,79.0,Optimal
2026-08-09 10:30:01,3,Monstera Deliciosa,1691,69.0,Optimal
2026-08-09 10:30:01,1,Gynura Aurantiaca,1974,57.0,Optimal
2026-08-09 10:30:01,2,Tradescantia Zebrina,1472,79.0,Optimal
2026-08-09 11:00:01,3,Monstera Deliciosa,1679,70.0,Optimal
2026-08-09 11:00:02,2,Tradescantia Zebrina,1478,79.0,Optimal
2026-08-09 11:00:02,1,Gynura Aurantiaca,1967,57.0,Optimal
2026-08-09 11:30:00,3,Monstera Deliciosa,1680,70.0,Optimal
2026-08-09 11:30:01,1,Gynura Aurantiaca,1959,58.0,Optimal
2026-08-09 11:30:01,2,Tradescantia Zebrina,1477,79.0,Optimal
2026-08-09 12:00:00,2,Tradescantia Zebrina,1478,79.0,Optimal
2026-08-09 12:00:01,3,Monstera Deliciosa,1667,71.0,Optimal
2026-08-09 12:00:01,1,Gynura Aurantiaca,1962,58.0,Optimal
2026-08-09 12:30:01,3,Monstera Deliciosa,1681,70.0,Optimal
2026-08-09 12:30:01,2,Tradescantia Zebrina,1482,79.0,Optimal
2026-08-09 12:30:01,1,Gynura Aurantiaca,1945,58.0,Optimal
2026-08-09 13:00:01,3,Monstera Deliciosa,1695,69.0,Optimal
2026-08-09 13:00:03,2,Tradescantia Zebrina,1485,78.0,Optimal
2026-08-09 13:00:03,1,Gynura Aurantiaca,1963,58.0,Optimal
2026-08-09 13:30:00,3,Monstera Deliciosa,1669,70.0,Optimal
2026-08-09 13:30:01,1,Gynura Aurantiaca,1969,57.0,Optimal
2026-08-09 13:30:01,2,Tradescantia Zebrina,1472,79.0,Optimal
2026-08-09 14:00:00,2,Tradescantia Zebrina,1491,78.0,Optimal
2026-08-09 14:00:01,3,Monstera Deliciosa,1662,71.0,Optimal
2026-08-09 14:00:01,1,Gynura Aurantiaca,1986,57.0,Optimal
2026-08-09 14:30:00,2,Tradescantia Zebrina,1510,77.0,Optimal
2026-08-09 14:30:01,1,Gynura Aurantiaca,1971,57.0,Optimal
2026-08-09 14:30:03,3,Monstera Deliciosa,1665,71.0,Optimal
2026-08-09 15:00:00,2,Tradescantia Zebrina,1505,78.0,Optimal
2026-08-09 15:00:01,1,Gynura Aurantiaca,1978,57.0,Optimal
2026-08-09 15:00:01,3,Monstera Deliciosa,1679,70.0,Optimal
2026-08-09 15:30:00,3,Monstera Deliciosa,1690,70.0,Optimal
2026-08-09 15:30:01,2,Tradescantia Zebrina,1493,78.0,Optimal
2026-08-09 15:30:01,1,Gynura Aurantiaca,1983,57.0,Optimal
2026-08-09 16:00:01,3,Monstera Deliciosa,1667,71.0,Optimal
2026-08-09 16:00:02,1,Gynura Aurantiaca,1998,56.0,Optimal
2026-08-09 16:00:03,2,Tradescantia Zebrina,1503,78.0,Optimal
2026-08-09 16:30:01,3,Monstera Deliciosa,1662,71.0,Optimal
2026-08-09 16:30:01,2,Tradescantia Zebrina,1488,78.0,Optimal
2026-08-09 16:30:01,1,Gynura Aurantiaca,1987,57.0,Optimal
2026-08-09 17:00:00,3,Monstera Deliciosa,1666,71.0,Optimal
2026-08-09 17:00:02,1,Gynura Aurantiaca,2000,56.0,Optimal
2026-08-09 17:00:03,2,Tradescantia Zebrina,1503,78.0,Optimal
2026-08-09 17:30:00,3,Monstera Deliciosa,1679,70.0,Optimal
2026-08-09 17:30:02,2,Tradescantia Zebrina,1491,78.0,Optimal
2026-08-09 17:30:03,1,Gynura Aurantiaca,2000,56.0,Optimal
2026-08-09 18:00:01,3,Monstera Deliciosa,1683,70.0,Optimal
2026-08-09 18:00:02,1,Gynura Aurantiaca,1987,57.0,Optimal
2026-08-09 18:00:03,2,Tradescantia Zebrina,1515,77.0,Optimal
2026-08-09 18:30:01,1,Gynura Aurantiaca,1990,56.0,Optimal
2026-08-09 18:30:01,2,Tradescantia Zebrina,1509,77.0,Optimal
2026-08-09 18:30:01,3,Monstera Deliciosa,1667,71.0,Optimal
2026-08-09 19:00:01,1,Gynura Aurantiaca,1995,56.0,Optimal
2026-08-09 19:00:02,3,Monstera Deliciosa,1654,71.0,Optimal
2026-08-09 19:00:02,2,Tradescantia Zebrina,1519,77.0,Optimal
2026-08-09 19:30:01,2,Tradescantia Zebrina,1520,77.0,Optimal
2026-08-09 19:30:01,3,Monstera Deliciosa,1665,71.0,Optimal
2026-08-09 19:30:01,1,Gynura Aurantiaca,2006,56.0,Optimal
2026-08-09 20:00:01,2,Tradescantia Zebrina,1493,78.0,Optimal
2026-08-09 20:00:01,3,Monstera Deliciosa,1674,70.0,Optimal
2026-08-09 20:00:11,1,Gynura Aurantiaca,1991,56.0,Optimal
2026-08-09 20:30:00,3,Monstera Deliciosa,1691,69.0,Optimal
2026-08-09 20:30:01,1,Gynura Aurantiaca,2005,56.0,Optimal
2026-08-09 20:30:01,2,Tradescantia Zebrina,1514,77.0,Optimal
2026-08-09 21:00:00,1,Gynura Aurantiaca,2018,55.0,Optimal
2026-08-09 21:00:00,2,Tradescantia Zebrina,1518,77.0,Optimal
2026-08-09 21:00:01,3,Monstera Deliciosa,1672,70.0,Optimal
2026-08-09 21:30:01,1,Gynura Aurantiaca,2021,55.0,Optimal
2026-08-09 21:30:01,2,Tradescantia Zebrina,1527,77.0,Optimal
2026-08-09 21:30:01,3,Monstera Deliciosa,1677,70.0,Optimal
2026-08-09 22:00:00,3,Monstera Deliciosa,1669,70.0,Optimal
2026-08-09 22:00:00,2,Tradescantia Zebrina,1534,76.0,Optimal
2026-08-09 22:00:01,1,Gynura Aurantiaca,2009,56.0,Optimal
2026-08-09 22:30:00,2,Tradescantia Zebrina,1525,77.0,Optimal
2026-08-09 22:30:01,3,Monstera Deliciosa,1675,70.0,Optimal
2026-08-09 22:30:01,1,Gynura Aurantiaca,2002,56.0,Optimal
2026-08-09 23:00:00,1,Gynura Aurantiaca,2018,55.0,Optimal
2026-08-09 23:00:01,2,Tradescantia Zebrina,1518,77.0,Optimal
2026-08-09 23:00:01,3,Monstera Deliciosa,1671,70.0,Optimal
2026-08-09 23:30:01,1,Gynura Aurantiaca,2019,55.0,Optimal
2026-08-09 23:30:01,2,Tradescantia Zebrina,1520,77.0,Optimal
2026-08-09 23:30:02,3,Monstera Deliciosa,1674,70.0,Optimal
2026-08-10 00:00:01,2,Tradescantia Zebrina,1527,77.0,Optimal
2026-08-10 00:00:01,3,Monstera Deliciosa,1655,71.0,Optimal
2026-08-10 00:00:02,1,Gynura Aurantiaca,2055,54.0,Optimal
2026-08-10 00:30:03,2,Tradescantia Zebrina,1531,76.0,Optimal
2026-08-10 00:30:04,1,Gynura Aurantiaca,2019,55.0,Optimal
2026-08-10 00:30:04,3,Monstera Deliciosa,1664,71.0,Optimal
2026-08-10 01:00:01,1,Gynura Aurantiaca,2064,53.0,Optimal
2026-08-10 01:00:01,2,Tradescantia Zebrina,1511,77.0,Optimal
2026-08-10 01:00:02,3,Monstera Deliciosa,1648,71.0,Optimal
2026-08-10 01:30:01,2,Tradescantia Zebrina,1535,76.0,Optimal
2026-08-10 01:30:01,1,Gynura Aurantiaca,2064,53.0,Optimal
2026-08-10 01:30:01,3,Monstera Deliciosa,1658,71.0,Optimal
2026-08-10 02:00:01,2,Tradescantia Zebrina,1535,76.0,Optimal
2026-08-10 02:00:02,3,Monstera Deliciosa,1669,70.0,Optimal
2026-08-10 02:00:02,1,Gynura Aurantiaca,2084,52.0,Optimal
2026-08-10 02:30:01,2,Tradescantia Zebrina,1535,76.0,Optimal
2026-08-10 02:30:01,1,Gynura Aurantiaca,2091,52.0,Optimal
2026-08-10 02:30:02,3,Monstera Deliciosa,1679,70.0,Optimal
2026-08-10 03:00:01,1,Gynura Aurantiaca,2083,52.0,Optimal
2026-08-10 03:00:01,3,Monstera Deliciosa,1671,70.0,Optimal
2026-08-10 03:00:02,2,Tradescantia Zebrina,1527,77.0,Optimal
2026-08-10 03:30:00,2,Tradescantia Zebrina,1535,76.0,Optimal
2026-08-10 03:30:01,1,Gynura Aurantiaca,2080,53.0,Optimal
2026-08-10 03:30:01,3,Monstera Deliciosa,1662,71.0,Optimal
2026-08-10 04:00:00,1,Gynura Aurantiaca,2084,52.0,Optimal
2026-08-10 04:00:01,3,Monstera Deliciosa,1658,71.0,Optimal
2026-08-10 04:00:01,2,Tradescantia Zebrina,1553,75.0,Optimal
2026-08-10 04:30:01,1,Gynura Aurantiaca,2078,53.0,Optimal
2026-08-10 04:30:01,3,Monstera Deliciosa,1671,70.0,Optimal
2026-08-10 04:30:02,2,Tradescantia Zebrina,1535,76.0,Optimal
2026-08-10 05:00:01,3,Monstera Deliciosa,1650,71.0,Optimal
2026-08-10 05:00:01,2,Tradescantia Zebrina,1560,75.0,Optimal
2026-08-10 05:00:01,1,Gynura Aurantiaca,2095,52.0,Optimal
2026-08-10 05:30:00,3,Monstera Deliciosa,1676,70.0,Optimal
2026-08-10 05:30:01,2,Tradescantia Zebrina,1562,75.0,Optimal
2026-08-10 05:30:01,1,Gynura Aurantiaca,2081,53.0,Optimal
2026-08-10 06:00:01,3,Monstera Deliciosa,1671,70.0,Optimal
2026-08-10 06:00:01,2,Tradescantia Zebrina,1555,75.0,Optimal
2026-08-10 06:00:01,1,Gynura Aurantiaca,2087,52.0,Optimal
2026-08-10 06:30:01,2,Tradescantia Zebrina,1558,75.0,Optimal
2026-08-10 06:30:01,1,Gynura Aurantiaca,2071,53.0,Optimal
2026-08-10 06:30:01,3,Monstera Deliciosa,1667,71.0,Optimal
2026-08-10 07:00:01,3,Monstera Deliciosa,1669,70.0,Optimal
2026-08-10 07:00:01,2,Tradescantia Zebrina,1575,75.0,Optimal
2026-08-10 07:00:02,1,Gynura Aurantiaca,2064,53.0,Optimal
2026-08-10 07:30:01,2,Tradescantia Zebrina,1535,76.0,Optimal
2026-08-10 07:30:01,1,Gynura Aurantiaca,2087,52.0,Optimal
2026-08-10 07:30:01,3,Monstera Deliciosa,1693,69.0,Optimal
2026-08-10 08:00:01,3,Monstera Deliciosa,1685,70.0,Optimal
2026-08-10 08:00:01,1,Gynura Aurantiaca,2090,52.0,Optimal
2026-08-10 08:00:01,2,Tradescantia Zebrina,1558,75.0,Optimal
2026-08-10 08:30:00,3,Monstera Deliciosa,1690,70.0,Optimal
2026-08-10 08:30:01,2,Tradescantia Zebrina,1579,74.0,Optimal
2026-08-10 08:30:01,1,Gynura Aurantiaca,2089,52.0,Optimal
2026-08-10 09:00:01,1,Gynura Aurantiaca,2069,53.0,Optimal
2026-08-10 09:00:01,3,Monstera Deliciosa,1687,70.0,Optimal
2026-08-10 09:00:01,2,Tradescantia Zebrina,1573,75.0,Optimal
2026-08-10 09:30:00,2,Tradescantia Zebrina,1571,75.0,Optimal
2026-08-10 09:30:01,1,Gynura Aurantiaca,2110,51.0,Optimal
2026-08-10 09:30:01,3,Monstera Deliciosa,1699,69.0,Optimal
2026-08-10 10:00:00,1,Gynura Aurantiaca,2098,52.0,Optimal
2026-08-10 10:00:00,3,Monstera Deliciosa,1679,70.0,Optimal
2026-08-10 10:00:01,2,Tradescantia Zebrina,1569,75.0,Optimal
2026-08-10 10:30:01,1,Gynura Aurantiaca,2094,52.0,Optimal
2026-08-10 10:30:01,3,Monstera Deliciosa,1687,70.0,Optimal
2026-08-10 10:30:01,2,Tradescantia Zebrina,1575,75.0,Optimal
2026-08-10 11:00:00,2,Tradescantia Zebrina,1567,75.0,Optimal
2026-08-10 11:00:01,1,Gynura Aurantiaca,2098,52.0,Optimal
2026-08-10 11:00:02,3,Monstera Deliciosa,1695,69.0,Optimal
2026-08-10 11:30:01,3,Monstera Deliciosa,1699,69.0,Optimal
2026-08-10 11:30:01,2,Tradescantia Zebrina,1579,74.0,Optimal
2026-08-10 11:30:01,1,Gynura Aurantiaca,2122,51.0,Optimal
2026-08-10 12:00:01,3,Monstera Deliciosa,1691,69.0,Optimal
2026-08-10 12:00:02,1,Gynura Aurantiaca,2116,51.0,Optimal
2026-08-10 12:00:02,2,Tradescantia Zebrina,1589,74.0,Optimal
2026-08-10 12:30:01,3,Monstera Deliciosa,1676,70.0,Optimal
2026-08-10 12:30:01,1,Gynura Aurantiaca,2112,51.0,Optimal
2026-08-10 12:30:01,2,Tradescantia Zebrina,1600,73.0,Optimal
2026-08-10 13:00:00,2,Tradescantia Zebrina,1577,74.0,Optimal
2026-08-10 13:00:01,3,Monstera Deliciosa,2402,39.0,Moist
2026-08-10 13:00:01,1,Gynura Aurantiaca,2097,52.0,Optimal
2026-08-10 13:30:01,2,Tradescantia Zebrina,1590,74.0,Optimal
2026-08-10 13:30:01,3,Monstera Deliciosa,2304,43.0,Moist
2026-08-10 13:30:01,1,Gynura Aurantiaca,2117,51.0,Optimal
2026-08-10 14:00:01,3,Monstera Deliciosa,2512,34.0,Moist
2026-08-10 14:00:01,1,Gynura Aurantiaca,2119,51.0,Optimal
2026-08-10 14:00:01,2,Tradescantia Zebrina,1584,74.0,Optimal
2026-08-10 14:30:01,3,Monstera Deliciosa,2665,27.0,Moist
2026-08-10 14:30:01,2,Tradescantia Zebrina,1601,73.0,Optimal
2026-08-10 14:30:02,1,Gynura Aurantiaca,2107,51.0,Optimal
2026-08-10 15:00:01,1,Gynura Aurantiaca,2133,50.0,Moist
2026-08-10 15:00:01,3,Monstera Deliciosa,3114,8.0,Dry
2026-08-10 15:00:01,2,Tradescantia Zebrina,1595,74.0,Optimal
2026-08-10 15:30:01,3,Monstera Deliciosa,2024,55.0,Optimal
2026-08-10 15:30:01,2,Tradescantia Zebrina,1600,73.0,Optimal
2026-08-10 15:30:01,1,Gynura Aurantiaca,2129,50.0,Moist
2026-08-10 16:00:01,3,Monstera Deliciosa,2553,32.0,Moist
2026-08-10 16:00:01,2,Tradescantia Zebrina,1600,73.0,Optimal
2026-08-10 16:00:02,1,Gynura Aurantiaca,2130,50.0,Moist
2026-08-10 16:30:01,1,Gynura Aurantiaca,2128,50.0,Moist
2026-08-10 16:30:01,2,Tradescantia Zebrina,1605,73.0,Optimal
2026-08-10 16:30:02,3,Monstera Deliciosa,1876,61.0,Optimal
2026-08-10 17:00:01,1,Gynura Aurantiaca,2138,50.0,Moist
2026-08-10 17:00:01,3,Monstera Deliciosa,1595,74.0,Optimal
2026-08-10 17:00:01,2,Tradescantia Zebrina,1619,73.0,Optimal
2026-08-10 17:30:00,2,Tradescantia Zebrina,1591,74.0,Optimal
2026-08-10 17:30:01,3,Monstera Deliciosa,1623,72.0,Optimal
2026-08-10 17:30:01,1,Gynura Aurantiaca,2128,50.0,Moist
2026-08-10 18:00:01,2,Tradescantia Zebrina,1621,73.0,Optimal
2026-08-10 18:00:01,3,Monstera Deliciosa,1727,68.0,Optimal
2026-08-10 18:00:01,1,Gynura Aurantiaca,2137,50.0,Moist
2026-08-10 18:30:01,3,Monstera Deliciosa,2761,23.0,Moist
2026-08-10 18:30:01,1,Gynura Aurantiaca,2139,50.0,Moist
2026-08-10 18:30:01,2,Tradescantia Zebrina,1615,73.0,Optimal
2026-08-10 19:00:01,2,Tradescantia Zebrina,1623,72.0,Optimal
2026-08-10 19:00:01,3,Monstera Deliciosa,2716,25.0,Moist
2026-08-10 19:00:01,1,Gynura Aurantiaca,2144,50.0,Moist
2026-08-10 19:30:00,3,Monstera Deliciosa,2748,24.0,Moist
2026-08-10 19:30:01,1,Gynura Aurantiaca,2144,50.0,Moist
2026-08-10 19:30:01,2,Tradescantia Zebrina,1619,73.0,Optimal
2026-08-10 20:00:02,3,Monstera Deliciosa,2558,32.0,Moist
2026-08-10 20:00:02,1,Gynura Aurantiaca,2133,50.0,Moist
2026-08-10 20:00:02,2,Tradescantia Zebrina,1623,72.0,Optimal
2026-08-10 20:30:01,1,Gynura Aurantiaca,2160,49.0,Moist
2026-08-10 20:30:01,3,Monstera Deliciosa,2347,41.0,Moist
2026-08-10 20:30:02,2,Tradescantia Zebrina,1617,73.0,Optimal
2026-08-10 21:00:01,1,Gynura Aurantiaca,2161,49.0,Moist
2026-08-10 21:00:01,3,Monstera Deliciosa,2210,47.0,Moist
2026-08-10 21:00:01,2,Tradescantia Zebrina,1631,72.0,Optimal
2026-08-10 21:30:00,1,Gynura Aurantiaca,2164,49.0,Moist
2026-08-10 21:30:01,3,Monstera Deliciosa,2021,55.0,Optimal
2026-08-10 21:30:01,2,Tradescantia Zebrina,1637,72.0,Optimal
2026-08-10 22:00:01,1,Gynura Aurantiaca,2186,48.0,Moist
2026-08-10 22:00:01,3,Monstera Deliciosa,1616,73.0,Optimal
2026-08-10 22:00:01,2,Tradescantia Zebrina,1639,72.0,Optimal
2026-08-10 22:30:00,2,Tradescantia Zebrina,1639,72.0,Optimal
2026-08-10 22:30:01,3,Monstera Deliciosa,1456,80.0,Optimal
2026-08-10 22:30:01,1,Gynura Aurantiaca,2169,49.0,Moist
2026-08-10 23:00:00,1,Gynura Aurantiaca,2176,48.0,Moist
2026-08-10 23:00:01,2,Tradescantia Zebrina,1643,72.0,Optimal
2026-08-10 23:00:01,3,Monstera Deliciosa,1444,80.0,Optimal
2026-08-10 23:30:01,1,Gynura Aurantiaca,2193,48.0,Moist
2026-08-10 23:30:01,2,Tradescantia Zebrina,1638,72.0,Optimal
2026-08-10 23:30:02,3,Monstera Deliciosa,1390,83.0,Soggy
2026-08-11 00:00:00,2,Tradescantia Zebrina,1642,72.0,Optimal
2026-08-11 00:00:01,3,Monstera Deliciosa,1372,83.0,Soggy
2026-08-11 00:00:01,1,Gynura Aurantiaca,2189,48.0,Moist
2026-08-11 00:30:01,1,Gynura Aurantiaca,2194,48.0,Moist
2026-08-11 00:30:01,2,Tradescantia Zebrina,1654,71.0,Optimal
2026-08-11 00:30:01,3,Monstera Deliciosa,1362,84.0,Soggy
2026-08-11 01:00:01,3,Monstera Deliciosa,1361,84.0,Soggy
2026-08-11 01:00:01,1,Gynura Aurantiaca,2212,47.0,Moist
2026-08-11 01:00:01,2,Tradescantia Zebrina,1652,71.0,Optimal
2026-08-11 01:30:00,2,Tradescantia Zebrina,1658,71.0,Optimal
2026-08-11 01:30:01,1,Gynura Aurantiaca,2219,47.0,Moist
2026-08-11 01:30:01,3,Monstera Deliciosa,1379,83.0,Soggy
2026-08-11 02:00:01,1,Gynura Aurantiaca,2221,46.0,Moist
2026-08-11 02:00:01,2,Tradescantia Zebrina,1655,71.0,Optimal
2026-08-11 02:00:02,3,Monstera Deliciosa,1378,83.0,Soggy
2026-08-11 02:30:00,3,Monstera Deliciosa,1392,82.0,Soggy
2026-08-11 02:30:01,1,Gynura Aurantiaca,2238,46.0,Moist
2026-08-11 02:30:01,2,Tradescantia Zebrina,1654,71.0,Optimal
2026-08-11 03:00:00,3,Monstera Deliciosa,1377,83.0,Soggy
2026-08-11 03:00:00,2,Tradescantia Zebrina,1654,71.0,Optimal
2026-08-11 03:00:01,1,Gynura Aurantiaca,2234,46.0,Moist
2026-08-11 03:30:01,2,Tradescantia Zebrina,1666,71.0,Optimal
2026-08-11 03:30:01,1,Gynura Aurantiaca,2231,46.0,Moist
2026-08-11 03:30:01,3,Monstera Deliciosa,1389,83.0,Soggy
2026-08-11 04:00:00,2,Tradescantia Zebrina,1674,70.0,Optimal
2026-08-11 04:00:01,1,Gynura Aurantiaca,2224,46.0,Moist
2026-08-11 04:00:01,3,Monstera Deliciosa,1365,84.0,Soggy
2026-08-11 04:30:01,2,Tradescantia Zebrina,1670,70.0,Optimal
2026-08-11 04:30:01,3,Monstera Deliciosa,1391,83.0,Soggy
2026-08-11 04:30:01,1,Gynura Aurantiaca,2240,46.0,Moist
2026-08-11 05:00:00,3,Monstera Deliciosa,1365,84.0,Soggy
2026-08-11 05:00:01,1,Gynura Aurantiaca,2241,46.0,Moist
2026-08-11 05:00:01,2,Tradescantia Zebrina,1679,70.0,Optimal
2026-08-11 05:30:00,3,Monstera Deliciosa,1360,84.0,Soggy
2026-08-11 05:30:01,1,Gynura Aurantiaca,2234,46.0,Moist
2026-08-11 05:30:02,2,Tradescantia Zebrina,1690,70.0,Optimal
2026-08-11 06:00:01,3,Monstera Deliciosa,1389,83.0,Soggy
2026-08-11 06:00:01,1,Gynura Aurantiaca,2239,46.0,Moist
2026-08-11 06:00:04,2,Tradescantia Zebrina,1693,69.0,Optimal
2026-08-11 06:30:01,1,Gynura Aurantiaca,2255,45.0,Moist
2026-08-11 06:30:01,3,Monstera Deliciosa,1399,82.0,Soggy
2026-08-11 06:30:05,2,Tradescantia Zebrina,1694,69.0,Optimal
2026-08-11 07:00:00,3,Monstera Deliciosa,1396,82.0,Soggy
2026-08-11 07:00:01,1,Gynura Aurantiaca,2239,46.0,Moist
2026-08-11 07:00:01,2,Tradescantia Zebrina,1689,70.0,Optimal
2026-08-11 07:30:01,3,Monstera Deliciosa,1402,82.0,Soggy
2026-08-11 07:30:01,1,Gynura Aurantiaca,2251,45.0,Moist
2026-08-11 07:30:01,2,Tradescantia Zebrina,1717,68.0,Optimal
2026-08-11 08:00:00,1,Gynura Aurantiaca,2233,46.0,Moist
2026-08-11 08:00:01,3,Monstera Deliciosa,1392,82.0,Soggy
2026-08-11 08:00:01,2,Tradescantia Zebrina,1694,69.0,Optimal
2026-08-11 08:30:00,3,Monstera Deliciosa,1404,82.0,Soggy
2026-08-11 08:30:01,1,Gynura Aurantiaca,2247,45.0,Moist
2026-08-11 08:30:01,2,Tradescantia Zebrina,1684,70.0,Optimal
2026-08-11 09:00:01,3,Monstera Deliciosa,1392,82.0,Soggy
2026-08-11 09:00:01,1,Gynura Aurantiaca,2234,46.0,Moist
2026-08-11 09:00:01,2,Tradescantia Zebrina,1709,69.0,Optimal
2026-08-11 09:30:01,2,Tradescantia Zebrina,1711,69.0,Optimal
2026-08-11 09:30:01,3,Monstera Deliciosa,1383,83.0,Soggy
2026-08-11 09:30:02,1,Gynura Aurantiaca,2259,45.0,Moist
2026-08-11 10:00:00,3,Monstera Deliciosa,1395,82.0,Soggy
2026-08-11 10:00:01,2,Tradescantia Zebrina,1712,69.0,Optimal
2026-08-11 10:00:01,1,Gynura Aurantiaca,2256,45.0,Moist
2026-08-11 10:30:00,2,Tradescantia Zebrina,1712,69.0,Optimal
2026-08-11 10:30:00,3,Monstera Deliciosa,1415,81.0,Soggy
2026-08-11 10:30:01,1,Gynura Aurantiaca,2231,46.0,Moist
2026-08-11 11:00:00,2,Tradescantia Zebrina,1712,69.0,Optimal
2026-08-11 11:00:01,1,Gynura Aurantiaca,2256,45.0,Moist
2026-08-11 11:00:01,3,Monstera Deliciosa,1374,83.0,Soggy
2026-08-11 11:30:01,2,Tradescantia Zebrina,1725,68.0,Optimal
2026-08-11 11:30:01,1,Gynura Aurantiaca,2274,44.0,Moist
2026-08-11 11:30:01,3,Monstera Deliciosa,1389,83.0,Soggy
2026-08-11 12:00:01,3,Monstera Deliciosa,1411,82.0,Soggy
2026-08-11 12:00:01,2,Tradescantia Zebrina,1738,67.0,Optimal
2026-08-11 12:00:02,1,Gynura Aurantiaca,2274,44.0,Moist
2026-08-11 12:30:01,2,Tradescantia Zebrina,1739,67.0,Optimal
2026-08-11 12:30:01,1,Gynura Aurantiaca,2271,44.0,Moist
2026-08-11 12:30:01,3,Monstera Deliciosa,1389,83.0,Soggy
2026-08-11 13:00:01,3,Monstera Deliciosa,1401,82.0,Soggy
2026-08-11 13:00:01,1,Gynura Aurantiaca,2271,44.0,Moist
2026-08-11 13:00:01,2,Tradescantia Zebrina,1728,68.0,Optimal
2026-08-11 13:30:01,1,Gynura Aurantiaca,2278,44.0,Moist
2026-08-11 13:30:01,3,Monstera Deliciosa,1375,83.0,Soggy
2026-08-11 13:30:01,2,Tradescantia Zebrina,1713,69.0,Optimal
2026-08-11 14:00:00,3,Monstera Deliciosa,1377,83.0,Soggy
2026-08-11 14:00:01,1,Gynura Aurantiaca,2277,44.0,Moist
2026-08-11 14:00:02,2,Tradescantia Zebrina,1735,68.0,Optimal
2026-08-11 14:30:01,3,Monstera Deliciosa,1395,82.0,Soggy
2026-08-11 14:30:01,1,Gynura Aurantiaca,2279,44.0,Moist
2026-08-11 14:30:01,2,Tradescantia Zebrina,1749,67.0,Optimal
2026-08-11 15:00:00,1,Gynura Aurantiaca,2278,44.0,Moist
2026-08-11 15:00:01,3,Monstera Deliciosa,1387,83.0,Soggy
2026-08-11 15:00:01,2,Tradescantia Zebrina,1759,67.0,Optimal
2026-08-11 15:30:00,3,Monstera Deliciosa,1377,83.0,Soggy
2026-08-11 15:30:01,1,Gynura Aurantiaca,2298,43.0,Moist
2026-08-11 15:30:02,2,Tradescantia Zebrina,1764,66.0,Optimal
2026-08-11 16:00:01,3,Monstera Deliciosa,1393,82.0,Soggy
2026-08-11 16:00:01,1,Gynura Aurantiaca,2301,43.0,Moist
2026-08-11 16:00:01,2,Tradescantia Zebrina,1790,65.0,Optimal
2026-08-11 16:30:01,3,Monstera Deliciosa,1357,84.0,Soggy
2026-08-11 16:30:01,1,Gynura Aurantiaca,2301,43.0,Moist
2026-08-11 16:30:01,2,Tradescantia Zebrina,1775,66.0,Optimal
2026-08-11 17:00:00,3,Monstera Deliciosa,1365,84.0,Soggy
2026-08-11 17:00:01,1,Gynura Aurantiaca,2324,42.0,Moist
2026-08-11 17:00:01,2,Tradescantia Zebrina,1780,66.0,Optimal
2026-08-11 17:30:01,3,Monstera Deliciosa,1355,84.0,Soggy
2026-08-11 17:30:01,1,Gynura Aurantiaca,2313,42.0,Moist
2026-08-11 17:30:01,2,Tradescantia Zebrina,1805,65.0,Optimal
2026-08-11 18:00:01,1,Gynura Aurantiaca,2327,42.0,Moist
2026-08-11 18:00:01,3,Monstera Deliciosa,1379,83.0,Soggy
2026-08-11 18:00:01,2,Tradescantia Zebrina,1796,65.0,Optimal
2026-08-11 18:30:00,1,Gynura Aurantiaca,2353,41.0,Moist
2026-08-11 18:30:01,2,Tradescantia Zebrina,1811,64.0,Optimal
2026-08-11 18:30:01,3,Monstera Deliciosa,1360,84.0,Soggy
2026-08-11 19:00:01,1,Gynura Aurantiaca,2320,42.0,Moist
2026-08-11 19:00:01,3,Monstera Deliciosa,1387,83.0,Soggy
2026-08-11 19:00:02,2,Tradescantia Zebrina,1801,65.0,Optimal
2026-08-11 19:30:01,3,Monstera Deliciosa,1376,83.0,Soggy
2026-08-11 19:30:01,1,Gynura Aurantiaca,2338,41.0,Moist
2026-08-11 19:30:02,2,Tradescantia Zebrina,1804,65.0,Optimal
2026-08-11 20:00:01,1,Gynura Aurantiaca,2336,41.0,Moist
2026-08-11 20:00:01,3,Monstera Deliciosa,1367,84.0,Soggy
2026-08-11 20:00:01,2,Tradescantia Zebrina,1807,64.0,Optimal
2026-08-11 20:30:00,1,Gynura Aurantiaca,2343,41.0,Moist
2026-08-11 20:30:01,3,Monstera Deliciosa,1384,83.0,Soggy
2026-08-11 20:30:01,2,Tradescantia Zebrina,1815,64.0,Optimal
2026-08-11 21:00:00,1,Gynura Aurantiaca,2335,41.0,Moist
2026-08-11 21:00:01,3,Monstera Deliciosa,1375,83.0,Soggy
2026-08-11 21:00:01,2,Tradescantia Zebrina,1824,64.0,Optimal
2026-08-11 21:30:00,3,Monstera Deliciosa,1375,83.0,Soggy
2026-08-11 21:30:01,1,Gynura Aurantiaca,2333,42.0,Moist
2026-08-11 21:30:01,2,Tradescantia Zebrina,1828,64.0,Optimal
2026-08-11 22:00:01,2,Tradescantia Zebrina,1818,64.0,Optimal
2026-08-11 22:00:01,3,Monstera Deliciosa,1385,83.0,Soggy
2026-08-11 22:00:01,1,Gynura Aurantiaca,2352,41.0,Moist
2026-08-11 22:30:00,2,Tradescantia Zebrina,1835,63.0,Optimal
2026-08-11 22:30:00,1,Gynura Aurantiaca,2347,41.0,Moist
2026-08-11 22:30:01,3,Monstera Deliciosa,1390,83.0,Soggy
2026-08-11 23:00:00,2,Tradescantia Zebrina,1828,64.0,Optimal
2026-08-11 23:00:00,3,Monstera Deliciosa,1381,83.0,Soggy
2026-08-11 23:00:01,1,Gynura Aurantiaca,2352,41.0,Moist
2026-08-11 23:30:00,2,Tradescantia Zebrina,1833,63.0,Optimal
2026-08-11 23:30:00,3,Monstera Deliciosa,1365,84.0,Soggy
2026-08-11 23:30:01,1,Gynura Aurantiaca,2349,41.0,Moist
2026-08-12 00:00:01,1,Gynura Aurantiaca,2345,41.0,Moist
2026-08-12 00:00:01,3,Monstera Deliciosa,1371,83.0,Soggy
2026-08-12 00:00:01,2,Tradescantia Zebrina,1827,64.0,Optimal
2026-08-12 00:30:00,3,Monstera Deliciosa,1348,84.0,Soggy
2026-08-12 00:30:01,1,Gynura Aurantiaca,2334,42.0,Moist
2026-08-12 00:30:01,2,Tradescantia Zebrina,1846,63.0,Optimal
2026-08-12 01:00:00,3,Monstera Deliciosa,1363,84.0,Soggy
2026-08-12 01:00:01,2,Tradescantia Zebrina,1863,62.0,Optimal
2026-08-12 01:00:02,1,Gynura Aurantiaca,2346,41.0,Moist
2026-08-12 01:30:01,3,Monstera Deliciosa,1361,84.0,Soggy
2026-08-12 01:30:01,2,Tradescantia Zebrina,1872,62.0,Optimal
2026-08-12 01:30:01,1,Gynura Aurantiaca,2365,40.0,Moist
2026-08-12 02:00:01,3,Monstera Deliciosa,1365,84.0,Soggy
2026-08-12 02:00:02,1,Gynura Aurantiaca,2361,40.0,Moist
2026-08-12 02:00:02,2,Tradescantia Zebrina,1866,62.0,Optimal
2026-08-12 02:30:00,3,Monstera Deliciosa,1391,83.0,Soggy
2026-08-12 02:30:01,1,Gynura Aurantiaca,2381,39.0,Moist
2026-08-12 02:30:01,2,Tradescantia Zebrina,1861,62.0,Optimal
2026-08-12 03:00:00,1,Gynura Aurantiaca,2384,39.0,Moist
2026-08-12 03:00:00,2,Tradescantia Zebrina,1877,61.0,Optimal
2026-08-12 03:00:01,3,Monstera Deliciosa,1370,83.0,Soggy
2026-08-12 03:30:01,1,Gynura Aurantiaca,2370,40.0,Moist
2026-08-12 03:30:01,2,Tradescantia Zebrina,1857,62.0,Optimal
2026-08-12 03:30:01,3,Monstera Deliciosa,1354,84.0,Soggy
2026-08-12 04:00:01,3,Monstera Deliciosa,1386,83.0,Soggy
2026-08-12 04:00:01,1,Gynura Aurantiaca,2386,39.0,Moist
2026-08-12 04:00:01,2,Tradescantia Zebrina,1872,62.0,Optimal
2026-08-12 04:30:00,1,Gynura Aurantiaca,2383,39.0,Moist
2026-08-12 04:30:00,2,Tradescantia Zebrina,1874,62.0,Optimal
2026-08-12 04:30:01,3,Monstera Deliciosa,1381,83.0,Soggy
2026-08-12 05:00:00,3,Monstera Deliciosa,1366,84.0,Soggy
2026-08-12 05:00:00,1,Gynura Aurantiaca,2413,38.0,Moist
2026-08-12 05:00:01,2,Tradescantia Zebrina,1882,61.0,Optimal
2026-08-12 05:30:01,1,Gynura Aurantiaca,2400,39.0,Moist
2026-08-12 05:30:01,3,Monstera Deliciosa,1382,83.0,Soggy
2026-08-12 05:30:01,2,Tradescantia Zebrina,1873,62.0,Optimal
2026-08-12 06:00:00,2,Tradescantia Zebrina,1871,62.0,Optimal
2026-08-12 06:00:01,1,Gynura Aurantiaca,2398,39.0,Moist
2026-08-12 06:00:01,3,Monstera Deliciosa,1397,82.0,Soggy
2026-08-12 06:30:00,1,Gynura Aurantiaca,2391,39.0,Moist
2026-08-12 06:30:00,2,Tradescantia Zebrina,1891,61.0,Optimal
2026-08-12 06:30:00,3,Monstera Deliciosa,1362,84.0,Soggy
2026-08-12 07:00:01,1,Gynura Aurantiaca,2393,39.0,Moist
2026-08-12 07:00:01,3,Monstera Deliciosa,1395,82.0,Soggy
2026-08-12 07:00:01,2,Tradescantia Zebrina,1884,61.0,Optimal
2026-08-12 07:30:00,3,Monstera Deliciosa,1379,83.0,Soggy
2026-08-12 07:30:00,2,Tradescantia Zebrina,1884,61.0,Optimal
2026-08-12 07:30:01,1,Gynura Aurantiaca,2399,39.0,Moist
2026-08-12 08:00:00,1,Gynura Aurantiaca,2416,38.0,Moist
2026-08-12 08:00:01,3,Monstera Deliciosa,1407,82.0,Soggy
2026-08-12 08:00:01,2,Tradescantia Zebrina,1872,62.0,Optimal
2026-08-12 08:30:01,1,Gynura Aurantiaca,2402,39.0,Moist
2026-08-12 08:30:01,2,Tradescantia Zebrina,1903,60.0,Optimal
2026-08-12 08:30:01,3,Monstera Deliciosa,1389,83.0,Soggy
2026-08-12 09:00:01,2,Tradescantia Zebrina,1899,60.0,Optimal
2026-08-12 09:00:01,3,Monstera Deliciosa,1373,83.0,Soggy
2026-08-12 09:00:01,1,Gynura Aurantiaca,2417,38.0,Moist
2026-08-12 09:30:01,1,Gynura Aurantiaca,2405,38.0,Moist
2026-08-12 09:30:01,3,Monstera Deliciosa,1409,82.0,Soggy
2026-08-12 09:30:01,2,Tradescantia Zebrina,1886,61.0,Optimal
2026-08-12 10:00:00,3,Monstera Deliciosa,1373,83.0,Soggy
2026-08-12 10:00:01,2,Tradescantia Zebrina,1899,60.0,Optimal
2026-08-12 10:00:01,1,Gynura Aurantiaca,2391,39.0,Moist
2026-08-12 10:30:01,1,Gynura Aurantiaca,2413,38.0,Moist
2026-08-12 10:30:01,3,Monstera Deliciosa,1386,83.0,Soggy
2026-08-12 10:30:01,2,Tradescantia Zebrina,1902,60.0,Optimal
2026-08-12 11:00:01,2,Tradescantia Zebrina,1915,60.0,Optimal
2026-08-12 11:00:01,1,Gynura Aurantiaca,2397,39.0,Moist
2026-08-12 11:00:01,3,Monstera Deliciosa,1387,83.0,Soggy
2026-08-12 11:30:01,2,Tradescantia Zebrina,1898,60.0,Optimal
2026-08-12 11:30:01,3,Monstera Deliciosa,1386,83.0,Soggy
2026-08-12 11:30:02,1,Gynura Aurantiaca,2411,38.0,Moist
2026-08-12 12:00:01,2,Tradescantia Zebrina,1907,60.0,Optimal
2026-08-12 12:00:01,1,Gynura Aurantiaca,2406,38.0,Moist
2026-08-12 12:00:02,3,Monstera Deliciosa,1376,83.0,Soggy
2026-08-12 12:30:01,3,Monstera Deliciosa,1392,82.0,Soggy
2026-08-12 12:30:01,2,Tradescantia Zebrina,1909,60.0,Optimal
2026-08-12 12:30:01,1,Gynura Aurantiaca,2416,38.0,Moist
2026-08-12 13:00:00,2,Tradescantia Zebrina,1909,60.0,Optimal
2026-08-12 13:00:01,1,Gynura Aurantiaca,2419,38.0,Moist
2026-08-12 13:00:01,3,Monstera Deliciosa,1393,82.0,Soggy
2026-08-12 13:30:01,3,Monstera Deliciosa,1380,83.0,Soggy
2026-08-12 13:30:01,2,Tradescantia Zebrina,1920,60.0,Optimal
2026-08-12 13:30:02,1,Gynura Aurantiaca,2405,38.0,Moist
2026-08-12 14:00:01,2,Tradescantia Zebrina,1915,60.0,Optimal
2026-08-12 14:00:01,1,Gynura Aurantiaca,2426,38.0,Moist
2026-08-12 14:00:01,3,Monstera Deliciosa,1373,83.0,Soggy
2026-08-12 14:30:00,3,Monstera Deliciosa,1375,83.0,Soggy
2026-08-12 14:30:00,2,Tradescantia Zebrina,1927,59.0,Optimal
2026-08-12 14:30:00,1,Gynura Aurantiaca,2428,37.0,Moist
2026-08-12 15:00:01,2,Tradescantia Zebrina,1930,59.0,Optimal
2026-08-12 15:00:01,3,Monstera Deliciosa,1393,82.0,Soggy
2026-08-12 15:00:01,1,Gynura Aurantiaca,2442,37.0,Moist
2026-08-12 15:30:01,3,Monstera Deliciosa,1399,82.0,Soggy
2026-08-12 15:30:01,2,Tradescantia Zebrina,1919,60.0,Optimal
2026-08-12 15:30:01,1,Gynura Aurantiaca,2447,37.0,Moist
2026-08-12 16:00:00,3,Monstera Deliciosa,1361,84.0,Soggy
2026-08-12 16:00:01,1,Gynura Aurantiaca,2447,37.0,Moist
2026-08-12 16:00:02,2,Tradescantia Zebrina,1934,59.0,Optimal
2026-08-12 16:30:01,3,Monstera Deliciosa,1392,82.0,Soggy
2026-08-12 16:30:01,2,Tradescantia Zebrina,1950,58.0,Optimal
2026-08-12 16:30:01,1,Gynura Aurantiaca,2448,37.0,Moist
2026-08-12 17:00:01,1,Gynura Aurantiaca,2448,37.0,Moist
2026-08-12 17:00:01,3,Monstera Deliciosa,1373,83.0,Soggy
2026-08-12 17:00:01,2,Tradescantia Zebrina,1936,59.0,Optimal
2026-08-12 17:30:00,3,Monstera Deliciosa,1383,83.0,Soggy
2026-08-12 17:30:01,1,Gynura Aurantiaca,2421,38.0,Moist
2026-08-12 17:30:01,2,Tradescantia Zebrina,1939,59.0,Optimal
2026-08-12 18:00:00,1,Gynura Aurantiaca,2444,37.0,Moist
2026-08-12 18:00:01,2,Tradescantia Zebrina,1957,58.0,Optimal
2026-08-12 18:00:01,3,Monstera Deliciosa,1403,82.0,Soggy
2026-08-12 18:30:01,1,Gynura Aurantiaca,2426,38.0,Moist
2026-08-12 18:30:01,2,Tradescantia Zebrina,1946,58.0,Optimal
2026-08-12 18:30:02,3,Monstera Deliciosa,1403,82.0,Soggy
2026-08-12 19:00:00,3,Monstera Deliciosa,1408,82.0,Soggy
2026-08-12 19:00:01,1,Gynura Aurantiaca,2443,37.0,Moist
2026-08-12 19:00:01,2,Tradescantia Zebrina,1942,59.0,Optimal
2026-08-12 19:30:00,1,Gynura Aurantiaca,2449,37.0,Moist
2026-08-12 19:30:00,3,Monstera Deliciosa,1401,82.0,Soggy
2026-08-12 19:30:00,2,Tradescantia Zebrina,1968,57.0,Optimal
2026-08-12 20:00:01,1,Gynura Aurantiaca,2442,37.0,Moist
2026-08-12 20:00:01,2,Tradescantia Zebrina,1951,58.0,Optimal
2026-08-12 20:00:01,3,Monstera Deliciosa,1392,82.0,Soggy
2026-08-12 20:30:00,2,Tradescantia Zebrina,1953,58.0,Optimal
2026-08-12 20:30:01,1,Gynura Aurantiaca,2454,36.0,Moist
2026-08-12 20:30:01,3,Monstera Deliciosa,1396,82.0,Soggy
2026-08-12 21:00:00,1,Gynura Aurantiaca,2462,36.0,Moist
2026-08-12 21:00:01,3,Monstera Deliciosa,1374,83.0,Soggy
2026-08-12 21:00:01,2,Tradescantia Zebrina,1970,57.0,Optimal
2026-08-12 21:30:01,1,Gynura Aurantiaca,2471,36.0,Moist
2026-08-12 21:30:01,3,Monstera Deliciosa,1392,82.0,Soggy
2026-08-12 21:30:02,2,Tradescantia Zebrina,1957,58.0,Optimal
2026-08-12 22:00:01,3,Monstera Deliciosa,1384,83.0,Soggy
2026-08-12 22:00:01,2,Tradescantia Zebrina,1966,58.0,Optimal
2026-08-12 22:00:01,1,Gynura Aurantiaca,2452,36.0,Moist
2026-08-12 22:30:00,2,Tradescantia Zebrina,1970,57.0,Optimal
2026-08-12 22:30:01,1,Gynura Aurantiaca,2451,36.0,Moist
2026-08-12 22:30:01,3,Monstera Deliciosa,1390,83.0,Soggy
2026-08-12 23:00:00,3,Monstera Deliciosa,1383,83.0,Soggy
2026-08-12 23:00:01,2,Tradescantia Zebrina,1995,56.0,Optimal
2026-08-12 23:00:01,1,Gynura Aurantiaca,2455,36.0,Moist
2026-08-12 23:30:01,2,Tradescantia Zebrina,2007,56.0,Optimal
2026-08-12 23:30:01,3,Monstera Deliciosa,1382,83.0,Soggy
2026-08-12 23:30:01,1,Gynura Aurantiaca,2463,36.0,Moist
2026-08-13 00:00:01,2,Tradescantia Zebrina,2025,55.0,Optimal
2026-08-13 00:00:01,3,Monstera Deliciosa,1376,83.0,Soggy
2026-08-13 00:00:01,1,Gynura Aurantiaca,2480,35.0,Moist
2026-08-13 00:30:00,1,Gynura Aurantiaca,2469,36.0,Moist
2026-08-13 00:30:01,2,Tradescantia Zebrina,1998,56.0,Optimal
2026-08-13 00:30:01,3,Monstera Deliciosa,1379,83.0,Soggy
2026-08-13 01:00:01,3,Monstera Deliciosa,1387,83.0,Soggy
2026-08-13 01:00:01,1,Gynura Aurantiaca,2470,36.0,Moist
2026-08-13 01:00:01,2,Tradescantia Zebrina,2017,55.0,Optimal
2026-08-13 01:30:00,2,Tradescantia Zebrina,2026,55.0,Optimal
2026-08-13 01:30:01,3,Monstera Deliciosa,1375,83.0,Soggy
2026-08-13 01:30:01,1,Gynura Aurantiaca,2499,34.0,Moist
2026-08-13 02:00:01,1,Gynura Aurantiaca,2490,35.0,Moist
2026-08-13 02:00:01,2,Tradescantia Zebrina,2028,55.0,Optimal
2026-08-13 02:00:01,3,Monstera Deliciosa,1401,82.0,Soggy
2026-08-13 02:30:01,3,Monstera Deliciosa,1378,83.0,Soggy
2026-08-13 02:30:01,2,Tradescantia Zebrina,2031,55.0,Optimal
2026-08-13 02:30:01,1,Gynura Aurantiaca,2482,35.0,Moist
2026-08-13 03:00:00,2,Tradescantia Zebrina,2034,55.0,Optimal
2026-08-13 03:00:00,1,Gynura Aurantiaca,2503,34.0,Moist
2026-08-13 03:00:01,3,Monstera Deliciosa,1381,83.0,Soggy
2026-08-13 03:30:00,3,Monstera Deliciosa,1379,83.0,Soggy
2026-08-13 03:30:00,2,Tradescantia Zebrina,2033,55.0,Optimal
2026-08-13 03:30:00,1,Gynura Aurantiaca,2483,35.0,Moist
2026-08-13 04:00:01,3,Monstera Deliciosa,1395,82.0,Soggy
2026-08-13 04:00:01,2,Tradescantia Zebrina,2055,54.0,Optimal
2026-08-13 04:00:01,1,Gynura Aurantiaca,2505,34.0,Moist
2026-08-13 04:30:01,3,Monstera Deliciosa,1366,84.0,Soggy
2026-08-13 04:30:02,1,Gynura Aurantiaca,2507,34.0,Moist
2026-08-13 04:30:02,2,Tradescantia Zebrina,2054,54.0,Optimal
2026-08-13 05:00:01,3,Monstera Deliciosa,1391,83.0,Soggy
2026-08-13 05:00:01,2,Tradescantia Zebrina,2034,55.0,Optimal
2026-08-13 05:00:01,1,Gynura Aurantiaca,2505,34.0,Moist
2026-08-13 05:30:00,1,Gynura Aurantiaca,2512,34.0,Moist
2026-08-13 05:30:01,2,Tradescantia Zebrina,2055,54.0,Optimal
2026-08-13 05:30:01,3,Monstera Deliciosa,1384,83.0,Soggy
2026-08-13 06:00:00,3,Monstera Deliciosa,1375,83.0,Soggy
2026-08-13 06:00:01,2,Tradescantia Zebrina,2055,54.0,Optimal
2026-08-13 06:00:01,1,Gynura Aurantiaca,2513,34.0,Moist
2026-08-13 06:30:00,2,Tradescantia Zebrina,2064,53.0,Optimal
2026-08-13 06:30:01,3,Monstera Deliciosa,1392,82.0,Soggy
2026-08-13 06:30:01,1,Gynura Aurantiaca,2507,34.0,Moist
2026-08-13 07:00:00,2,Tradescantia Zebrina,2064,53.0,Optimal
2026-08-13 07:00:01,1,Gynura Aurantiaca,2526,33.0,Moist
2026-08-13 07:00:01,3,Monstera Deliciosa,1397,82.0,Soggy
2026-08-13 07:30:01,2,Tradescantia Zebrina,2061,53.0,Optimal
2026-08-13 07:30:02,1,Gynura Aurantiaca,2525,33.0,Moist
2026-08-13 07:30:02,3,Monstera Deliciosa,1383,83.0,Soggy
2026-08-13 08:00:01,1,Gynura Aurantiaca,2531,33.0,Moist
2026-08-13 08:00:02,2,Tradescantia Zebrina,2077,53.0,Optimal
2026-08-13 08:00:03,3,Monstera Deliciosa,1386,83.0,Soggy
2026-08-13 08:30:01,1,Gynura Aurantiaca,2523,33.0,Moist
2026-08-13 08:30:01,3,Monstera Deliciosa,1402,82.0,Soggy
2026-08-13 08:30:01,2,Tradescantia Zebrina,2067,53.0,Optimal
2026-08-13 09:00:00,2,Tradescantia Zebrina,2071,53.0,Optimal
2026-08-13 09:00:01,3,Monstera Deliciosa,1393,82.0,Soggy
2026-08-13 09:00:01,1,Gynura Aurantiaca,2518,34.0,Moist
2026-08-13 09:30:01,2,Tradescantia Zebrina,2047,54.0,Optimal
2026-08-13 09:30:01,3,Monstera Deliciosa,1411,82.0,Soggy
2026-08-13 09:30:01,1,Gynura Aurantiaca,2523,33.0,Moist
2026-08-13 10:00:00,3,Monstera Deliciosa,1365,84.0,Soggy
2026-08-13 10:00:01,1,Gynura Aurantiaca,2538,33.0,Moist
2026-08-13 10:00:01,2,Tradescantia Zebrina,2080,53.0,Optimal
2026-08-13 10:30:00,2,Tradescantia Zebrina,2070,53.0,Optimal
2026-08-13 10:30:01,3,Monstera Deliciosa,1393,82.0,Soggy
2026-08-13 10:30:02,1,Gynura Aurantiaca,2544,32.0,Moist
2026-08-13 11:00:01,2,Tradescantia Zebrina,2094,52.0,Optimal
2026-08-13 11:00:01,1,Gynura Aurantiaca,2528,33.0,Moist
2026-08-13 11:00:01,3,Monstera Deliciosa,1399,82.0,Soggy
2026-08-13 11:30:01,3,Monstera Deliciosa,1399,82.0,Soggy
2026-08-13 11:30:01,1,Gynura Aurantiaca,2529,33.0,Moist
2026-08-13 11:30:01,2,Tradescantia Zebrina,2099,52.0,Optimal
2026-08-13 12:00:01,2,Tradescantia Zebrina,2109,51.0,Optimal
2026-08-13 12:00:01,3,Monstera Deliciosa,1392,82.0,Soggy
2026-08-13 12:00:01,1,Gynura Aurantiaca,2527,33.0,Moist
2026-08-13 12:30:00,3,Monstera Deliciosa,1371,83.0,Soggy
2026-08-13 12:30:00,1,Gynura Aurantiaca,2516,34.0,Moist
2026-08-13 12:30:01,2,Tradescantia Zebrina,2117,51.0,Optimal
2026-08-13 13:00:00,2,Tradescantia Zebrina,2123,51.0,Optimal
2026-08-13 13:00:01,3,Monstera Deliciosa,1385,83.0,Soggy
2026-08-13 13:00:01,1,Gynura Aurantiaca,2537,33.0,Moist
2026-08-13 13:30:01,2,Tradescantia Zebrina,2134,50.0,Moist
2026-08-13 13:30:01,3,Monstera Deliciosa,1372,83.0,Soggy
2026-08-13 13:30:01,1,Gynura Aurantiaca,2530,33.0,Moist
2026-08-13 14:00:00,1,Gynura Aurantiaca,2555,32.0,Moist
2026-08-13 14:00:00,3,Monstera Deliciosa,1366,84.0,Soggy
2026-08-13 14:00:01,2,Tradescantia Zebrina,2144,50.0,Moist
2026-08-13 14:30:00,2,Tradescantia Zebrina,2162,49.0,Moist
2026-08-13 14:30:00,1,Gynura Aurantiaca,2541,33.0,Moist
2026-08-13 14:30:01,3,Monstera Deliciosa,1375,83.0,Soggy
2026-08-13 15:00:01,2,Tradescantia Zebrina,2147,50.0,Moist
2026-08-13 15:00:01,1,Gynura Aurantiaca,2559,32.0,Moist
2026-08-13 15:00:01,3,Monstera Deliciosa,1390,83.0,Soggy
2026-08-13 15:30:00,3,Monstera Deliciosa,1374,83.0,Soggy
2026-08-13 15:30:01,2,Tradescantia Zebrina,2162,49.0,Moist
2026-08-13 15:30:01,1,Gynura Aurantiaca,2559,32.0,Moist
2026-08-13 16:00:00,2,Tradescantia Zebrina,2147,50.0,Moist
2026-08-13 16:00:01,1,Gynura Aurantiaca,2559,32.0,Moist
2026-08-13 16:00:01,3,Monstera Deliciosa,1392,82.0,Soggy
2026-08-13 16:30:00,2,Tradescantia Zebrina,2173,49.0,Moist
2026-08-13 16:30:01,1,Gynura Aurantiaca,2585,31.0,Moist
2026-08-13 16:30:01,3,Monstera Deliciosa,1371,83.0,Soggy
2026-08-13 17:00:00,3,Monstera Deliciosa,1386,83.0,Soggy
2026-08-13 17:00:01,2,Tradescantia Zebrina,2161,49.0,Moist
2026-08-13 17:00:01,1,Gynura Aurantiaca,2559,32.0,Moist
2026-08-13 17:30:00,1,Gynura Aurantiaca,2559,32.0,Moist
2026-08-13 17:30:01,3,Monstera Deliciosa,1387,83.0,Soggy
2026-08-13 17:30:01,2,Tradescantia Zebrina,2159,49.0,Moist
2026-08-13 18:00:00,2,Tradescantia Zebrina,2163,49.0,Moist
2026-08-13 18:00:01,1,Gynura Aurantiaca,2578,31.0,Moist
2026-08-13 18:00:01,3,Monstera Deliciosa,1402,82.0,Soggy
2026-08-13 18:30:01,2,Tradescantia Zebrina,2165,49.0,Moist
2026-08-13 18:30:01,1,Gynura Aurantiaca,2578,31.0,Moist
2026-08-13 18:30:01,3,Monstera Deliciosa,1379,83.0,Soggy
2026-08-13 19:00:00,1,Gynura Aurantiaca,2587,31.0,Moist
2026-08-13 19:00:01,3,Monstera Deliciosa,1402,82.0,Soggy
2026-08-13 19:00:01,2,Tradescantia Zebrina,2166,49.0,Moist
2026-08-13 19:30:00,2,Tradescantia Zebrina,2174,48.0,Moist
2026-08-13 19:30:01,1,Gynura Aurantiaca,2559,32.0,Moist
2026-08-13 19:30:01,3,Monstera Deliciosa,1379,83.0,Soggy
2026-08-13 20:00:01,2,Tradescantia Zebrina,2177,48.0,Moist
2026-08-13 20:00:01,1,Gynura Aurantiaca,2597,30.0,Moist
2026-08-13 20:00:02,3,Monstera Deliciosa,1403,82.0,Soggy
2026-08-13 20:30:00,2,Tradescantia Zebrina,2162,49.0,Moist
2026-08-13 20:30:00,1,Gynura Aurantiaca,2559,32.0,Moist
2026-08-13 20:30:01,3,Monstera Deliciosa,1369,83.0,Soggy
2026-08-13 21:00:00,3,Monstera Deliciosa,1385,83.0,Soggy
2026-08-13 21:00:01,2,Tradescantia Zebrina,2166,49.0,Moist
2026-08-13 21:00:01,1,Gynura Aurantiaca,2593,30.0,Moist
2026-08-13 21:30:01,3,Monstera Deliciosa,1373,83.0,Soggy
2026-08-13 21:30:01,2,Tradescantia Zebrina,2179,48.0,Moist
2026-08-13 21:30:01,1,Gynura Aurantiaca,2591,30.0,Moist
2026-08-13 22:00:00,2,Tradescantia Zebrina,2177,48.0,Moist
2026-08-13 22:00:01,1,Gynura Aurantiaca,2603,30.0,Moist
2026-08-13 22:00:01,3,Monstera Deliciosa,1361,84.0,Soggy
2026-08-13 22:30:00,3,Monstera Deliciosa,1395,82.0,Soggy
2026-08-13 22:30:01,2,Tradescantia Zebrina,2187,48.0,Moist
2026-08-13 22:30:01,1,Gynura Aurantiaca,2598,30.0,Moist
2026-08-13 23:00:01,1,Gynura Aurantiaca,2599,30.0,Moist
2026-08-13 23:00:01,3,Monstera Deliciosa,1387,83.0,Soggy
2026-08-13 23:00:01,2,Tradescantia Zebrina,2190,48.0,Moist
2026-08-13 23:30:01,2,Tradescantia Zebrina,2196,48.0,Moist
2026-08-13 23:30:01,1,Gynura Aurantiaca,2595,30.0,Moist
2026-08-13 23:30:01,3,Monstera Deliciosa,1391,83.0,Soggy
2026-08-14 00:00:00,1,Gynura Aurantiaca,2592,30.0,Moist
2026-08-14 00:00:01,3,Monstera Deliciosa,1401,82.0,Soggy
2026-08-14 00:00:01,2,Tradescantia Zebrina,2204,47.0,Moist
2026-08-14 00:30:00,2,Tradescantia Zebrina,2198,47.0,Moist
2026-08-14 00:30:01,3,Monstera Deliciosa,1376,83.0,Soggy
2026-08-14 00:30:01,1,Gynura Aurantiaca,2589,30.0,Moist
2026-08-14 01:00:00,3,Monstera Deliciosa,1387,83.0,Soggy
2026-08-14 01:00:01,2,Tradescantia Zebrina,2207,47.0,Moist
2026-08-14 01:00:01,1,Gynura Aurantiaca,2607,30.0,Moist
2026-08-14 01:30:00,3,Monstera Deliciosa,1373,83.0,Soggy
2026-08-14 01:30:01,1,Gynura Aurantiaca,2610,30.0,Moist
2026-08-14 01:30:01,2,Tradescantia Zebrina,2210,47.0,Moist
2026-08-14 02:00:00,2,Tradescantia Zebrina,2195,48.0,Moist
2026-08-14 02:00:01,3,Monstera Deliciosa,1389,83.0,Soggy
2026-08-14 02:00:01,1,Gynura Aurantiaca,2610,30.0,Moist
2026-08-14 02:30:01,1,Gynura Aurantiaca,2582,31.0,Moist
2026-08-14 02:30:01,2,Tradescantia Zebrina,2217,47.0,Moist
2026-08-14 02:30:01,3,Monstera Deliciosa,1377,83.0,Soggy
2026-08-14 03:00:01,3,Monstera Deliciosa,1371,83.0,Soggy
2026-08-14 03:00:01,1,Gynura Aurantiaca,2590,30.0,Moist
2026-08-14 03:00:01,2,Tradescantia Zebrina,2214,47.0,Moist
2026-08-14 03:30:00,1,Gynura Aurantiaca,2603,30.0,Moist
2026-08-14 03:30:01,2,Tradescantia Zebrina,2230,46.0,Moist
2026-08-14 03:30:01,3,Monstera Deliciosa,1403,82.0,Soggy
2026-08-14 04:00:01,3,Monstera Deliciosa,1385,83.0,Soggy
2026-08-14 04:00:01,1,Gynura Aurantiaca,2587,31.0,Moist
2026-08-14 04:00:01,2,Tradescantia Zebrina,2229,46.0,Moist
2026-08-14 04:30:01,3,Monstera Deliciosa,1405,82.0,Soggy
2026-08-14 04:30:01,1,Gynura Aurantiaca,2591,30.0,Moist
2026-08-14 04:30:02,2,Tradescantia Zebrina,2221,46.0,Moist
2026-08-14 05:00:01,1,Gynura Aurantiaca,2606,30.0,Moist
2026-08-14 05:00:01,2,Tradescantia Zebrina,2235,46.0,Moist
2026-08-14 05:00:02,3,Monstera Deliciosa,1379,83.0,Soggy
2026-08-14 05:30:01,3,Monstera Deliciosa,1392,82.0,Soggy
2026-08-14 05:30:01,1,Gynura Aurantiaca,2608,30.0,Moist
2026-08-14 05:30:01,2,Tradescantia Zebrina,2236,46.0,Moist
2026-08-14 06:00:00,3,Monstera Deliciosa,1377,83.0,Soggy
2026-08-14 06:00:00,2,Tradescantia Zebrina,2238,46.0,Moist
2026-08-14 06:00:00,1,Gynura Aurantiaca,2607,30.0,Moist
2026-08-14 06:30:00,3,Monstera Deliciosa,1390,83.0,Soggy
2026-08-14 06:30:01,2,Tradescantia Zebrina,2251,45.0,Moist
2026-08-14 06:30:01,1,Gynura Aurantiaca,2614,29.0,Moist
2026-08-14 07:00:00,1,Gynura Aurantiaca,2598,30.0,Moist
2026-08-14 07:00:01,3,Monstera Deliciosa,1412,82.0,Soggy
2026-08-14 07:00:01,2,Tradescantia Zebrina,2240,46.0,Moist
2026-08-14 07:30:01,2,Tradescantia Zebrina,2241,46.0,Moist
2026-08-14 07:30:01,1,Gynura Aurantiaca,2606,30.0,Moist
2026-08-14 07:30:01,3,Monstera Deliciosa,1407,82.0,Soggy
2026-08-14 08:00:01,3,Monstera Deliciosa,1406,82.0,Soggy
2026-08-14 08:00:01,2,Tradescantia Zebrina,2238,46.0,Moist
2026-08-14 08:00:02,1,Gynura Aurantiaca,2618,29.0,Moist
2026-08-14 08:30:01,2,Tradescantia Zebrina,2251,45.0,Moist
2026-08-14 08:30:01,3,Monstera Deliciosa,1398,82.0,Soggy
2026-08-14 08:30:01,1,Gynura Aurantiaca,2623,29.0,Moist
2026-08-14 09:00:00,3,Monstera Deliciosa,1383,83.0,Soggy
2026-08-14 09:00:00,1,Gynura Aurantiaca,2624,29.0,Moist
2026-08-14 09:00:01,2,Tradescantia Zebrina,2255,45.0,Moist
2026-08-14 09:30:00,2,Tradescantia Zebrina,2249,45.0,Moist
2026-08-14 09:30:01,3,Monstera Deliciosa,1392,82.0,Soggy
2026-08-14 09:30:01,1,Gynura Aurantiaca,2617,29.0,Moist
2026-08-14 10:00:00,2,Tradescantia Zebrina,2251,45.0,Moist
2026-08-14 10:00:01,1,Gynura Aurantiaca,2630,29.0,Moist
2026-08-14 10:00:01,3,Monstera Deliciosa,1392,82.0,Soggy
2026-08-14 10:30:00,1,Gynura Aurantiaca,2624,29.0,Moist
2026-08-14 10:30:00,3,Monstera Deliciosa,1411,82.0,Soggy
2026-08-14 10:30:00,2,Tradescantia Zebrina,2273,44.0,Moist
2026-08-14 11:00:00,1,Gynura Aurantiaca,2637,28.0,Moist
2026-08-14 11:00:01,2,Tradescantia Zebrina,2263,45.0,Moist
2026-08-14 11:00:01,3,Monstera Deliciosa,1410,82.0,Soggy
2026-08-14 11:30:00,2,Tradescantia Zebrina,2258,45.0,Moist
2026-08-14 11:30:01,1,Gynura Aurantiaca,2629,29.0,Moist
2026-08-14 11:30:01,3,Monstera Deliciosa,1392,82.0,Soggy
2026-08-14 12:00:00,2,Tradescantia Zebrina,2270,44.0,Moist
2026-08-14 12:00:01,1,Gynura Aurantiaca,2641,28.0,Moist
2026-08-14 12:00:01,3,Monstera Deliciosa,1423,81.0,Soggy
2026-08-14 12:30:00,3,Monstera Deliciosa,1406,82.0,Soggy
2026-08-14 12:30:01,2,Tradescantia Zebrina,2257,45.0,Moist
2026-08-14 12:30:01,1,Gynura Aurantiaca,2633,29.0,Moist
2026-08-14 13:00:00,1,Gynura Aurantiaca,2646,28.0,Moist
2026-08-14 13:00:01,3,Monstera Deliciosa,1392,82.0,Soggy
2026-08-14 13:00:01,2,Tradescantia Zebrina,2256,45.0,Moist
2026-08-14 13:30:00,2,Tradescantia Zebrina,2261,45.0,Moist
2026-08-14 13:30:01,1,Gynura Aurantiaca,2631,29.0,Moist
2026-08-14 13:30:01,3,Monstera Deliciosa,1392,82.0,Soggy
2026-08-14 14:00:00,2,Tradescantia Zebrina,2277,44.0,Moist
2026-08-14 14:00:01,3,Monstera Deliciosa,1397,82.0,Soggy
2026-08-14 14:00:01,1,Gynura Aurantiaca,2624,29.0,Moist
2026-08-14 14:30:00,3,Monstera Deliciosa,1392,82.0,Soggy
2026-08-14 14:30:01,2,Tradescantia Zebrina,2268,44.0,Moist
2026-08-14 14:30:01,1,Gynura Aurantiaca,2646,28.0,Moist
2026-08-14 15:00:01,3,Monstera Deliciosa,1399,82.0,Soggy
2026-08-14 15:00:01,1,Gynura Aurantiaca,2622,29.0,Moist
2026-08-14 15:00:01,2,Tradescantia Zebrina,2295,43.0,Moist
2026-08-14 15:30:01,2,Tradescantia Zebrina,2284,44.0,Moist
2026-08-14 15:30:01,1,Gynura Aurantiaca,2630,29.0,Moist
2026-08-14 15:30:01,3,Monstera Deliciosa,1389,83.0,Soggy
2026-08-14 16:00:01,3,Monstera Deliciosa,1420,81.0,Soggy
2026-08-14 16:00:01,1,Gynura Aurantiaca,2645,28.0,Moist
2026-08-14 16:00:01,2,Tradescantia Zebrina,2291,43.0,Moist
2026-08-14 16:30:00,2,Tradescantia Zebrina,2289,43.0,Moist
2026-08-14 16:30:01,3,Monstera Deliciosa,1411,82.0,Soggy
2026-08-14 16:30:01,1,Gynura Aurantiaca,2648,28.0,Moist
2026-08-14 17:00:01,2,Tradescantia Zebrina,2306,43.0,Moist
2026-08-14 17:00:01,1,Gynura Aurantiaca,2666,27.0,Moist
2026-08-14 17:00:01,3,Monstera Deliciosa,1408,82.0,Soggy
2026-08-14 17:30:01,1,Gynura Aurantiaca,2647,28.0,Moist
2026-08-14 17:30:01,2,Tradescantia Zebrina,2341,41.0,Moist
2026-08-14 17:30:02,3,Monstera Deliciosa,1378,83.0,Soggy
2026-08-14 18:00:00,2,Tradescantia Zebrina,2350,41.0,Moist
2026-08-14 18:00:01,1,Gynura Aurantiaca,2642,28.0,Moist
2026-08-14 18:00:01,3,Monstera Deliciosa,1409,82.0,Soggy
2026-08-14 18:30:00,1,Gynura Aurantiaca,2643,28.0,Moist
2026-08-14 18:30:01,3,Monstera Deliciosa,1407,82.0,Soggy
2026-08-14 18:30:01,2,Tradescantia Zebrina,2351,41.0,Moist
2026-08-14 19:00:01,1,Gynura Aurantiaca,2654,28.0,Moist
2026-08-14 19:00:01,3,Monstera Deliciosa,1395,82.0,Soggy
2026-08-14 19:00:01,2,Tradescantia Zebrina,2382,39.0,Moist
2026-08-14 19:30:01,3,Monstera Deliciosa,1383,83.0,Soggy
2026-08-14 19:30:05,2,Tradescantia Zebrina,2387,39.0,Moist
2026-08-14 19:30:05,1,Gynura Aurantiaca,2658,27.0,Moist
2026-08-14 20:00:00,1,Gynura Aurantiaca,2633,29.0,Moist
2026-08-14 20:00:00,2,Tradescantia Zebrina,2398,39.0,Moist
2026-08-14 20:00:01,3,Monstera Deliciosa,1376,83.0,Soggy
2026-08-14 20:30:00,3,Monstera Deliciosa,1371,83.0,Soggy
2026-08-14 20:30:01,1,Gynura Aurantiaca,2646,28.0,Moist
2026-08-14 20:30:01,2,Tradescantia Zebrina,2401,39.0,Moist
2026-08-14 21:00:00,2,Tradescantia Zebrina,2411,38.0,Moist
2026-08-14 21:00:00,3,Monstera Deliciosa,1386,83.0,Soggy
2026-08-14 21:00:01,1,Gynura Aurantiaca,2660,27.0,Moist
2026-08-14 21:30:00,1,Gynura Aurantiaca,2664,27.0,Moist
2026-08-14 21:30:01,2,Tradescantia Zebrina,2416,38.0,Moist
2026-08-14 21:30:01,3,Monstera Deliciosa,1386,83.0,Soggy
2026-08-14 22:00:01,1,Gynura Aurantiaca,2668,27.0,Moist
2026-08-14 22:00:01,3,Monstera Deliciosa,1388,83.0,Soggy
2026-08-14 22:00:01,2,Tradescantia Zebrina,2413,38.0,Moist
2026-08-14 22:30:01,2,Tradescantia Zebrina,2410,38.0,Moist
2026-08-14 22:30:01,1,Gynura Aurantiaca,2672,27.0,Moist
2026-08-14 22:30:02,3,Monstera Deliciosa,1392,82.0,Soggy
2026-08-14 23:00:00,1,Gynura Aurantiaca,2693,26.0,Moist
2026-08-14 23:00:01,2,Tradescantia Zebrina,2413,38.0,Moist
2026-08-14 23:00:02,3,Monstera Deliciosa,1380,83.0,Soggy
2026-08-14 23:30:00,2,Tradescantia Zebrina,2410,38.0,Moist
2026-08-14 23:30:01,3,Monstera Deliciosa,1391,83.0,Soggy
2026-08-14 23:30:01,1,Gynura Aurantiaca,2679,27.0,Moist
2026-08-15 00:00:01,2,Tradescantia Zebrina,2416,38.0,Moist
2026-08-15 00:00:01,1,Gynura Aurantiaca,2705,25.0,Moist
2026-08-15 00:00:01,3,Monstera Deliciosa,1398,82.0,Soggy
2026-08-15 00:30:00,1,Gynura Aurantiaca,2677,27.0,Moist
2026-08-15 00:30:00,3,Monstera Deliciosa,1376,83.0,Soggy
2026-08-15 00:30:01,2,Tradescantia Zebrina,2416,38.0,Moist
2026-08-15 01:00:00,2,Tradescantia Zebrina,2415,38.0,Moist
2026-08-15 01:00:00,1,Gynura Aurantiaca,2701,26.0,Moist
2026-08-15 01:00:01,3,Monstera Deliciosa,1373,83.0,Soggy
2026-08-15 01:30:00,2,Tradescantia Zebrina,2420,38.0,Moist
2026-08-15 01:30:01,1,Gynura Aurantiaca,2689,26.0,Moist
2026-08-15 01:30:01,3,Monstera Deliciosa,1395,82.0,Soggy
2026-08-15 02:00:00,3,Monstera Deliciosa,1391,83.0,Soggy
2026-08-15 02:00:01,2,Tradescantia Zebrina,2438,37.0,Moist
2026-08-15 02:00:01,1,Gynura Aurantiaca,2682,26.0,Moist
2026-08-15 02:30:01,1,Gynura Aurantiaca,2695,26.0,Moist
2026-08-15 02:30:01,3,Monstera Deliciosa,1391,83.0,Soggy
2026-08-15 02:30:01,2,Tradescantia Zebrina,2423,38.0,Moist
2026-08-15 03:00:01,3,Monstera Deliciosa,1389,83.0,Soggy
2026-08-15 03:00:01,1,Gynura Aurantiaca,2688,26.0,Moist
2026-08-15 03:00:01,2,Tradescantia Zebrina,2446,37.0,Moist
2026-08-15 03:30:00,3,Monstera Deliciosa,1406,82.0,Soggy
2026-08-15 03:30:00,1,Gynura Aurantiaca,2689,26.0,Moist
2026-08-15 03:30:00,2,Tradescantia Zebrina,2442,37.0,Moist
2026-08-15 04:00:00,1,Gynura Aurantiaca,2697,26.0,Moist
2026-08-15 04:00:00,3,Monstera Deliciosa,1407,82.0,Soggy
2026-08-15 04:00:01,2,Tradescantia Zebrina,2448,37.0,Moist
2026-08-15 04:30:01,1,Gynura Aurantiaca,2704,25.0,Moist
2026-08-15 04:30:01,3,Monstera Deliciosa,1389,83.0,Soggy
2026-08-15 04:30:01,2,Tradescantia Zebrina,2430,37.0,Moist
2026-08-15 05:00:00,2,Tradescantia Zebrina,2454,36.0,Moist
2026-08-15 05:00:01,1,Gynura Aurantiaca,2711,25.0,Moist
2026-08-15 05:00:01,3,Monstera Deliciosa,1415,81.0,Soggy
2026-08-15 05:30:00,1,Gynura Aurantiaca,2693,26.0,Moist
2026-08-15 05:30:01,2,Tradescantia Zebrina,2441,37.0,Moist
2026-08-15 05:30:02,3,Monstera Deliciosa,1379,83.0,Soggy
2026-08-15 06:00:01,1,Gynura Aurantiaca,2691,26.0,Moist
2026-08-15 06:00:01,3,Monstera Deliciosa,1389,83.0,Soggy
2026-08-15 06:00:01,2,Tradescantia Zebrina,2431,37.0,Moist
2026-08-15 06:30:01,2,Tradescantia Zebrina,2448,37.0,Moist
2026-08-15 06:30:01,1,Gynura Aurantiaca,2705,25.0,Moist
2026-08-15 06:30:01,3,Monstera Deliciosa,1375,83.0,Soggy
2026-08-15 07:00:00,1,Gynura Aurantiaca,2683,26.0,Moist
2026-08-15 07:00:00,3,Monstera Deliciosa,1394,82.0,Soggy
2026-08-15 07:00:01,2,Tradescantia Zebrina,2451,36.0,Moist
2026-08-15 07:30:01,2,Tradescantia Zebrina,2450,36.0,Moist
2026-08-15 07:30:01,1,Gynura Aurantiaca,2702,26.0,Moist
2026-08-15 07:30:01,3,Monstera Deliciosa,1383,83.0,Soggy
2026-08-15 08:00:01,2,Tradescantia Zebrina,2446,37.0,Moist
2026-08-15 08:00:01,1,Gynura Aurantiaca,2698,26.0,Moist
2026-08-15 08:00:01,3,Monstera Deliciosa,1418,81.0,Soggy
2026-08-15 08:30:00,2,Tradescantia Zebrina,2471,36.0,Moist
2026-08-15 08:30:01,1,Gynura Aurantiaca,2707,25.0,Moist
2026-08-15 08:30:01,3,Monstera Deliciosa,1402,82.0,Soggy
2026-08-15 09:00:01,2,Tradescantia Zebrina,2475,35.0,Moist
2026-08-15 09:00:01,1,Gynura Aurantiaca,2688,26.0,Moist
2026-08-15 09:00:02,3,Monstera Deliciosa,1419,81.0,Soggy
2026-08-15 09:30:01,1,Gynura Aurantiaca,1974,57.0,Optimal
2026-08-15 09:30:01,2,Tradescantia Zebrina,2143,50.0,Moist
2026-08-15 09:30:01,3,Monstera Deliciosa,1402,82.0,Soggy
2026-08-15 10:00:00,2,Tradescantia Zebrina,1279,87.0,Soggy
2026-08-15 10:00:01,3,Monstera Deliciosa,1429,81.0,Soggy
2026-08-15 10:00:01,1,Gynura Aurantiaca,1629,72.0,Optimal
2026-08-15 10:30:01,2,Tradescantia Zebrina,1249,89.0,Soggy
2026-08-15 10:30:01,1,Gynura Aurantiaca,1498,78.0,Optimal
2026-08-15 10:30:02,3,Monstera Deliciosa,1398,82.0,Soggy
2026-08-15 11:00:01,2,Tradescantia Zebrina,1247,89.0,Soggy
2026-08-15 11:00:01,3,Monstera Deliciosa,1411,82.0,Soggy
2026-08-15 11:00:01,1,Gynura Aurantiaca,1517,77.0,Optimal
2026-08-15 11:30:01,2,Tradescantia Zebrina,1285,87.0,Soggy
2026-08-15 11:30:01,1,Gynura Aurantiaca,1508,77.0,Optimal
2026-08-15 11:30:01,3,Monstera Deliciosa,1412,82.0,Soggy
2026-08-15 12:00:01,2,Tradescantia Zebrina,1219,90.0,Soggy
2026-08-15 12:00:01,3,Monstera Deliciosa,1407,82.0,Soggy
2026-08-15 12:00:01,1,Gynura Aurantiaca,1499,78.0,Optimal
2026-08-15 12:30:01,1,Gynura Aurantiaca,1525,77.0,Optimal
2026-08-15 12:30:01,2,Tradescantia Zebrina,1232,89.0,Soggy
2026-08-15 12:30:02,3,Monstera Deliciosa,1411,82.0,Soggy
2026-08-15 13:00:01,3,Monstera Deliciosa,1399,82.0,Soggy
2026-08-15 13:00:01,1,Gynura Aurantiaca,1555,75.0,Optimal
2026-08-15 13:00:02,2,Tradescantia Zebrina,1247,89.0,Soggy
2026-08-15 13:30:00,1,Gynura Aurantiaca,1535,76.0,Optimal
2026-08-15 13:30:01,2,Tradescantia Zebrina,1242,89.0,Soggy
2026-08-15 13:30:01,3,Monstera Deliciosa,1415,81.0,Soggy
2026-08-15 14:00:00,2,Tradescantia Zebrina,1249,89.0,Soggy
2026-08-15 14:00:01,1,Gynura Aurantiaca,1535,76.0,Optimal
2026-08-15 14:00:02,3,Monstera Deliciosa,1397,82.0,Soggy
2026-08-15 14:30:01,3,Monstera Deliciosa,1407,82.0,Soggy
2026-08-15 14:30:01,2,Tradescantia Zebrina,1223,90.0,Soggy
2026-08-15 14:30:01,1,Gynura Aurantiaca,1563,75.0,Optimal
2026-08-15 15:00:00,1,Gynura Aurantiaca,1535,76.0,Optimal
2026-08-15 15:00:01,3,Monstera Deliciosa,1389,83.0,Soggy
2026-08-15 15:00:02,2,Tradescantia Zebrina,1230,90.0,Soggy
2026-08-15 15:30:01,1,Gynura Aurantiaca,1535,76.0,Optimal
2026-08-15 15:30:01,2,Tradescantia Zebrina,1239,89.0,Soggy
2026-08-15 15:30:02,3,Monstera Deliciosa,1395,82.0,Soggy
2026-08-15 16:00:00,2,Tradescantia Zebrina,1231,89.0,Soggy
2026-08-15 16:00:01,3,Monstera Deliciosa,1397,82.0,Soggy
2026-08-15 16:00:01,1,Gynura Aurantiaca,1535,76.0,Optimal
2026-08-15 16:30:01,2,Tradescantia Zebrina,1231,89.0,Soggy
2026-08-15 16:30:01,3,Monstera Deliciosa,1393,82.0,Soggy
2026-08-15 16:30:02,1,Gynura Aurantiaca,1555,75.0,Optimal
2026-08-15 17:00:01,2,Tradescantia Zebrina,1254,88.0,Soggy
2026-08-15 17:00:01,3,Monstera Deliciosa,1415,81.0,Soggy
2026-08-15 17:00:01,1,Gynura Aurantiaca,1580,74.0,Optimal
2026-08-15 17:30:00,1,Gynura Aurantiaca,1558,75.0,Optimal
2026-08-15 17:30:01,2,Tradescantia Zebrina,1251,89.0,Soggy
2026-08-15 17:30:01,3,Monstera Deliciosa,1407,82.0,Soggy
2026-08-15 18:00:01,1,Gynura Aurantiaca,1559,75.0,Optimal
2026-08-15 18:00:01,3,Monstera Deliciosa,1395,82.0,Soggy
2026-08-15 18:00:01,2,Tradescantia Zebrina,1235,89.0,Soggy
2026-08-15 18:30:01,3,Monstera Deliciosa,1420,81.0,Soggy
2026-08-15 18:30:01,1,Gynura Aurantiaca,1535,76.0,Optimal
2026-08-15 18:30:02,2,Tradescantia Zebrina,1229,90.0,Soggy
2026-08-15 19:00:01,3,Monstera Deliciosa,1409,82.0,Soggy
2026-08-15 19:00:01,2,Tradescantia Zebrina,1257,88.0,Soggy
2026-08-15 19:00:01,1,Gynura Aurantiaca,1535,76.0,Optimal
2026-08-15 19:30:01,1,Gynura Aurantiaca,1529,77.0,Optimal
2026-08-15 19:30:01,3,Monstera Deliciosa,1411,82.0,Soggy
2026-08-15 19:30:01,2,Tradescantia Zebrina,1251,89.0,Soggy
2026-08-15 20:00:01,3,Monstera Deliciosa,1414,82.0,Soggy
2026-08-15 20:00:01,2,Tradescantia Zebrina,1247,89.0,Soggy
2026-08-15 20:00:01,1,Gynura Aurantiaca,1535,76.0,Optimal
2026-08-15 20:30:00,1,Gynura Aurantiaca,1535,76.0,Optimal
2026-08-15 20:30:01,3,Monstera Deliciosa,1408,82.0,Soggy
2026-08-15 20:30:01,2,Tradescantia Zebrina,1257,88.0,Soggy
2026-08-15 21:00:00,3,Monstera Deliciosa,1408,82.0,Soggy
2026-08-15 21:00:01,2,Tradescantia Zebrina,1254,88.0,Soggy
2026-08-15 21:00:01,1,Gynura Aurantiaca,1535,76.0,Optimal
2026-08-15 21:30:00,3,Monstera Deliciosa,1424,81.0,Soggy
2026-08-15 21:30:01,2,Tradescantia Zebrina,1249,89.0,Soggy
2026-08-15 21:30:01,1,Gynura Aurantiaca,1535,76.0,Optimal
2026-08-15 22:00:01,3,Monstera Deliciosa,1396,82.0,Soggy
2026-08-15 22:00:01,2,Tradescantia Zebrina,1232,89.0,Soggy
2026-08-15 22:00:01,1,Gynura Aurantiaca,1555,75.0,Optimal
2026-08-15 22:30:01,3,Monstera Deliciosa,1419,81.0,Soggy
2026-08-15 22:30:02,2,Tradescantia Zebrina,1245,89.0,Soggy
2026-08-15 22:30:02,1,Gynura Aurantiaca,1552,76.0,Optimal
2026-08-15 23:00:00,3,Monstera Deliciosa,1415,81.0,Soggy
2026-08-15 23:00:01,2,Tradescantia Zebrina,1241,89.0,Soggy
2026-08-15 23:00:02,1,Gynura Aurantiaca,1535,76.0,Optimal
2026-08-15 23:30:01,2,Tradescantia Zebrina,1237,89.0,Soggy
2026-08-15 23:30:01,3,Monstera Deliciosa,1427,81.0,Soggy
2026-08-15 23:30:01,1,Gynura Aurantiaca,1535,76.0,Optimal
2026-08-16 00:00:00,1,Gynura Aurantiaca,1554,75.0,Optimal
2026-08-16 00:00:01,2,Tradescantia Zebrina,1234,89.0,Soggy
2026-08-16 00:00:01,3,Monstera Deliciosa,1403,82.0,Soggy
2026-08-16 00:30:00,2,Tradescantia Zebrina,1264,88.0,Soggy
2026-08-16 00:30:01,3,Monstera Deliciosa,1424,81.0,Soggy
2026-08-16 00:30:01,1,Gynura Aurantiaca,1555,75.0,Optimal
2026-08-16 01:00:00,2,Tradescantia Zebrina,1251,89.0,Soggy
2026-08-16 01:00:01,1,Gynura Aurantiaca,1535,76.0,Optimal
2026-08-16 01:00:01,3,Monstera Deliciosa,1423,81.0,Soggy
2026-08-16 01:30:00,1,Gynura Aurantiaca,1535,76.0,Optimal
2026-08-16 01:30:01,2,Tradescantia Zebrina,1252,89.0,Soggy
2026-08-16 01:30:02,3,Monstera Deliciosa,1406,82.0,Soggy
2026-08-16 02:00:01,1,Gynura Aurantiaca,1535,76.0,Optimal
2026-08-16 02:00:01,3,Monstera Deliciosa,1384,83.0,Soggy
2026-08-16 02:00:01,2,Tradescantia Zebrina,1254,88.0,Soggy
2026-08-16 02:30:01,2,Tradescantia Zebrina,1255,88.0,Soggy
2026-08-16 02:30:01,1,Gynura Aurantiaca,1563,75.0,Optimal
2026-08-16 02:30:01,3,Monstera Deliciosa,1416,81.0,Soggy
2026-08-16 03:00:00,1,Gynura Aurantiaca,1569,75.0,Optimal
2026-08-16 03:00:01,3,Monstera Deliciosa,1398,82.0,Soggy
2026-08-16 03:00:01,2,Tradescantia Zebrina,1255,88.0,Soggy
2026-08-16 03:30:01,1,Gynura Aurantiaca,1553,75.0,Optimal
2026-08-16 03:30:01,2,Tradescantia Zebrina,1235,89.0,Soggy
2026-08-16 03:30:01,3,Monstera Deliciosa,1405,82.0,Soggy
2026-08-16 04:00:01,3,Monstera Deliciosa,1408,82.0,Soggy
2026-08-16 04:00:01,1,Gynura Aurantiaca,1563,75.0,Optimal
2026-08-16 04:00:01,2,Tradescantia Zebrina,1268,88.0,Soggy
2026-08-16 04:30:01,2,Tradescantia Zebrina,1264,88.0,Soggy
2026-08-16 04:30:01,1,Gynura Aurantiaca,1584,74.0,Optimal
2026-08-16 04:30:01,3,Monstera Deliciosa,1430,81.0,Soggy
2026-08-16 05:00:01,1,Gynura Aurantiaca,1581,74.0,Optimal
2026-08-16 05:00:01,3,Monstera Deliciosa,1413,82.0,Soggy
2026-08-16 05:00:01,2,Tradescantia Zebrina,1264,88.0,Soggy
2026-08-16 05:30:01,2,Tradescantia Zebrina,1249,89.0,Soggy
2026-08-16 05:30:01,1,Gynura Aurantiaca,1584,74.0,Optimal
2026-08-16 05:30:02,3,Monstera Deliciosa,1408,82.0,Soggy
2026-08-16 06:00:01,1,Gynura Aurantiaca,1598,74.0,Optimal
2026-08-16 06:00:01,3,Monstera Deliciosa,1438,80.0,Optimal
2026-08-16 06:00:01,2,Tradescantia Zebrina,1255,88.0,Soggy
2026-08-16 06:30:00,2,Tradescantia Zebrina,1253,89.0,Soggy
2026-08-16 06:30:01,3,Monstera Deliciosa,1424,81.0,Soggy
2026-08-16 06:30:01,1,Gynura Aurantiaca,1577,74.0,Optimal
2026-08-16 07:00:01,1,Gynura Aurantiaca,1589,74.0,Optimal
2026-08-16 07:00:01,2,Tradescantia Zebrina,1270,88.0,Soggy
2026-08-16 07:00:01,3,Monstera Deliciosa,1423,81.0,Soggy
2026-08-16 07:30:01,3,Monstera Deliciosa,1408,82.0,Soggy
2026-08-16 07:30:01,1,Gynura Aurantiaca,1580,74.0,Optimal
2026-08-16 07:30:01,2,Tradescantia Zebrina,1252,89.0,Soggy
2026-08-16 08:00:00,1,Gynura Aurantiaca,1574,75.0,Optimal
2026-08-16 08:00:01,2,Tradescantia Zebrina,1249,89.0,Soggy
2026-08-16 08:00:01,3,Monstera Deliciosa,1422,81.0,Soggy
2026-08-16 08:30:00,1,Gynura Aurantiaca,1584,74.0,Optimal
2026-08-16 08:30:01,3,Monstera Deliciosa,1408,82.0,Soggy
2026-08-16 08:30:01,2,Tradescantia Zebrina,1259,88.0,Soggy
2026-08-16 09:00:00,2,Tradescantia Zebrina,1232,89.0,Soggy
2026-08-16 09:00:01,3,Monstera Deliciosa,1438,80.0,Optimal
2026-08-16 09:00:01,1,Gynura Aurantiaca,1443,80.0,Optimal
2026-08-16 09:30:00,3,Monstera Deliciosa,1413,82.0,Soggy
2026-08-16 09:30:00,2,Tradescantia Zebrina,1253,89.0,Soggy
2026-08-16 09:30:01,1,Gynura Aurantiaca,1441,80.0,Optimal
2026-08-16 10:00:00,3,Monstera Deliciosa,1431,81.0,Soggy
2026-08-16 10:00:00,1,Gynura Aurantiaca,1439,80.0,Optimal
2026-08-16 10:00:02,2,Tradescantia Zebrina,1226,90.0,Soggy
2026-08-16 10:30:00,1,Gynura Aurantiaca,1445,80.0,Optimal
2026-08-16 10:30:01,3,Monstera Deliciosa,1419,81.0,Soggy
2026-08-16 10:30:02,2,Tradescantia Zebrina,1234,89.0,Soggy
2026-08-16 11:00:00,2,Tradescantia Zebrina,1234,89.0,Soggy
2026-08-16 11:00:01,1,Gynura Aurantiaca,1450,80.0,Optimal
2026-08-16 11:00:02,3,Monstera Deliciosa,1424,81.0,Soggy
2026-08-16 11:30:01,2,Tradescantia Zebrina,1232,89.0,Soggy
2026-08-16 11:30:01,1,Gynura Aurantiaca,1444,80.0,Optimal
2026-08-16 11:30:01,3,Monstera Deliciosa,1419,81.0,Soggy
2026-08-16 12:00:00,3,Monstera Deliciosa,1437,81.0,Soggy
2026-08-16 12:00:00,1,Gynura Aurantiaca,1439,80.0,Optimal
2026-08-16 12:00:01,2,Tradescantia Zebrina,1223,90.0,Soggy
2026-08-16 12:30:00,2,Tradescantia Zebrina,1233,89.0,Soggy
2026-08-16 12:30:01,3,Monstera Deliciosa,1429,81.0,Soggy
2026-08-16 12:30:01,1,Gynura Aurantiaca,1439,80.0,Optimal
2026-08-16 13:00:01,2,Tradescantia Zebrina,1227,90.0,Soggy
2026-08-16 13:00:01,3,Monstera Deliciosa,1409,82.0,Soggy
2026-08-16 13:00:01,1,Gynura Aurantiaca,1461,79.0,Optimal
2026-08-16 13:30:00,3,Monstera Deliciosa,1424,81.0,Soggy
2026-08-16 13:30:01,1,Gynura Aurantiaca,1467,79.0,Optimal
2026-08-16 13:30:01,2,Tradescantia Zebrina,1247,89.0,Soggy
2026-08-16 14:00:00,2,Tradescantia Zebrina,1229,90.0,Soggy
2026-08-16 14:00:01,3,Monstera Deliciosa,1425,81.0,Soggy
2026-08-16 14:00:01,1,Gynura Aurantiaca,1460,80.0,Optimal
2026-08-16 14:30:01,2,Tradescantia Zebrina,1241,89.0,Soggy
2026-08-16 14:30:01,3,Monstera Deliciosa,1427,81.0,Soggy
2026-08-16 14:30:01,1,Gynura Aurantiaca,1463,79.0,Optimal
2026-08-16 15:00:01,1,Gynura Aurantiaca,1484,78.0,Optimal
2026-08-16 15:00:01,3,Monstera Deliciosa,1429,81.0,Soggy
2026-08-16 15:00:01,2,Tradescantia Zebrina,1247,89.0,Soggy
2026-08-16 15:30:01,2,Tradescantia Zebrina,1244,89.0,Soggy
2026-08-16 15:30:01,3,Monstera Deliciosa,1451,80.0,Optimal
2026-08-16 15:30:01,1,Gynura Aurantiaca,1456,80.0,Optimal
2026-08-16 16:00:01,1,Gynura Aurantiaca,1475,79.0,Optimal
2026-08-16 16:00:01,3,Monstera Deliciosa,1437,81.0,Soggy
2026-08-16 16:00:01,2,Tradescantia Zebrina,1230,90.0,Soggy
2026-08-16 16:30:00,2,Tradescantia Zebrina,1245,89.0,Soggy
2026-08-16 16:30:01,1,Gynura Aurantiaca,1477,79.0,Optimal
2026-08-16 16:30:01,3,Monstera Deliciosa,1455,80.0,Optimal
2026-08-16 17:00:01,1,Gynura Aurantiaca,1484,78.0,Optimal
2026-08-16 17:00:01,2,Tradescantia Zebrina,1239,89.0,Soggy
2026-08-16 17:00:01,3,Monstera Deliciosa,1424,81.0,Soggy
2026-08-16 17:30:01,3,Monstera Deliciosa,1445,80.0,Optimal
2026-08-16 17:30:01,1,Gynura Aurantiaca,1491,78.0,Optimal
2026-08-16 17:30:01,2,Tradescantia Zebrina,1248,89.0,Soggy
2026-08-16 18:00:01,2,Tradescantia Zebrina,1249,89.0,Soggy
2026-08-16 18:00:01,1,Gynura Aurantiaca,1480,79.0,Optimal
2026-08-16 18:00:01,3,Monstera Deliciosa,1429,81.0,Soggy
2026-08-16 18:30:01,1,Gynura Aurantiaca,1499,78.0,Optimal
2026-08-16 18:30:01,3,Monstera Deliciosa,1447,80.0,Optimal
2026-08-16 18:30:01,2,Tradescantia Zebrina,1243,89.0,Soggy
2026-08-16 19:00:00,1,Gynura Aurantiaca,1485,78.0,Optimal
2026-08-16 19:00:01,2,Tradescantia Zebrina,1247,89.0,Soggy
2026-08-16 19:00:01,3,Monstera Deliciosa,1454,80.0,Optimal
2026-08-16 19:30:01,1,Gynura Aurantiaca,1495,78.0,Optimal
2026-08-16 19:30:01,2,Tradescantia Zebrina,1253,89.0,Soggy
2026-08-16 19:30:01,3,Monstera Deliciosa,1440,80.0,Optimal
2026-08-16 20:00:00,2,Tradescantia Zebrina,1243,89.0,Soggy
2026-08-16 20:00:01,1,Gynura Aurantiaca,1488,78.0,Optimal
2026-08-16 20:00:01,3,Monstera Deliciosa,1460,80.0,Optimal
2026-08-16 20:30:01,3,Monstera Deliciosa,1419,81.0,Soggy
2026-08-16 20:30:01,2,Tradescantia Zebrina,1250,89.0,Soggy
2026-08-16 20:30:01,1,Gynura Aurantiaca,1493,78.0,Optimal
2026-08-16 21:00:01,3,Monstera Deliciosa,1456,80.0,Optimal
2026-08-16 21:00:02,2,Tradescantia Zebrina,1258,88.0,Soggy
2026-08-16 21:00:02,1,Gynura Aurantiaca,1488,78.0,Optimal
2026-08-16 21:30:01,3,Monstera Deliciosa,1438,80.0,Optimal
2026-08-16 21:30:01,1,Gynura Aurantiaca,1500,78.0,Optimal
2026-08-16 21:30:01,2,Tradescantia Zebrina,1259,88.0,Soggy
2026-08-16 22:00:01,1,Gynura Aurantiaca,1494,78.0,Optimal
2026-08-16 22:00:01,2,Tradescantia Zebrina,1254,88.0,Soggy
2026-08-16 22:00:01,3,Monstera Deliciosa,1445,80.0,Optimal
2026-08-16 22:30:00,3,Monstera Deliciosa,1426,81.0,Soggy
2026-08-16 22:30:01,2,Tradescantia Zebrina,1249,89.0,Soggy
2026-08-16 22:30:01,1,Gynura Aurantiaca,1519,77.0,Optimal
2026-08-16 23:00:00,2,Tradescantia Zebrina,1245,89.0,Soggy
2026-08-16 23:00:01,3,Monstera Deliciosa,1428,81.0,Soggy
2026-08-16 23:00:01,1,Gynura Aurantiaca,1495,78.0,Optimal
2026-08-16 23:30:01,2,Tradescantia Zebrina,1252,89.0,Soggy
2026-08-16 23:30:01,1,Gynura Aurantiaca,1519,77.0,Optimal
2026-08-16 23:30:01,3,Monstera Deliciosa,1447,80.0,Optimal
2026-08-17 00:00:00,3,Monstera Deliciosa,1452,80.0,Optimal
2026-08-17 00:00:01,2,Tradescantia Zebrina,1248,89.0,Soggy
2026-08-17 00:00:01,1,Gynura Aurantiaca,1502,78.0,Optimal
2026-08-17 00:30:00,3,Monstera Deliciosa,1437,81.0,Soggy
2026-08-17 00:30:01,2,Tradescantia Zebrina,1249,89.0,Soggy
2026-08-17 00:30:01,1,Gynura Aurantiaca,1530,76.0,Optimal
2026-08-17 01:00:00,2,Tradescantia Zebrina,1264,88.0,Soggy
2026-08-17 01:00:01,1,Gynura Aurantiaca,1535,76.0,Optimal
2026-08-17 01:00:01,3,Monstera Deliciosa,1424,81.0,Soggy
2026-08-17 01:30:00,2,Tradescantia Zebrina,1242,89.0,Soggy
2026-08-17 01:30:01,1,Gynura Aurantiaca,1530,76.0,Optimal
2026-08-17 01:30:01,3,Monstera Deliciosa,1427,81.0,Soggy
2026-08-17 02:00:00,1,Gynura Aurantiaca,1535,76.0,Optimal
2026-08-17 02:00:00,3,Monstera Deliciosa,1442,80.0,Optimal
2026-08-17 02:00:01,2,Tradescantia Zebrina,1251,89.0,Soggy
2026-08-17 02:30:01,1,Gynura Aurantiaca,1517,77.0,Optimal
2026-08-17 02:30:01,3,Monstera Deliciosa,1439,80.0,Optimal
2026-08-17 02:30:01,2,Tradescantia Zebrina,1248,89.0,Soggy
2026-08-17 03:00:00,3,Monstera Deliciosa,1419,81.0,Soggy
2026-08-17 03:00:01,1,Gynura Aurantiaca,1535,76.0,Optimal
2026-08-17 03:00:01,2,Tradescantia Zebrina,1253,89.0,Soggy
2026-08-17 03:30:00,1,Gynura Aurantiaca,1523,77.0,Optimal
2026-08-17 03:30:01,3,Monstera Deliciosa,1426,81.0,Soggy
2026-08-17 03:30:01,2,Tradescantia Zebrina,1252,89.0,Soggy
2026-08-17 04:00:01,1,Gynura Aurantiaca,1535,76.0,Optimal
2026-08-17 04:00:01,3,Monstera Deliciosa,1441,80.0,Optimal
2026-08-17 04:00:01,2,Tradescantia Zebrina,1255,88.0,Soggy
2026-08-17 04:30:01,3,Monstera Deliciosa,1428,81.0,Soggy
2026-08-17 04:30:01,2,Tradescantia Zebrina,1239,89.0,Soggy
2026-08-17 04:30:01,1,Gynura Aurantiaca,1535,76.0,Optimal
2026-08-17 05:00:00,2,Tradescantia Zebrina,1249,89.0,Soggy
2026-08-17 05:00:00,1,Gynura Aurantiaca,1557,75.0,Optimal
2026-08-17 05:00:01,3,Monstera Deliciosa,1450,80.0,Optimal
2026-08-17 05:30:00,3,Monstera Deliciosa,1447,80.0,Optimal
2026-08-17 05:30:01,2,Tradescantia Zebrina,1255,88.0,Soggy
2026-08-17 05:30:01,1,Gynura Aurantiaca,1535,76.0,Optimal
2026-08-17 06:00:01,3,Monstera Deliciosa,1444,80.0,Optimal
2026-08-17 06:00:01,2,Tradescantia Zebrina,1250,89.0,Soggy
2026-08-17 06:00:02,1,Gynura Aurantiaca,1535,76.0,Optimal
2026-08-17 06:30:01,3,Monstera Deliciosa,1420,81.0,Soggy
2026-08-17 06:30:01,2,Tradescantia Zebrina,1263,88.0,Soggy
2026-08-17 06:30:01,1,Gynura Aurantiaca,1561,75.0,Optimal
2026-08-17 07:00:00,1,Gynura Aurantiaca,1571,75.0,Optimal
2026-08-17 07:00:01,3,Monstera Deliciosa,1465,79.0,Optimal
2026-08-17 07:00:01,2,Tradescantia Zebrina,1253,89.0,Soggy
2026-08-17 07:30:01,1,Gynura Aurantiaca,1535,76.0,Optimal
2026-08-17 07:30:01,2,Tradescantia Zebrina,1249,89.0,Soggy
2026-08-17 07:30:01,3,Monstera Deliciosa,1453,80.0,Optimal
2026-08-17 08:00:01,1,Gynura Aurantiaca,1561,75.0,Optimal
2026-08-17 08:00:01,2,Tradescantia Zebrina,1254,88.0,Soggy
2026-08-17 08:00:01,3,Monstera Deliciosa,1475,79.0,Optimal
2026-08-17 08:30:00,1,Gynura Aurantiaca,1580,74.0,Optimal
2026-08-17 08:30:00,2,Tradescantia Zebrina,1273,88.0,Soggy
2026-08-17 08:30:01,3,Monstera Deliciosa,1456,80.0,Optimal
2026-08-17 09:00:01,1,Gynura Aurantiaca,1581,74.0,Optimal
2026-08-17 09:00:01,2,Tradescantia Zebrina,1274,88.0,Soggy
2026-08-17 09:00:01,3,Monstera Deliciosa,1443,80.0,Optimal
2026-08-17 09:30:00,3,Monstera Deliciosa,1462,79.0,Optimal
2026-08-17 09:30:01,1,Gynura Aurantiaca,1568,75.0,Optimal
2026-08-17 09:30:01,2,Tradescantia Zebrina,1264,88.0,Soggy
2026-08-17 10:00:00,3,Monstera Deliciosa,1481,79.0,Optimal
2026-08-17 10:00:00,2,Tradescantia Zebrina,1258,88.0,Soggy
2026-08-17 10:00:01,1,Gynura Aurantiaca,1575,75.0,Optimal
2026-08-17 10:30:01,3,Monstera Deliciosa,1471,79.0,Optimal
2026-08-17 10:30:01,1,Gynura Aurantiaca,1579,74.0,Optimal
2026-08-17 10:30:01,2,Tradescantia Zebrina,1275,88.0,Soggy
2026-08-17 11:00:01,3,Monstera Deliciosa,1442,80.0,Optimal
2026-08-17 11:00:01,1,Gynura Aurantiaca,1584,74.0,Optimal
2026-08-17 11:00:01,2,Tradescantia Zebrina,1265,88.0,Soggy
2026-08-17 11:30:00,3,Monstera Deliciosa,1458,80.0,Optimal
2026-08-17 11:30:01,1,Gynura Aurantiaca,1583,74.0,Optimal
2026-08-17 11:30:01,2,Tradescantia Zebrina,1264,88.0,Soggy
2026-08-17 12:00:00,3,Monstera Deliciosa,1454,80.0,Optimal
2026-08-17 12:00:01,1,Gynura Aurantiaca,1578,74.0,Optimal
2026-08-17 12:00:01,2,Tradescantia Zebrina,1264,88.0,Soggy
2026-08-17 12:30:00,1,Gynura Aurantiaca,1589,74.0,Optimal
2026-08-17 12:30:01,3,Monstera Deliciosa,1434,81.0,Soggy
2026-08-17 12:30:01,2,Tradescantia Zebrina,1266,88.0,Soggy
2026-08-17 13:00:00,1,Gynura Aurantiaca,1584,74.0,Optimal
2026-08-17 13:00:01,2,Tradescantia Zebrina,1271,88.0,Soggy
2026-08-17 13:00:01,3,Monstera Deliciosa,1451,80.0,Optimal
2026-08-17 13:30:00,3,Monstera Deliciosa,1461,79.0,Optimal
2026-08-17 13:30:00,2,Tradescantia Zebrina,1269,88.0,Soggy
2026-08-17 13:30:00,1,Gynura Aurantiaca,1590,74.0,Optimal
2026-08-17 14:00:00,3,Monstera Deliciosa,1450,80.0,Optimal
2026-08-17 14:00:01,2,Tradescantia Zebrina,1271,88.0,Soggy
2026-08-17 14:00:01,1,Gynura Aurantiaca,1593,74.0,Optimal
2026-08-17 14:30:00,3,Monstera Deliciosa,1453,80.0,Optimal
2026-08-17 14:30:01,1,Gynura Aurantiaca,1598,74.0,Optimal
2026-08-17 14:30:01,2,Tradescantia Zebrina,1271,88.0,Soggy
2026-08-17 15:00:00,1,Gynura Aurantiaca,1596,74.0,Optimal
2026-08-17 15:00:00,2,Tradescantia Zebrina,1281,87.0,Soggy
2026-08-17 15:00:01,3,Monstera Deliciosa,1476,79.0,Optimal
2026-08-17 15:30:01,1,Gynura Aurantiaca,1593,74.0,Optimal
2026-08-17 15:30:01,2,Tradescantia Zebrina,1269,88.0,Soggy
2026-08-17 15:30:01,3,Monstera Deliciosa,1456,80.0,Optimal
2026-08-17 16:00:01,3,Monstera Deliciosa,1442,80.0,Optimal
2026-08-17 16:00:01,1,Gynura Aurantiaca,1602,73.0,Optimal
2026-08-17 16:00:01,2,Tradescantia Zebrina,1273,88.0,Soggy
2026-08-17 16:30:01,3,Monstera Deliciosa,1460,80.0,Optimal
2026-08-17 16:30:01,1,Gynura Aurantiaca,1583,74.0,Optimal
2026-08-17 16:30:01,2,Tradescantia Zebrina,1291,87.0,Soggy
2026-08-17 17:00:01,3,Monstera Deliciosa,1454,80.0,Optimal
2026-08-17 17:00:01,1,Gynura Aurantiaca,1603,73.0,Optimal
2026-08-17 17:00:01,2,Tradescantia Zebrina,1277,87.0,Soggy
2026-08-17 17:30:00,3,Monstera Deliciosa,1440,80.0,Optimal
2026-08-17 17:30:01,2,Tradescantia Zebrina,1290,87.0,Soggy
2026-08-17 17:30:01,1,Gynura Aurantiaca,1607,73.0,Optimal
2026-08-17 18:00:01,3,Monstera Deliciosa,1470,79.0,Optimal
2026-08-17 18:00:01,2,Tradescantia Zebrina,1287,87.0,Soggy
2026-08-17 18:00:01,1,Gynura Aurantiaca,1598,74.0,Optimal
2026-08-17 18:30:00,2,Tradescantia Zebrina,1295,87.0,Soggy
2026-08-17 18:30:01,1,Gynura Aurantiaca,1615,73.0,Optimal
2026-08-17 18:30:01,3,Monstera Deliciosa,1456,80.0,Optimal
2026-08-17 19:00:01,3,Monstera Deliciosa,1464,79.0,Optimal
2026-08-17 19:00:01,2,Tradescantia Zebrina,1286,87.0,Soggy
2026-08-17 19:00:01,1,Gynura Aurantiaca,1618,73.0,Optimal
2026-08-17 19:30:00,1,Gynura Aurantiaca,1627,72.0,Optimal
2026-08-17 19:30:01,3,Monstera Deliciosa,1474,79.0,Optimal
2026-08-17 19:30:01,2,Tradescantia Zebrina,1281,87.0,Soggy
2026-08-17 20:00:01,3,Monstera Deliciosa,1451,80.0,Optimal
2026-08-17 20:00:01,1,Gynura Aurantiaca,1625,72.0,Optimal
2026-08-17 20:00:01,2,Tradescantia Zebrina,1290,87.0,Soggy
2026-08-17 20:30:01,3,Monstera Deliciosa,1434,81.0,Soggy
2026-08-17 20:30:02,1,Gynura Aurantiaca,1625,72.0,Optimal
2026-08-17 20:30:02,2,Tradescantia Zebrina,1291,87.0,Soggy
2026-08-17 21:00:00,3,Monstera Deliciosa,1477,79.0,Optimal
2026-08-17 21:00:01,1,Gynura Aurantiaca,1616,73.0,Optimal
2026-08-17 21:00:01,2,Tradescantia Zebrina,1312,86.0,Soggy
2026-08-17 21:30:01,3,Monstera Deliciosa,1445,80.0,Optimal
2026-08-17 21:30:02,1,Gynura Aurantiaca,1621,73.0,Optimal
2026-08-17 21:30:02,2,Tradescantia Zebrina,1281,87.0,Soggy
2026-08-17 22:00:01,1,Gynura Aurantiaca,1632,72.0,Optimal
2026-08-17 22:00:02,2,Tradescantia Zebrina,1303,86.0,Soggy
2026-08-17 22:00:02,3,Monstera Deliciosa,1458,80.0,Optimal
2026-08-17 22:30:01,3,Monstera Deliciosa,1439,80.0,Optimal
2026-08-17 22:30:01,2,Tradescantia Zebrina,1295,87.0,Soggy
2026-08-17 22:30:02,1,Gynura Aurantiaca,1648,71.0,Optimal
2026-08-17 23:00:01,3,Monstera Deliciosa,1462,79.0,Optimal
2026-08-17 23:00:01,2,Tradescantia Zebrina,1282,87.0,Soggy
2026-08-17 23:00:01,1,Gynura Aurantiaca,1654,71.0,Optimal
2026-08-17 23:30:00,1,Gynura Aurantiaca,1651,71.0,Optimal
2026-08-17 23:30:01,3,Monstera Deliciosa,1440,80.0,Optimal
2026-08-17 23:30:01,2,Tradescantia Zebrina,1275,88.0,Soggy
2026-08-18 00:00:00,3,Monstera Deliciosa,1451,80.0,Optimal
2026-08-18 00:00:00,1,Gynura Aurantiaca,1641,72.0,Optimal
2026-08-18 00:00:01,2,Tradescantia Zebrina,1289,87.0,Soggy
2026-08-18 00:30:01,2,Tradescantia Zebrina,1283,87.0,Soggy
2026-08-18 00:30:01,3,Monstera Deliciosa,1465,79.0,Optimal
2026-08-18 00:30:01,1,Gynura Aurantiaca,1658,71.0,Optimal
2026-08-18 01:00:00,2,Tradescantia Zebrina,1310,86.0,Soggy
2026-08-18 01:00:01,1,Gynura Aurantiaca,1665,71.0,Optimal
2026-08-18 01:00:01,3,Monstera Deliciosa,1481,79.0,Optimal
2026-08-18 01:30:00,2,Tradescantia Zebrina,1297,87.0,Soggy
2026-08-18 01:30:01,3,Monstera Deliciosa,1456,80.0,Optimal
2026-08-18 01:30:01,1,Gynura Aurantiaca,1649,71.0,Optimal
2026-08-18 02:00:00,1,Gynura Aurantiaca,1657,71.0,Optimal
2026-08-18 02:00:01,3,Monstera Deliciosa,1456,80.0,Optimal
2026-08-18 02:00:01,2,Tradescantia Zebrina,1292,87.0,Soggy
2026-08-18 02:30:00,3,Monstera Deliciosa,1471,79.0,Optimal
2026-08-18 02:30:00,1,Gynura Aurantiaca,1661,71.0,Optimal
2026-08-18 02:30:01,2,Tradescantia Zebrina,1292,87.0,Soggy
2026-08-18 03:00:00,2,Tradescantia Zebrina,1298,87.0,Soggy
2026-08-18 03:00:00,3,Monstera Deliciosa,1466,79.0,Optimal
2026-08-18 03:00:01,1,Gynura Aurantiaca,1680,70.0,Optimal
2026-08-18 03:30:01,2,Tradescantia Zebrina,1311,86.0,Soggy
2026-08-18 03:30:01,3,Monstera Deliciosa,1459,80.0,Optimal
2026-08-18 03:30:01,1,Gynura Aurantiaca,1662,71.0,Optimal
2026-08-18 04:00:00,1,Gynura Aurantiaca,1672,70.0,Optimal
2026-08-18 04:00:01,3,Monstera Deliciosa,1488,78.0,Optimal
2026-08-18 04:00:01,2,Tradescantia Zebrina,1311,86.0,Soggy
2026-08-18 04:30:00,3,Monstera Deliciosa,1473,79.0,Optimal
2026-08-18 04:30:01,2,Tradescantia Zebrina,1310,86.0,Soggy
2026-08-18 04:30:01,1,Gynura Aurantiaca,1682,70.0,Optimal
2026-08-18 05:00:01,3,Monstera Deliciosa,1472,79.0,Optimal
2026-08-18 05:00:01,2,Tradescantia Zebrina,1309,86.0,Soggy
2026-08-18 05:00:02,1,Gynura Aurantiaca,1661,71.0,Optimal
2026-08-18 05:30:00,1,Gynura Aurantiaca,1683,70.0,Optimal
2026-08-18 05:30:01,3,Monstera Deliciosa,1449,80.0,Optimal
2026-08-18 05:30:01,2,Tradescantia Zebrina,1293,87.0,Soggy
2026-08-18 06:00:00,3,Monstera Deliciosa,1465,79.0,Optimal
2026-08-18 06:00:01,2,Tradescantia Zebrina,1299,87.0,Soggy
2026-08-18 06:00:01,1,Gynura Aurantiaca,1681,70.0,Optimal
2026-08-18 06:30:01,3,Monstera Deliciosa,1493,78.0,Optimal
2026-08-18 06:30:01,1,Gynura Aurantiaca,1675,70.0,Optimal
2026-08-18 06:30:02,2,Tradescantia Zebrina,1323,85.0,Soggy
2026-08-18 07:00:01,1,Gynura Aurantiaca,1681,70.0,Optimal
2026-08-18 07:00:01,2,Tradescantia Zebrina,1313,86.0,Soggy
2026-08-18 07:00:01,3,Monstera Deliciosa,1493,78.0,Optimal
2026-08-18 07:30:01,3,Monstera Deliciosa,1471,79.0,Optimal
2026-08-18 07:30:01,1,Gynura Aurantiaca,1669,70.0,Optimal
2026-08-18 07:30:02,2,Tradescantia Zebrina,1305,86.0,Soggy
2026-08-18 08:00:01,1,Gynura Aurantiaca,1685,70.0,Optimal
2026-08-18 08:00:01,3,Monstera Deliciosa,1468,79.0,Optimal
2026-08-18 08:00:02,2,Tradescantia Zebrina,1313,86.0,Soggy
2026-08-18 08:30:00,3,Monstera Deliciosa,1502,78.0,Optimal
2026-08-18 08:30:01,2,Tradescantia Zebrina,1319,86.0,Soggy
2026-08-18 08:30:01,1,Gynura Aurantiaca,1689,70.0,Optimal
2026-08-18 09:00:01,1,Gynura Aurantiaca,1686,70.0,Optimal
2026-08-18 09:00:01,3,Monstera Deliciosa,1472,79.0,Optimal
2026-08-18 09:00:01,2,Tradescantia Zebrina,1324,85.0,Soggy
2026-08-18 09:30:01,3,Monstera Deliciosa,1463,79.0,Optimal
2026-08-18 09:30:01,2,Tradescantia Zebrina,1349,84.0,Soggy
2026-08-18 09:30:02,1,Gynura Aurantiaca,1698,69.0,Optimal
2026-08-18 10:00:01,1,Gynura Aurantiaca,1680,70.0,Optimal
2026-08-18 10:00:01,3,Monstera Deliciosa,1494,78.0,Optimal
2026-08-18 10:00:01,2,Tradescantia Zebrina,1321,86.0,Soggy
2026-08-18 10:30:00,3,Monstera Deliciosa,1450,80.0,Optimal
2026-08-18 10:30:01,2,Tradescantia Zebrina,1328,85.0,Soggy
2026-08-18 10:30:01,1,Gynura Aurantiaca,1693,69.0,Optimal
2026-08-18 11:00:01,3,Monstera Deliciosa,1481,79.0,Optimal
2026-08-18 11:00:01,1,Gynura Aurantiaca,1697,69.0,Optimal
2026-08-18 11:00:01,2,Tradescantia Zebrina,1331,85.0,Soggy
2026-08-18 11:30:00,2,Tradescantia Zebrina,1327,85.0,Soggy
2026-08-18 11:30:01,3,Monstera Deliciosa,1458,80.0,Optimal
2026-08-18 11:30:01,1,Gynura Aurantiaca,1686,70.0,Optimal
2026-08-18 12:00:01,1,Gynura Aurantiaca,1702,69.0,Optimal
2026-08-18 12:00:01,3,Monstera Deliciosa,1470,79.0,Optimal
2026-08-18 12:00:01,2,Tradescantia Zebrina,1327,85.0,Soggy
2026-08-18 12:30:01,1,Gynura Aurantiaca,1701,69.0,Optimal
2026-08-18 12:30:01,3,Monstera Deliciosa,1477,79.0,Optimal
2026-08-18 12:30:02,2,Tradescantia Zebrina,1328,85.0,Soggy
2026-08-18 13:00:00,1,Gynura Aurantiaca,1713,69.0,Optimal
2026-08-18 13:00:00,3,Monstera Deliciosa,1472,79.0,Optimal
2026-08-18 13:00:01,2,Tradescantia Zebrina,1328,85.0,Soggy
2026-08-18 13:30:01,3,Monstera Deliciosa,1472,79.0,Optimal
2026-08-18 13:30:01,2,Tradescantia Zebrina,1347,84.0,Soggy
2026-08-18 13:30:01,1,Gynura Aurantiaca,1707,69.0,Optimal
2026-08-18 14:00:01,3,Monstera Deliciosa,1488,78.0,Optimal
2026-08-18 14:00:01,1,Gynura Aurantiaca,1707,69.0,Optimal
2026-08-18 14:00:02,2,Tradescantia Zebrina,1355,84.0,Soggy
2026-08-18 14:30:00,3,Monstera Deliciosa,1488,78.0,Optimal
2026-08-18 14:30:01,1,Gynura Aurantiaca,1714,68.0,Optimal
2026-08-18 14:30:01,2,Tradescantia Zebrina,1346,84.0,Soggy
2026-08-18 15:00:00,3,Monstera Deliciosa,1485,78.0,Optimal
2026-08-18 15:00:00,2,Tradescantia Zebrina,1339,85.0,Soggy
2026-08-18 15:00:01,1,Gynura Aurantiaca,1717,68.0,Optimal
2026-08-18 15:30:00,1,Gynura Aurantiaca,1717,68.0,Optimal
2026-08-18 15:30:01,3,Monstera Deliciosa,1495,78.0,Optimal
2026-08-18 15:30:01,2,Tradescantia Zebrina,1360,84.0,Soggy
2026-08-18 16:00:00,1,Gynura Aurantiaca,1712,69.0,Optimal
2026-08-18 16:00:01,3,Monstera Deliciosa,1456,80.0,Optimal
2026-08-18 16:00:01,2,Tradescantia Zebrina,1340,85.0,Soggy
2026-08-18 16:30:01,1,Gynura Aurantiaca,1710,69.0,Optimal
2026-08-18 16:30:01,2,Tradescantia Zebrina,1425,81.0,Soggy
2026-08-18 16:30:01,3,Monstera Deliciosa,1453,80.0,Optimal
2026-08-18 17:00:01,3,Monstera Deliciosa,1469,79.0,Optimal
2026-08-18 17:00:01,1,Gynura Aurantiaca,1712,69.0,Optimal
2026-08-18 17:00:01,2,Tradescantia Zebrina,1351,84.0,Soggy
2026-08-18 17:30:01,2,Tradescantia Zebrina,1353,84.0,Soggy
2026-08-18 17:30:01,3,Monstera Deliciosa,1486,78.0,Optimal
2026-08-18 17:30:01,1,Gynura Aurantiaca,1733,68.0,Optimal
2026-08-18 18:00:00,3,Monstera Deliciosa,1479,79.0,Optimal
2026-08-18 18:00:00,1,Gynura Aurantiaca,1724,68.0,Optimal
2026-08-18 18:00:01,2,Tradescantia Zebrina,1360,84.0,Soggy
2026-08-18 18:30:00,3,Monstera Deliciosa,1472,79.0,Optimal
2026-08-18 18:30:01,1,Gynura Aurantiaca,1723,68.0,Optimal
2026-08-18 18:30:01,2,Tradescantia Zebrina,1359,84.0,Soggy
2026-08-18 19:00:01,3,Monstera Deliciosa,1501,78.0,Optimal
2026-08-18 19:00:01,1,Gynura Aurantiaca,1733,68.0,Optimal
2026-08-18 19:00:02,2,Tradescantia Zebrina,1358,84.0,Soggy
2026-08-18 19:30:00,1,Gynura Aurantiaca,1717,68.0,Optimal
2026-08-18 19:30:01,2,Tradescantia Zebrina,1351,84.0,Soggy
2026-08-18 19:30:01,3,Monstera Deliciosa,1484,78.0,Optimal
2026-08-18 20:00:01,2,Tradescantia Zebrina,1358,84.0,Soggy
2026-08-18 20:00:01,3,Monstera Deliciosa,1461,79.0,Optimal
2026-08-18 20:00:01,1,Gynura Aurantiaca,1751,67.0,Optimal
2026-08-18 20:30:01,2,Tradescantia Zebrina,1362,84.0,Soggy
2026-08-18 20:30:01,3,Monstera Deliciosa,1467,79.0,Optimal
2026-08-18 20:30:01,1,Gynura Aurantiaca,1731,68.0,Optimal
2026-08-18 21:00:00,2,Tradescantia Zebrina,1359,84.0,Soggy
2026-08-18 21:00:01,1,Gynura Aurantiaca,1748,67.0,Optimal
2026-08-18 21:00:01,3,Monstera Deliciosa,1472,79.0,Optimal
2026-08-18 21:30:00,2,Tradescantia Zebrina,1370,83.0,Soggy
2026-08-18 21:30:01,1,Gynura Aurantiaca,1732,68.0,Optimal
2026-08-18 21:30:01,3,Monstera Deliciosa,1461,79.0,Optimal
2026-08-18 22:00:00,1,Gynura Aurantiaca,1741,67.0,Optimal
2026-08-18 22:00:01,2,Tradescantia Zebrina,1375,83.0,Soggy
2026-08-18 22:00:01,3,Monstera Deliciosa,1487,78.0,Optimal
2026-08-18 22:30:00,2,Tradescantia Zebrina,1358,84.0,Soggy
2026-08-18 22:30:01,3,Monstera Deliciosa,1479,79.0,Optimal
2026-08-18 22:30:01,1,Gynura Aurantiaca,1749,67.0,Optimal
2026-08-18 23:00:00,2,Tradescantia Zebrina,1382,83.0,Soggy
2026-08-18 23:00:01,3,Monstera Deliciosa,1470,79.0,Optimal
2026-08-18 23:00:01,1,Gynura Aurantiaca,1741,67.0,Optimal
2026-08-18 23:30:00,3,Monstera Deliciosa,1470,79.0,Optimal
2026-08-18 23:30:01,1,Gynura Aurantiaca,1742,67.0,Optimal
2026-08-18 23:30:01,2,Tradescantia Zebrina,1386,83.0,Soggy
2026-08-19 00:00:00,3,Monstera Deliciosa,1473,79.0,Optimal
2026-08-19 00:00:01,1,Gynura Aurantiaca,1745,67.0,Optimal
2026-08-19 00:00:01,2,Tradescantia Zebrina,1370,83.0,Soggy
2026-08-19 00:30:00,1,Gynura Aurantiaca,1744,67.0,Optimal
2026-08-19 00:30:00,2,Tradescantia Zebrina,1381,83.0,Soggy
2026-08-19 00:30:01,3,Monstera Deliciosa,1479,79.0,Optimal
2026-08-19 01:00:00,1,Gynura Aurantiaca,1758,67.0,Optimal
2026-08-19 01:00:01,2,Tradescantia Zebrina,1371,83.0,Soggy
2026-08-19 01:00:01,3,Monstera Deliciosa,1493,78.0,Optimal
2026-08-19 01:30:00,3,Monstera Deliciosa,1479,79.0,Optimal
2026-08-19 01:30:01,1,Gynura Aurantiaca,1763,66.0,Optimal
2026-08-19 01:30:01,2,Tradescantia Zebrina,1365,84.0,Soggy
2026-08-19 02:00:00,2,Tradescantia Zebrina,1373,83.0,Soggy
2026-08-19 02:00:01,3,Monstera Deliciosa,1469,79.0,Optimal
2026-08-19 02:00:01,1,Gynura Aurantiaca,1746,67.0,Optimal
2026-08-19 02:30:00,1,Gynura Aurantiaca,1757,67.0,Optimal
2026-08-19 02:30:01,2,Tradescantia Zebrina,1360,84.0,Soggy
2026-08-19 02:30:01,3,Monstera Deliciosa,1505,78.0,Optimal
2026-08-19 03:00:00,3,Monstera Deliciosa,1456,80.0,Optimal
2026-08-19 03:00:00,1,Gynura Aurantiaca,1776,66.0,Optimal
2026-08-19 03:00:01,2,Tradescantia Zebrina,1387,83.0,Soggy
2026-08-19 03:30:00,2,Tradescantia Zebrina,1386,83.0,Soggy
2026-08-19 03:30:01,1,Gynura Aurantiaca,1774,66.0,Optimal
2026-08-19 03:30:01,3,Monstera Deliciosa,1486,78.0,Optimal
2026-08-19 04:00:01,2,Tradescantia Zebrina,1386,83.0,Soggy
2026-08-19 04:00:02,1,Gynura Aurantiaca,1778,66.0,Optimal
2026-08-19 04:00:02,3,Monstera Deliciosa,1477,79.0,Optimal
2026-08-19 04:30:01,1,Gynura Aurantiaca,1762,66.0,Optimal
2026-08-19 04:30:01,3,Monstera Deliciosa,1483,79.0,Optimal
2026-08-19 04:30:01,2,Tradescantia Zebrina,1370,83.0,Soggy
2026-08-19 05:00:00,1,Gynura Aurantiaca,1775,66.0,Optimal
2026-08-19 05:00:01,2,Tradescantia Zebrina,1407,82.0,Soggy
2026-08-19 05:00:02,3,Monstera Deliciosa,1482,79.0,Optimal
2026-08-19 05:30:00,1,Gynura Aurantiaca,1770,66.0,Optimal
2026-08-19 05:30:01,3,Monstera Deliciosa,1489,78.0,Optimal
2026-08-19 05:30:01,2,Tradescantia Zebrina,1382,83.0,Soggy
2026-08-19 06:00:01,1,Gynura Aurantiaca,1790,65.0,Optimal
2026-08-19 06:00:01,2,Tradescantia Zebrina,1392,82.0,Soggy
2026-08-19 06:00:01,3,Monstera Deliciosa,1491,78.0,Optimal
2026-08-19 06:30:00,2,Tradescantia Zebrina,1382,83.0,Soggy
2026-08-19 06:30:01,1,Gynura Aurantiaca,1789,65.0,Optimal
2026-08-19 06:30:01,3,Monstera Deliciosa,1483,79.0,Optimal
2026-08-19 07:00:00,1,Gynura Aurantiaca,1791,65.0,Optimal
2026-08-19 07:00:00,2,Tradescantia Zebrina,1383,83.0,Soggy
2026-08-19 07:00:00,3,Monstera Deliciosa,1475,79.0,Optimal
2026-08-19 07:30:00,1,Gynura Aurantiaca,1794,65.0,Optimal
2026-08-19 07:30:01,2,Tradescantia Zebrina,1405,82.0,Soggy
2026-08-19 07:30:01,3,Monstera Deliciosa,1473,79.0,Optimal
2026-08-19 08:00:01,3,Monstera Deliciosa,1461,79.0,Optimal
2026-08-19 08:00:01,2,Tradescantia Zebrina,1389,83.0,Soggy
2026-08-19 08:00:01,1,Gynura Aurantiaca,1786,65.0,Optimal
2026-08-19 08:30:00,3,Monstera Deliciosa,1488,78.0,Optimal
2026-08-19 08:30:00,2,Tradescantia Zebrina,1394,82.0,Soggy
2026-08-19 08:30:01,1,Gynura Aurantiaca,1805,65.0,Optimal
2026-08-19 09:00:00,3,Monstera Deliciosa,1511,77.0,Optimal
2026-08-19 09:00:01,1,Gynura Aurantiaca,1790,65.0,Optimal
2026-08-19 09:00:01,2,Tradescantia Zebrina,1409,82.0,Soggy
2026-08-19 09:30:01,3,Monstera Deliciosa,1501,78.0,Optimal
2026-08-19 09:30:01,2,Tradescantia Zebrina,1391,83.0,Soggy
2026-08-19 09:30:01,1,Gynura Aurantiaca,1808,64.0,Optimal
2026-08-19 10:00:00,2,Tradescantia Zebrina,1404,82.0,Soggy
2026-08-19 10:00:00,1,Gynura Aurantiaca,1812,64.0,Optimal
2026-08-19 10:00:01,3,Monstera Deliciosa,1520,77.0,Optimal
2026-08-19 10:30:01,1,Gynura Aurantiaca,1807,64.0,Optimal
2026-08-19 10:30:01,2,Tradescantia Zebrina,1405,82.0,Soggy
2026-08-19 10:30:01,3,Monstera Deliciosa,1509,77.0,Optimal
2026-08-19 11:00:01,3,Monstera Deliciosa,1487,78.0,Optimal
2026-08-19 11:00:01,1,Gynura Aurantiaca,1813,64.0,Optimal
2026-08-19 11:00:01,2,Tradescantia Zebrina,1411,82.0,Soggy
2026-08-19 11:30:01,3,Monstera Deliciosa,1490,78.0,Optimal
2026-08-19 11:30:02,1,Gynura Aurantiaca,1812,64.0,Optimal
2026-08-19 11:30:02,2,Tradescantia Zebrina,1417,81.0,Soggy
2026-08-19 12:00:01,3,Monstera Deliciosa,1485,78.0,Optimal
2026-08-19 12:00:01,2,Tradescantia Zebrina,1419,81.0,Soggy
2026-08-19 12:00:01,1,Gynura Aurantiaca,1808,64.0,Optimal
2026-08-19 12:30:01,1,Gynura Aurantiaca,1813,64.0,Optimal
2026-08-19 12:30:01,3,Monstera Deliciosa,1489,78.0,Optimal
2026-08-19 12:30:01,2,Tradescantia Zebrina,1432,81.0,Soggy
2026-08-19 13:00:00,3,Monstera Deliciosa,1471,79.0,Optimal
2026-08-19 13:00:01,1,Gynura Aurantiaca,1808,64.0,Optimal
2026-08-19 13:00:02,2,Tradescantia Zebrina,1424,81.0,Soggy
2026-08-19 13:30:00,1,Gynura Aurantiaca,1833,63.0,Optimal
2026-08-19 13:30:01,3,Monstera Deliciosa,1499,78.0,Optimal
2026-08-19 13:30:01,2,Tradescantia Zebrina,1429,81.0,Soggy
2026-08-19 14:00:00,2,Tradescantia Zebrina,1427,81.0,Soggy
2026-08-19 14:00:01,1,Gynura Aurantiaca,1819,64.0,Optimal
2026-08-19 14:00:01,3,Monstera Deliciosa,1499,78.0,Optimal
2026-08-19 14:30:00,2,Tradescantia Zebrina,1426,81.0,Soggy
2026-08-19 14:30:00,3,Monstera Deliciosa,1487,78.0,Optimal
2026-08-19 14:30:01,1,Gynura Aurantiaca,1829,63.0,Optimal
2026-08-19 15:00:00,1,Gynura Aurantiaca,1826,64.0,Optimal
2026-08-19 15:00:00,2,Tradescantia Zebrina,1430,81.0,Soggy
2026-08-19 15:00:00,3,Monstera Deliciosa,1488,78.0,Optimal
2026-08-19 15:30:01,1,Gynura Aurantiaca,1826,64.0,Optimal
2026-08-19 15:30:01,2,Tradescantia Zebrina,1428,81.0,Soggy
2026-08-19 15:30:01,3,Monstera Deliciosa,1468,79.0,Optimal
2026-08-19 16:00:01,2,Tradescantia Zebrina,1449,80.0,Optimal
2026-08-19 16:00:01,1,Gynura Aurantiaca,1823,64.0,Optimal
2026-08-19 16:00:01,3,Monstera Deliciosa,1504,78.0,Optimal
2026-08-19 16:30:00,1,Gynura Aurantiaca,1837,63.0,Optimal
2026-08-19 16:30:01,3,Monstera Deliciosa,1483,79.0,Optimal
2026-08-19 16:30:01,2,Tradescantia Zebrina,1440,80.0,Optimal
2026-08-19 17:00:01,3,Monstera Deliciosa,1510,77.0,Optimal
2026-08-19 17:00:01,1,Gynura Aurantiaca,1835,63.0,Optimal
2026-08-19 17:00:01,2,Tradescantia Zebrina,1442,80.0,Optimal
2026-08-19 17:30:00,2,Tradescantia Zebrina,1439,80.0,Optimal
2026-08-19 17:30:00,1,Gynura Aurantiaca,1835,63.0,Optimal
2026-08-19 17:30:01,3,Monstera Deliciosa,1477,79.0,Optimal
2026-08-19 18:00:01,3,Monstera Deliciosa,1498,78.0,Optimal
2026-08-19 18:00:01,2,Tradescantia Zebrina,1458,80.0,Optimal
2026-08-19 18:00:01,1,Gynura Aurantiaca,1851,63.0,Optimal
2026-08-19 18:30:01,3,Monstera Deliciosa,1481,79.0,Optimal
2026-08-19 18:30:01,1,Gynura Aurantiaca,1862,62.0,Optimal
2026-08-19 18:30:01,2,Tradescantia Zebrina,1456,80.0,Optimal
2026-08-19 19:00:01,3,Monstera Deliciosa,1504,78.0,Optimal
2026-08-19 19:00:01,1,Gynura Aurantiaca,1856,62.0,Optimal
2026-08-19 19:00:01,2,Tradescantia Zebrina,1466,79.0,Optimal
2026-08-19 19:30:01,1,Gynura Aurantiaca,1872,62.0,Optimal
2026-08-19 19:30:01,2,Tradescantia Zebrina,1456,80.0,Optimal
2026-08-19 19:30:01,3,Monstera Deliciosa,1520,77.0,Optimal
2026-08-19 20:00:01,1,Gynura Aurantiaca,1865,62.0,Optimal
2026-08-19 20:00:01,2,Tradescantia Zebrina,1459,80.0,Optimal
2026-08-19 20:00:01,3,Monstera Deliciosa,1505,78.0,Optimal
2026-08-19 20:30:01,2,Tradescantia Zebrina,1457,80.0,Optimal
2026-08-19 20:30:01,1,Gynura Aurantiaca,1874,62.0,Optimal
2026-08-19 20:30:02,3,Monstera Deliciosa,1488,78.0,Optimal
2026-08-19 21:00:01,3,Monstera Deliciosa,1504,78.0,Optimal
2026-08-19 21:00:02,1,Gynura Aurantiaca,1887,61.0,Optimal
2026-08-19 21:00:02,2,Tradescantia Zebrina,1459,80.0,Optimal
2026-08-19 21:30:01,3,Monstera Deliciosa,1483,79.0,Optimal
2026-08-19 21:30:01,1,Gynura Aurantiaca,1885,61.0,Optimal
2026-08-19 21:30:01,2,Tradescantia Zebrina,1456,80.0,Optimal
2026-08-19 22:00:00,1,Gynura Aurantiaca,1903,60.0,Optimal
2026-08-19 22:00:01,2,Tradescantia Zebrina,1469,79.0,Optimal
2026-08-19 22:00:01,3,Monstera Deliciosa,1485,78.0,Optimal
2026-08-19 22:30:01,3,Monstera Deliciosa,1500,78.0,Optimal
2026-08-19 22:30:01,1,Gynura Aurantiaca,1907,60.0,Optimal
2026-08-19 22:30:01,2,Tradescantia Zebrina,1467,79.0,Optimal
2026-08-19 23:00:00,2,Tradescantia Zebrina,1467,79.0,Optimal
2026-08-19 23:00:01,3,Monstera Deliciosa,1486,78.0,Optimal
2026-08-19 23:00:01,1,Gynura Aurantiaca,1921,59.0,Optimal
2026-08-19 23:30:00,1,Gynura Aurantiaca,1926,59.0,Optimal
2026-08-19 23:30:00,2,Tradescantia Zebrina,1478,79.0,Optimal
2026-08-19 23:30:01,3,Monstera Deliciosa,1494,78.0,Optimal
2026-08-20 00:00:01,3,Monstera Deliciosa,1503,78.0,Optimal
2026-08-20 00:00:01,1,Gynura Aurantiaca,1923,59.0,Optimal
2026-08-20 00:00:01,2,Tradescantia Zebrina,1472,79.0,Optimal
2026-08-20 00:30:01,1,Gynura Aurantiaca,1938,59.0,Optimal
2026-08-20 00:30:01,3,Monstera Deliciosa,1488,78.0,Optimal
2026-08-20 00:30:02,2,Tradescantia Zebrina,1488,78.0,Optimal
2026-08-20 01:00:01,1,Gynura Aurantiaca,1955,58.0,Optimal
2026-08-20 01:00:01,2,Tradescantia Zebrina,1475,79.0,Optimal
2026-08-20 01:00:02,3,Monstera Deliciosa,1497,78.0,Optimal
2026-08-20 01:30:01,2,Tradescantia Zebrina,1499,78.0,Optimal
2026-08-20 01:30:01,1,Gynura Aurantiaca,1975,57.0,Optimal
2026-08-20 01:30:02,3,Monstera Deliciosa,1526,77.0,Optimal
2026-08-20 02:00:01,3,Monstera Deliciosa,1510,77.0,Optimal
2026-08-20 02:00:01,2,Tradescantia Zebrina,1495,78.0,Optimal
2026-08-20 02:00:02,1,Gynura Aurantiaca,1984,57.0,Optimal
2026-08-20 02:30:01,3,Monstera Deliciosa,1498,78.0,Optimal
2026-08-20 02:30:01,1,Gynura Aurantiaca,1994,56.0,Optimal
2026-08-20 02:30:02,2,Tradescantia Zebrina,1507,77.0,Optimal
2026-08-20 03:00:01,2,Tradescantia Zebrina,1503,78.0,Optimal
2026-08-20 03:00:01,3,Monstera Deliciosa,1481,79.0,Optimal
2026-08-20 03:00:02,1,Gynura Aurantiaca,2006,56.0,Optimal
2026-08-20 03:30:01,3,Monstera Deliciosa,1477,79.0,Optimal
2026-08-20 03:30:01,1,Gynura Aurantiaca,2026,55.0,Optimal
2026-08-20 03:30:02,2,Tradescantia Zebrina,1515,77.0,Optimal
2026-08-20 04:00:01,3,Monstera Deliciosa,1493,78.0,Optimal
2026-08-20 04:00:01,2,Tradescantia Zebrina,1519,77.0,Optimal
2026-08-20 04:00:01,1,Gynura Aurantiaca,2032,55.0,Optimal
2026-08-20 04:30:00,3,Monstera Deliciosa,1478,79.0,Optimal
2026-08-20 04:30:01,2,Tradescantia Zebrina,1508,77.0,Optimal
2026-08-20 04:30:02,1,Gynura Aurantiaca,2058,54.0,Optimal
2026-08-20 05:00:01,3,Monstera Deliciosa,1502,78.0,Optimal
2026-08-20 05:00:01,2,Tradescantia Zebrina,1508,77.0,Optimal
2026-08-20 05:00:01,1,Gynura Aurantiaca,2054,54.0,Optimal
2026-08-20 05:30:01,3,Monstera Deliciosa,1497,78.0,Optimal
2026-08-20 05:30:01,2,Tradescantia Zebrina,1503,78.0,Optimal
2026-08-20 05:30:03,1,Gynura Aurantiaca,2061,53.0,Optimal
2026-08-20 06:00:01,3,Monstera Deliciosa,1511,77.0,Optimal
2026-08-20 06:00:01,2,Tradescantia Zebrina,1520,77.0,Optimal
2026-08-20 06:00:02,1,Gynura Aurantiaca,2079,53.0,Optimal
2026-08-20 06:30:01,2,Tradescantia Zebrina,1535,76.0,Optimal
2026-08-20 06:30:01,3,Monstera Deliciosa,1488,78.0,Optimal
2026-08-20 06:30:01,1,Gynura Aurantiaca,2107,51.0,Optimal
2026-08-20 07:00:01,1,Gynura Aurantiaca,2107,51.0,Optimal
2026-08-20 07:00:01,2,Tradescantia Zebrina,1521,77.0,Optimal
2026-08-20 07:00:02,3,Monstera Deliciosa,1488,78.0,Optimal
2026-08-20 07:30:00,2,Tradescantia Zebrina,1518,77.0,Optimal
2026-08-20 07:30:01,3,Monstera Deliciosa,1495,78.0,Optimal
2026-08-20 07:30:01,1,Gynura Aurantiaca,2114,51.0,Optimal
2026-08-20 08:00:00,2,Tradescantia Zebrina,1535,76.0,Optimal
2026-08-20 08:00:00,1,Gynura Aurantiaca,2124,51.0,Optimal
2026-08-20 08:00:01,3,Monstera Deliciosa,1509,77.0,Optimal
2026-08-20 08:30:00,3,Monstera Deliciosa,1485,78.0,Optimal
2026-08-20 08:30:01,2,Tradescantia Zebrina,1555,75.0,Optimal
2026-08-20 08:30:01,1,Gynura Aurantiaca,2134,50.0,Moist
2026-08-20 09:00:00,3,Monstera Deliciosa,1508,77.0,Optimal
2026-08-20 09:00:01,1,Gynura Aurantiaca,2144,50.0,Moist
2026-08-20 09:00:01,2,Tradescantia Zebrina,1555,75.0,Optimal
2026-08-20 09:30:00,2,Tradescantia Zebrina,1565,75.0,Optimal
2026-08-20 09:30:00,1,Gynura Aurantiaca,2128,50.0,Moist
2026-08-20 09:30:01,3,Monstera Deliciosa,1485,78.0,Optimal
2026-08-20 10:00:01,2,Tradescantia Zebrina,1558,75.0,Optimal
2026-08-20 10:00:01,1,Gynura Aurantiaca,2149,50.0,Moist
2026-08-20 10:00:01,3,Monstera Deliciosa,1495,78.0,Optimal
2026-08-20 10:30:01,2,Tradescantia Zebrina,1573,75.0,Optimal
2026-08-20 10:30:01,3,Monstera Deliciosa,1497,78.0,Optimal
2026-08-20 10:30:01,1,Gynura Aurantiaca,2149,50.0,Moist
2026-08-20 11:00:01,3,Monstera Deliciosa,1516,77.0,Optimal
2026-08-20 11:00:01,2,Tradescantia Zebrina,1574,75.0,Optimal
2026-08-20 11:00:01,1,Gynura Aurantiaca,2153,49.0,Moist
2026-08-20 11:30:02,2,Tradescantia Zebrina,1586,74.0,Optimal
2026-08-20 11:30:02,1,Gynura Aurantiaca,2146,50.0,Moist
2026-08-20 11:30:02,3,Monstera Deliciosa,1520,77.0,Optimal
2026-08-20 12:00:01,2,Tradescantia Zebrina,1600,73.0,Optimal
2026-08-20 12:00:01,1,Gynura Aurantiaca,2150,50.0,Moist
2026-08-20 12:00:01,3,Monstera Deliciosa,1501,78.0,Optimal
2026-08-20 12:30:01,1,Gynura Aurantiaca,2172,49.0,Moist
2026-08-20 12:30:01,3,Monstera Deliciosa,1514,77.0,Optimal
2026-08-20 12:30:02,2,Tradescantia Zebrina,1591,74.0,Optimal
2026-08-20 13:00:00,1,Gynura Aurantiaca,2167,49.0,Moist
2026-08-20 13:00:01,3,Monstera Deliciosa,1523,77.0,Optimal
2026-08-20 13:00:01,2,Tradescantia Zebrina,1581,74.0,Optimal
2026-08-20 13:30:01,1,Gynura Aurantiaca,2178,48.0,Moist
2026-08-20 13:30:01,3,Monstera Deliciosa,1510,77.0,Optimal
2026-08-20 13:30:02,2,Tradescantia Zebrina,1601,73.0,Optimal
2026-08-20 14:00:00,3,Monstera Deliciosa,1526,77.0,Optimal
2026-08-20 14:00:01,2,Tradescantia Zebrina,1617,73.0,Optimal
2026-08-20 14:00:01,1,Gynura Aurantiaca,2173,49.0,Moist
2026-08-20 14:30:00,2,Tradescantia Zebrina,1616,73.0,Optimal
2026-08-20 14:30:01,1,Gynura Aurantiaca,2177,48.0,Moist
2026-08-20 14:30:01,3,Monstera Deliciosa,1535,76.0,Optimal
2026-08-20 15:00:00,3,Monstera Deliciosa,1520,77.0,Optimal
2026-08-20 15:00:01,2,Tradescantia Zebrina,1625,72.0,Optimal
2026-08-20 15:00:01,1,Gynura Aurantiaca,2193,48.0,Moist
2026-08-20 15:30:00,1,Gynura Aurantiaca,2197,47.0,Moist
2026-08-20 15:30:01,3,Monstera Deliciosa,1520,77.0,Optimal
2026-08-20 15:30:01,2,Tradescantia Zebrina,1639,72.0,Optimal
2026-08-20 16:00:00,2,Tradescantia Zebrina,1633,72.0,Optimal
2026-08-20 16:00:01,1,Gynura Aurantiaca,2192,48.0,Moist
2026-08-20 16:00:01,3,Monstera Deliciosa,1520,77.0,Optimal
2026-08-20 16:30:00,2,Tradescantia Zebrina,1638,72.0,Optimal
2026-08-20 16:30:00,3,Monstera Deliciosa,1523,77.0,Optimal
2026-08-20 16:30:01,1,Gynura Aurantiaca,2193,48.0,Moist
2026-08-20 17:00:01,1,Gynura Aurantiaca,2187,48.0,Moist
2026-08-20 17:00:01,2,Tradescantia Zebrina,1648,71.0,Optimal
2026-08-20 17:00:01,3,Monstera Deliciosa,1509,77.0,Optimal
2026-08-20 17:30:01,1,Gynura Aurantiaca,2222,46.0,Moist
2026-08-20 17:30:02,3,Monstera Deliciosa,1491,78.0,Optimal
2026-08-20 17:30:03,2,Tradescantia Zebrina,1650,71.0,Optimal
2026-08-20 18:00:01,1,Gynura Aurantiaca,2214,47.0,Moist
2026-08-20 18:00:01,3,Monstera Deliciosa,1517,77.0,Optimal
2026-08-20 18:00:01,2,Tradescantia Zebrina,1655,71.0,Optimal
2026-08-20 18:30:00,3,Monstera Deliciosa,1517,77.0,Optimal
2026-08-20 18:30:00,2,Tradescantia Zebrina,1655,71.0,Optimal
2026-08-20 18:30:01,1,Gynura Aurantiaca,2224,46.0,Moist
2026-08-20 19:00:00,1,Gynura Aurantiaca,2223,46.0,Moist
2026-08-20 19:00:00,3,Monstera Deliciosa,1510,77.0,Optimal
2026-08-20 19:00:01,2,Tradescantia Zebrina,1664,71.0,Optimal
2026-08-20 19:30:00,1,Gynura Aurantiaca,2213,47.0,Moist
2026-08-20 19:30:01,2,Tradescantia Zebrina,1680,70.0,Optimal
2026-08-20 19:30:01,3,Monstera Deliciosa,1522,77.0,Optimal
2026-08-20 20:00:01,2,Tradescantia Zebrina,1678,70.0,Optimal
2026-08-20 20:00:01,1,Gynura Aurantiaca,2233,46.0,Moist
2026-08-20 20:00:02,3,Monstera Deliciosa,1506,78.0,Optimal
2026-08-20 20:30:01,3,Monstera Deliciosa,1505,78.0,Optimal
2026-08-20 20:30:01,2,Tradescantia Zebrina,1685,70.0,Optimal
2026-08-20 20:30:01,1,Gynura Aurantiaca,2228,46.0,Moist
2026-08-20 21:00:00,3,Monstera Deliciosa,1505,78.0,Optimal
2026-08-20 21:00:00,2,Tradescantia Zebrina,1694,69.0,Optimal
2026-08-20 21:00:01,1,Gynura Aurantiaca,2235,46.0,Moist
2026-08-20 21:30:01,3,Monstera Deliciosa,1534,76.0,Optimal
2026-08-20 21:30:01,1,Gynura Aurantiaca,2247,45.0,Moist
2026-08-20 21:30:01,2,Tradescantia Zebrina,1681,70.0,Optimal
2026-08-20 22:00:01,3,Monstera Deliciosa,1515,77.0,Optimal
2026-08-20 22:00:01,2,Tradescantia Zebrina,1690,70.0,Optimal
2026-08-20 22:00:02,1,Gynura Aurantiaca,2251,45.0,Moist
2026-08-20 22:30:01,3,Monstera Deliciosa,1535,76.0,Optimal
2026-08-20 22:30:01,1,Gynura Aurantiaca,2254,45.0,Moist
2026-08-20 22:30:01,2,Tradescantia Zebrina,1691,69.0,Optimal
2026-08-20 23:00:01,3,Monstera Deliciosa,1520,77.0,Optimal
2026-08-20 23:00:01,1,Gynura Aurantiaca,2251,45.0,Moist
2026-08-20 23:00:02,2,Tradescantia Zebrina,1695,69.0,Optimal
2026-08-20 23:30:00,3,Monstera Deliciosa,1511,77.0,Optimal
2026-08-20 23:30:01,1,Gynura Aurantiaca,2257,45.0,Moist
2026-08-20 23:30:01,2,Tradescantia Zebrina,1706,69.0,Optimal
2026-08-21 00:00:01,3,Monstera Deliciosa,1528,77.0,Optimal
2026-08-21 00:00:01,1,Gynura Aurantiaca,2243,45.0,Moist
2026-08-21 00:00:01,2,Tradescantia Zebrina,1709,69.0,Optimal
2026-08-21 00:30:01,2,Tradescantia Zebrina,1707,69.0,Optimal
2026-08-21 00:30:01,3,Monstera Deliciosa,1505,78.0,Optimal
2026-08-21 00:30:02,1,Gynura Aurantiaca,2256,45.0,Moist
2026-08-21 01:00:00,3,Monstera Deliciosa,1514,77.0,Optimal
2026-08-21 01:00:01,1,Gynura Aurantiaca,2275,44.0,Moist
2026-08-21 01:00:01,2,Tradescantia Zebrina,1715,68.0,Optimal
2026-08-21 01:30:00,2,Tradescantia Zebrina,1716,68.0,Optimal
2026-08-21 01:30:01,3,Monstera Deliciosa,1521,77.0,Optimal
2026-08-21 01:30:01,1,Gynura Aurantiaca,2255,45.0,Moist
2026-08-21 02:00:01,2,Tradescantia Zebrina,1728,68.0,Optimal
2026-08-21 02:00:01,1,Gynura Aurantiaca,2263,45.0,Moist
2026-08-21 02:00:01,3,Monstera Deliciosa,1520,77.0,Optimal
2026-08-21 02:30:00,3,Monstera Deliciosa,1499,78.0,Optimal
2026-08-21 02:30:01,2,Tradescantia Zebrina,1731,68.0,Optimal
2026-08-21 02:30:01,1,Gynura Aurantiaca,2270,44.0,Moist
2026-08-21 03:00:00,2,Tradescantia Zebrina,1739,67.0,Optimal
2026-08-21 03:00:01,3,Monstera Deliciosa,1503,78.0,Optimal
2026-08-21 03:00:01,1,Gynura Aurantiaca,2267,44.0,Moist
2026-08-21 03:30:01,2,Tradescantia Zebrina,1744,67.0,Optimal
2026-08-21 03:30:01,3,Monstera Deliciosa,1494,78.0,Optimal
2026-08-21 03:30:01,1,Gynura Aurantiaca,2277,44.0,Moist
2026-08-21 04:00:01,1,Gynura Aurantiaca,2263,45.0,Moist
2026-08-21 04:00:01,3,Monstera Deliciosa,1499,78.0,Optimal
2026-08-21 04:00:01,2,Tradescantia Zebrina,1744,67.0,Optimal
2026-08-21 04:30:01,1,Gynura Aurantiaca,2287,44.0,Moist
2026-08-21 04:30:02,2,Tradescantia Zebrina,1735,68.0,Optimal
2026-08-21 04:30:02,3,Monstera Deliciosa,1532,76.0,Optimal
2026-08-21 05:00:00,1,Gynura Aurantiaca,2275,44.0,Moist
2026-08-21 05:00:01,3,Monstera Deliciosa,1505,78.0,Optimal
2026-08-21 05:00:01,2,Tradescantia Zebrina,1754,67.0,Optimal
2026-08-21 05:30:00,2,Tradescantia Zebrina,1744,67.0,Optimal
2026-08-21 05:30:01,3,Monstera Deliciosa,1507,77.0,Optimal
2026-08-21 05:30:02,1,Gynura Aurantiaca,2288,44.0,Moist
2026-08-21 06:00:00,3,Monstera Deliciosa,1513,77.0,Optimal
2026-08-21 06:00:01,2,Tradescantia Zebrina,1754,67.0,Optimal
2026-08-21 06:00:02,1,Gynura Aurantiaca,2288,44.0,Moist
2026-08-21 06:30:01,3,Monstera Deliciosa,1554,75.0,Optimal
2026-08-21 06:30:01,1,Gynura Aurantiaca,2282,44.0,Moist
2026-08-21 06:30:01,2,Tradescantia Zebrina,1766,66.0,Optimal
2026-08-21 07:00:01,2,Tradescantia Zebrina,1742,67.0,Optimal
2026-08-21 07:00:01,3,Monstera Deliciosa,1523,77.0,Optimal
2026-08-21 07:00:02,1,Gynura Aurantiaca,2305,43.0,Moist
2026-08-21 07:30:01,1,Gynura Aurantiaca,2309,43.0,Moist
2026-08-21 07:30:01,2,Tradescantia Zebrina,1762,66.0,Optimal
2026-08-21 07:30:01,3,Monstera Deliciosa,1523,77.0,Optimal
2026-08-21 08:00:01,1,Gynura Aurantiaca,2290,43.0,Moist
2026-08-21 08:00:01,2,Tradescantia Zebrina,1773,66.0,Optimal
2026-08-21 08:00:02,3,Monstera Deliciosa,1524,77.0,Optimal
2026-08-21 08:30:01,3,Monstera Deliciosa,1531,76.0,Optimal
2026-08-21 08:30:01,2,Tradescantia Zebrina,1785,65.0,Optimal
2026-08-21 08:30:01,1,Gynura Aurantiaca,2326,42.0,Moist
2026-08-21 09:00:01,3,Monstera Deliciosa,1515,77.0,Optimal
2026-08-21 09:00:01,2,Tradescantia Zebrina,1775,66.0,Optimal
2026-08-21 09:00:01,1,Gynura Aurantiaca,2325,42.0,Moist
2026-08-21 09:30:01,3,Monstera Deliciosa,1515,77.0,Optimal
2026-08-21 09:30:02,2,Tradescantia Zebrina,1781,66.0,Optimal
2026-08-21 09:30:02,1,Gynura Aurantiaca,2320,42.0,Moist
2026-08-21 10:00:01,2,Tradescantia Zebrina,1782,66.0,Optimal
2026-08-21 10:00:02,3,Monstera Deliciosa,1513,77.0,Optimal
2026-08-21 10:00:02,1,Gynura Aurantiaca,2318,42.0,Moist
2026-08-21 10:30:00,2,Tradescantia Zebrina,1793,65.0,Optimal
2026-08-21 10:30:01,3,Monstera Deliciosa,1531,76.0,Optimal
2026-08-21 10:30:01,1,Gynura Aurantiaca,2319,42.0,Moist
2026-08-21 11:00:01,2,Tradescantia Zebrina,1808,64.0,Optimal
2026-08-21 11:00:03,3,Monstera Deliciosa,1502,78.0,Optimal
2026-08-21 11:00:03,1,Gynura Aurantiaca,2323,42.0,Moist
2026-08-21 11:30:01,1,Gynura Aurantiaca,2330,42.0,Moist
2026-08-21 11:30:01,3,Monstera Deliciosa,1535,76.0,Optimal
2026-08-21 11:30:01,2,Tradescantia Zebrina,1814,64.0,Optimal
2026-08-21 12:00:00,3,Monstera Deliciosa,1535,76.0,Optimal
2026-08-21 12:00:01,2,Tradescantia Zebrina,1806,64.0,Optimal
2026-08-21 12:00:01,1,Gynura Aurantiaca,2323,42.0,Moist
2026-08-21 12:30:01,3,Monstera Deliciosa,1510,77.0,Optimal
2026-08-21 12:30:01,1,Gynura Aurantiaca,2334,42.0,Moist
2026-08-21 12:30:01,2,Tradescantia Zebrina,1807,64.0,Optimal
2026-08-21 13:00:00,2,Tradescantia Zebrina,1808,64.0,Optimal
2026-08-21 13:00:01,3,Monstera Deliciosa,1527,77.0,Optimal
2026-08-21 13:00:01,1,Gynura Aurantiaca,2342,41.0,Moist
2026-08-21 13:30:01,3,Monstera Deliciosa,1529,77.0,Optimal
2026-08-21 13:30:01,2,Tradescantia Zebrina,1803,65.0,Optimal
2026-08-21 13:30:01,1,Gynura Aurantiaca,2331,42.0,Moist
2026-08-21 14:00:01,3,Monstera Deliciosa,1535,76.0,Optimal
2026-08-21 14:00:01,2,Tradescantia Zebrina,1813,64.0,Optimal
2026-08-21 14:00:02,1,Gynura Aurantiaca,2331,42.0,Moist
2026-08-21 14:30:01,1,Gynura Aurantiaca,2334,42.0,Moist
2026-08-21 14:30:01,2,Tradescantia Zebrina,1831,63.0,Optimal
2026-08-21 14:30:01,3,Monstera Deliciosa,1535,76.0,Optimal
2026-08-21 15:00:01,3,Monstera Deliciosa,1535,76.0,Optimal
2026-08-21 15:00:01,1,Gynura Aurantiaca,2331,42.0,Moist
2026-08-21 15:00:01,2,Tradescantia Zebrina,1830,63.0,Optimal
2026-08-21 15:30:01,2,Tradescantia Zebrina,1824,64.0,Optimal
2026-08-21 15:30:01,3,Monstera Deliciosa,1535,76.0,Optimal
2026-08-21 15:30:01,1,Gynura Aurantiaca,2338,41.0,Moist
2026-08-21 16:00:01,3,Monstera Deliciosa,1520,77.0,Optimal
2026-08-21 16:00:01,1,Gynura Aurantiaca,2352,41.0,Moist
2026-08-21 16:00:01,2,Tradescantia Zebrina,1831,63.0,Optimal
2026-08-21 16:30:01,2,Tradescantia Zebrina,1846,63.0,Optimal
2026-08-21 16:30:01,3,Monstera Deliciosa,1535,76.0,Optimal
2026-08-21 16:30:02,1,Gynura Aurantiaca,2338,41.0,Moist
2026-08-21 17:00:01,2,Tradescantia Zebrina,1844,63.0,Optimal
2026-08-21 17:00:02,1,Gynura Aurantiaca,2348,41.0,Moist
2026-08-21 17:00:02,3,Monstera Deliciosa,1520,77.0,Optimal
2026-08-21 17:30:01,2,Tradescantia Zebrina,1836,63.0,Optimal
2026-08-21 17:30:01,1,Gynura Aurantiaca,2352,41.0,Moist
2026-08-21 17:30:02,3,Monstera Deliciosa,1535,76.0,Optimal
2026-08-21 18:00:01,1,Gynura Aurantiaca,2351,41.0,Moist
2026-08-21 18:00:01,3,Monstera Deliciosa,1522,77.0,Optimal
2026-08-21 18:00:01,2,Tradescantia Zebrina,1845,63.0,Optimal
2026-08-21 18:30:00,3,Monstera Deliciosa,1519,77.0,Optimal
2026-08-21 18:30:01,2,Tradescantia Zebrina,1841,63.0,Optimal
2026-08-21 18:30:01,1,Gynura Aurantiaca,2352,41.0,Moist
2026-08-21 19:00:00,1,Gynura Aurantiaca,2355,41.0,Moist
2026-08-21 19:00:01,3,Monstera Deliciosa,1532,76.0,Optimal
2026-08-21 19:00:01,2,Tradescantia Zebrina,1854,62.0,Optimal
2026-08-21 19:30:01,1,Gynura Aurantiaca,2351,41.0,Moist
2026-08-21 19:30:01,2,Tradescantia Zebrina,1850,63.0,Optimal
2026-08-21 19:30:01,3,Monstera Deliciosa,1533,76.0,Optimal
2026-08-21 20:00:00,3,Monstera Deliciosa,1519,77.0,Optimal
2026-08-21 20:00:01,2,Tradescantia Zebrina,1857,62.0,Optimal
2026-08-21 20:00:01,1,Gynura Aurantiaca,2374,40.0,Moist
2026-08-21 20:30:00,3,Monstera Deliciosa,1533,76.0,Optimal
2026-08-21 20:30:01,1,Gynura Aurantiaca,2350,41.0,Moist
2026-08-21 20:30:01,2,Tradescantia Zebrina,1860,62.0,Optimal
2026-08-21 21:00:00,3,Monstera Deliciosa,1525,77.0,Optimal
2026-08-21 21:00:01,2,Tradescantia Zebrina,1870,62.0,Optimal
2026-08-21 21:00:01,1,Gynura Aurantiaca,2359,40.0,Moist
2026-08-21 21:30:00,1,Gynura Aurantiaca,2352,41.0,Moist
2026-08-21 21:30:01,3,Monstera Deliciosa,1531,76.0,Optimal
2026-08-21 21:30:01,2,Tradescantia Zebrina,1871,62.0,Optimal
2026-08-21 22:00:00,1,Gynura Aurantiaca,2375,40.0,Moist
2026-08-21 22:00:01,3,Monstera Deliciosa,1535,76.0,Optimal
2026-08-21 22:00:01,2,Tradescantia Zebrina,1878,61.0,Optimal
2026-08-21 22:30:00,3,Monstera Deliciosa,1532,76.0,Optimal
2026-08-21 22:30:01,1,Gynura Aurantiaca,2375,40.0,Moist
2026-08-21 22:30:01,2,Tradescantia Zebrina,1881,61.0,Optimal
2026-08-21 23:00:00,3,Monstera Deliciosa,1533,76.0,Optimal
2026-08-21 23:00:01,1,Gynura Aurantiaca,2367,40.0,Moist
2026-08-21 23:00:01,2,Tradescantia Zebrina,1882,61.0,Optimal
2026-08-21 23:30:00,1,Gynura Aurantiaca,2371,40.0,Moist
2026-08-21 23:30:00,2,Tradescantia Zebrina,1883,61.0,Optimal
2026-08-21 23:30:01,3,Monstera Deliciosa,1535,76.0,Optimal
2026-08-22 00:00:00,1,Gynura Aurantiaca,2368,40.0,Moist
2026-08-22 00:00:01,2,Tradescantia Zebrina,1900,60.0,Optimal
2026-08-22 00:00:01,3,Monstera Deliciosa,1534,76.0,Optimal
2026-08-22 00:30:01,2,Tradescantia Zebrina,1894,61.0,Optimal
2026-08-22 00:30:01,1,Gynura Aurantiaca,2384,39.0,Moist
2026-08-22 00:30:01,3,Monstera Deliciosa,1535,76.0,Optimal
2026-08-22 01:00:01,2,Tradescantia Zebrina,1908,60.0,Optimal
2026-08-22 01:00:01,3,Monstera Deliciosa,1515,77.0,Optimal
2026-08-22 01:00:01,1,Gynura Aurantiaca,2369,40.0,Moist
2026-08-22 01:30:01,2,Tradescantia Zebrina,1899,60.0,Optimal
2026-08-22 01:30:01,3,Monstera Deliciosa,1511,77.0,Optimal
2026-08-22 01:30:01,1,Gynura Aurantiaca,2384,39.0,Moist
2026-08-22 02:00:01,2,Tradescantia Zebrina,1905,60.0,Optimal
2026-08-22 02:00:02,3,Monstera Deliciosa,1521,77.0,Optimal
2026-08-22 02:00:02,1,Gynura Aurantiaca,2377,40.0,Moist
2026-08-22 02:30:00,2,Tradescantia Zebrina,1920,60.0,Optimal
2026-08-22 02:30:01,3,Monstera Deliciosa,1553,75.0,Optimal
2026-08-22 02:30:01,1,Gynura Aurantiaca,2384,39.0,Moist
2026-08-22 03:00:00,3,Monstera Deliciosa,1535,76.0,Optimal
2026-08-22 03:00:01,2,Tradescantia Zebrina,1911,60.0,Optimal
2026-08-22 03:00:01,1,Gynura Aurantiaca,2384,39.0,Moist
2026-08-22 03:30:01,1,Gynura Aurantiaca,2384,39.0,Moist
2026-08-22 03:30:01,3,Monstera Deliciosa,1533,76.0,Optimal
2026-08-22 03:30:01,2,Tradescantia Zebrina,1924,59.0,Optimal
2026-08-22 04:00:00,1,Gynura Aurantiaca,2385,39.0,Moist
2026-08-22 04:00:01,3,Monstera Deliciosa,1535,76.0,Optimal
2026-08-22 04:00:01,2,Tradescantia Zebrina,1931,59.0,Optimal
2026-08-22 04:30:01,3,Monstera Deliciosa,1535,76.0,Optimal
2026-08-22 04:30:02,2,Tradescantia Zebrina,1935,59.0,Optimal
2026-08-22 04:30:02,1,Gynura Aurantiaca,2379,40.0,Moist
2026-08-22 05:00:01,3,Monstera Deliciosa,1530,76.0,Optimal
2026-08-22 05:00:01,2,Tradescantia Zebrina,1925,59.0,Optimal
2026-08-22 05:00:01,1,Gynura Aurantiaca,2378,40.0,Moist
2026-08-22 05:30:00,2,Tradescantia Zebrina,1936,59.0,Optimal
2026-08-22 05:30:01,3,Monstera Deliciosa,1535,76.0,Optimal
2026-08-22 05:30:01,1,Gynura Aurantiaca,2386,39.0,Moist
2026-08-22 06:00:01,2,Tradescantia Zebrina,1931,59.0,Optimal
2026-08-22 06:00:01,1,Gynura Aurantiaca,2403,39.0,Moist
2026-08-22 06:00:01,3,Monstera Deliciosa,1535,76.0,Optimal
2026-08-22 06:30:01,3,Monstera Deliciosa,1535,76.0,Optimal
2026-08-22 06:30:01,1,Gynura Aurantiaca,2383,39.0,Moist
2026-08-22 06:30:01,2,Tradescantia Zebrina,1968,57.0,Optimal
2026-08-22 07:00:00,2,Tradescantia Zebrina,1960,58.0,Optimal
2026-08-22 07:00:01,3,Monstera Deliciosa,1553,75.0,Optimal
2026-08-22 07:00:01,1,Gynura Aurantiaca,2413,38.0,Moist
2026-08-22 07:30:00,3,Monstera Deliciosa,1535,76.0,Optimal
2026-08-22 07:30:01,1,Gynura Aurantiaca,2402,39.0,Moist
2026-08-22 07:30:01,2,Tradescantia Zebrina,1966,58.0,Optimal
2026-08-22 08:00:01,3,Monstera Deliciosa,1493,78.0,Optimal
2026-08-22 08:00:01,2,Tradescantia Zebrina,1967,57.0,Optimal
2026-08-22 08:00:02,1,Gynura Aurantiaca,2414,38.0,Moist
2026-08-22 08:30:01,3,Monstera Deliciosa,2416,38.0,Moist
2026-08-22 08:30:01,1,Gynura Aurantiaca,2416,38.0,Moist
2026-08-22 08:30:01,2,Tradescantia Zebrina,2002,56.0,Optimal
2026-08-22 09:00:01,2,Tradescantia Zebrina,1983,57.0,Optimal
2026-08-22 09:00:01,1,Gynura Aurantiaca,2427,37.0,Moist
2026-08-22 09:00:01,3,Monstera Deliciosa,2289,43.0,Moist
2026-08-22 09:30:00,2,Tradescantia Zebrina,1999,56.0,Optimal
2026-08-22 09:30:01,1,Gynura Aurantiaca,2426,38.0,Moist
2026-08-22 09:30:01,3,Monstera Deliciosa,2697,26.0,Moist
2026-08-22 10:00:00,1,Gynura Aurantiaca,2429,37.0,Moist
2026-08-22 10:00:01,2,Tradescantia Zebrina,1986,57.0,Optimal
2026-08-22 10:00:02,3,Monstera Deliciosa,2751,23.0,Moist
2026-08-22 10:30:00,1,Gynura Aurantiaca,2434,37.0,Moist
2026-08-22 10:30:01,3,Monstera Deliciosa,2659,27.0,Moist
2026-08-22 10:30:02,2,Tradescantia Zebrina,2022,55.0,Optimal
2026-08-22 11:00:01,3,Monstera Deliciosa,2639,28.0,Moist
2026-08-22 11:00:01,1,Gynura Aurantiaca,2435,37.0,Moist
2026-08-22 11:00:01,2,Tradescantia Zebrina,2023,55.0,Optimal
2026-08-22 11:30:01,2,Tradescantia Zebrina,2031,55.0,Optimal
2026-08-22 11:30:01,3,Monstera Deliciosa,2715,25.0,Moist
2026-08-22 11:30:01,1,Gynura Aurantiaca,2429,37.0,Moist
2026-08-22 12:00:00,3,Monstera Deliciosa,2967,14.0,Dry
2026-08-22 12:00:01,1,Gynura Aurantiaca,2433,37.0,Moist
2026-08-22 12:00:01,2,Tradescantia Zebrina,2038,54.0,Optimal
2026-08-22 12:30:01,3,Monstera Deliciosa,2893,17.0,Dry
2026-08-22 12:30:01,1,Gynura Aurantiaca,2443,37.0,Moist
2026-08-22 12:30:02,2,Tradescantia Zebrina,2057,54.0,Optimal
2026-08-22 13:00:01,1,Gynura Aurantiaca,2443,37.0,Moist
2026-08-22 13:00:01,3,Monstera Deliciosa,2262,45.0,Moist
2026-08-22 13:00:01,2,Tradescantia Zebrina,2057,54.0,Optimal
2026-08-22 13:30:01,3,Monstera Deliciosa,2601,30.0,Moist
2026-08-22 13:30:01,1,Gynura Aurantiaca,2406,38.0,Moist
2026-08-22 13:30:01,2,Tradescantia Zebrina,1653,71.0,Optimal
2026-08-22 14:00:00,1,Gynura Aurantiaca,2391,39.0,Moist
2026-08-22 14:00:01,3,Monstera Deliciosa,1535,76.0,Optimal
2026-08-22 14:00:01,2,Tradescantia Zebrina,1649,71.0,Optimal
2026-08-22 14:30:00,3,Monstera Deliciosa,1383,83.0,Soggy
2026-08-22 14:30:01,2,Tradescantia Zebrina,1638,72.0,Optimal
2026-08-22 14:30:01,1,Gynura Aurantiaca,2374,40.0,Moist
2026-08-22 15:00:01,3,Monstera Deliciosa,1342,85.0,Soggy
2026-08-22 15:00:02,2,Tradescantia Zebrina,1641,72.0,Optimal
2026-08-22 15:00:02,1,Gynura Aurantiaca,2335,41.0,Moist
2026-08-22 15:30:01,3,Monstera Deliciosa,1374,83.0,Soggy
2026-08-22 15:30:01,2,Tradescantia Zebrina,1648,71.0,Optimal
2026-08-22 15:30:01,1,Gynura Aurantiaca,2321,42.0,Moist
2026-08-22 16:00:00,3,Monstera Deliciosa,1344,85.0,Soggy
2026-08-22 16:00:01,1,Gynura Aurantiaca,2334,42.0,Moist
2026-08-22 16:00:01,2,Tradescantia Zebrina,1648,71.0,Optimal
2026-08-22 16:30:01,2,Tradescantia Zebrina,1635,72.0,Optimal
2026-08-22 16:30:01,3,Monstera Deliciosa,1342,85.0,Soggy
2026-08-22 16:30:01,1,Gynura Aurantiaca,2337,41.0,Moist
2026-08-22 17:00:00,2,Tradescantia Zebrina,1675,70.0,Optimal
2026-08-22 17:00:01,3,Monstera Deliciosa,1362,84.0,Soggy
2026-08-22 17:00:02,1,Gynura Aurantiaca,2321,42.0,Moist
2026-08-22 17:30:01,2,Tradescantia Zebrina,1654,71.0,Optimal
2026-08-22 17:30:01,3,Monstera Deliciosa,1362,84.0,Soggy
2026-08-22 17:30:01,1,Gynura Aurantiaca,2314,42.0,Moist
2026-08-22 18:00:01,1,Gynura Aurantiaca,2320,42.0,Moist
2026-08-22 18:00:01,2,Tradescantia Zebrina,1669,70.0,Optimal
2026-08-22 18:00:02,3,Monstera Deliciosa,1351,84.0,Soggy
2026-08-22 18:30:01,2,Tradescantia Zebrina,1673,70.0,Optimal
2026-08-22 18:30:01,3,Monstera Deliciosa,1371,83.0,Soggy
2026-08-22 18:30:01,1,Gynura Aurantiaca,2327,42.0,Moist
2026-08-22 19:00:00,1,Gynura Aurantiaca,2320,42.0,Moist
2026-08-22 19:00:01,3,Monstera Deliciosa,1357,84.0,Soggy
2026-08-22 19:00:01,2,Tradescantia Zebrina,1677,70.0,Optimal
2026-08-22 19:30:00,1,Gynura Aurantiaca,2321,42.0,Moist
2026-08-22 19:30:01,3,Monstera Deliciosa,1377,83.0,Soggy
2026-08-22 19:30:01,2,Tradescantia Zebrina,1673,70.0,Optimal
2026-08-22 20:00:00,3,Monstera Deliciosa,1383,83.0,Soggy
2026-08-22 20:00:00,2,Tradescantia Zebrina,1670,70.0,Optimal
2026-08-22 20:00:01,1,Gynura Aurantiaca,2317,42.0,Moist
2026-08-22 20:30:01,3,Monstera Deliciosa,1355,84.0,Soggy
2026-08-22 20:30:01,1,Gynura Aurantiaca,2323,42.0,Moist
2026-08-22 20:30:01,2,Tradescantia Zebrina,1679,70.0,Optimal
2026-08-22 21:00:01,1,Gynura Aurantiaca,2322,42.0,Moist
2026-08-22 21:00:01,3,Monstera Deliciosa,1369,83.0,Soggy
2026-08-22 21:00:02,2,Tradescantia Zebrina,1686,70.0,Optimal
2026-08-22 21:30:01,3,Monstera Deliciosa,1364,84.0,Soggy
2026-08-22 21:30:01,1,Gynura Aurantiaca,2330,42.0,Moist
2026-08-22 21:30:01,2,Tradescantia Zebrina,1674,70.0,Optimal
2026-08-22 22:00:01,2,Tradescantia Zebrina,1699,69.0,Optimal
2026-08-22 22:00:01,3,Monstera Deliciosa,1362,84.0,Soggy
2026-08-22 22:00:02,1,Gynura Aurantiaca,2326,42.0,Moist
2026-08-22 22:30:00,3,Monstera Deliciosa,1377,83.0,Soggy
2026-08-22 22:30:01,1,Gynura Aurantiaca,2338,41.0,Moist
2026-08-22 22:30:01,2,Tradescantia Zebrina,1691,69.0,Optimal
2026-08-22 23:00:00,1,Gynura Aurantiaca,2339,41.0,Moist
2026-08-22 23:00:00,3,Monstera Deliciosa,1355,84.0,Soggy
2026-08-22 23:00:01,2,Tradescantia Zebrina,1707,69.0,Optimal
2026-08-22 23:30:01,3,Monstera Deliciosa,1345,85.0,Soggy
2026-08-22 23:30:01,2,Tradescantia Zebrina,1701,69.0,Optimal
2026-08-22 23:30:01,1,Gynura Aurantiaca,2338,41.0,Moist
2026-08-23 00:00:01,1,Gynura Aurantiaca,2330,42.0,Moist
2026-08-23 00:00:01,3,Monstera Deliciosa,1362,84.0,Soggy
2026-08-23 00:00:01,2,Tradescantia Zebrina,1726,68.0,Optimal
2026-08-23 00:30:00,1,Gynura Aurantiaca,2330,42.0,Moist
2026-08-23 00:30:01,3,Monstera Deliciosa,1369,83.0,Soggy
2026-08-23 00:30:01,2,Tradescantia Zebrina,1723,68.0,Optimal
2026-08-23 01:00:01,3,Monstera Deliciosa,1369,83.0,Soggy
2026-08-23 01:00:01,1,Gynura Aurantiaca,2341,41.0,Moist
2026-08-23 01:00:01,2,Tradescantia Zebrina,1725,68.0,Optimal
2026-08-23 01:30:00,3,Monstera Deliciosa,1349,84.0,Soggy
2026-08-23 01:30:01,2,Tradescantia Zebrina,1725,68.0,Optimal
2026-08-23 01:30:02,1,Gynura Aurantiaca,2343,41.0,Moist
2026-08-23 02:00:01,1,Gynura Aurantiaca,2352,41.0,Moist
2026-08-23 02:00:01,3,Monstera Deliciosa,1344,85.0,Soggy
2026-08-23 02:00:01,2,Tradescantia Zebrina,1719,68.0,Optimal
2026-08-23 02:30:00,1,Gynura Aurantiaca,2349,41.0,Moist
2026-08-23 02:30:02,3,Monstera Deliciosa,1364,84.0,Soggy
2026-08-23 02:30:02,2,Tradescantia Zebrina,1742,67.0,Optimal
2026-08-23 03:00:00,1,Gynura Aurantiaca,2352,41.0,Moist
2026-08-23 03:00:01,3,Monstera Deliciosa,1365,84.0,Soggy
2026-08-23 03:00:01,2,Tradescantia Zebrina,1728,68.0,Optimal
2026-08-23 03:30:01,1,Gynura Aurantiaca,2340,41.0,Moist
2026-08-23 03:30:01,2,Tradescantia Zebrina,1744,67.0,Optimal
2026-08-23 03:30:01,3,Monstera Deliciosa,1371,83.0,Soggy
2026-08-23 04:00:00,3,Monstera Deliciosa,1360,84.0,Soggy
2026-08-23 04:00:01,2,Tradescantia Zebrina,1755,67.0,Optimal
2026-08-23 04:00:01,1,Gynura Aurantiaca,2357,41.0,Moist
2026-08-23 04:30:01,1,Gynura Aurantiaca,2352,41.0,Moist
2026-08-23 04:30:01,3,Monstera Deliciosa,1344,85.0,Soggy
2026-08-23 04:30:01,2,Tradescantia Zebrina,1744,67.0,Optimal
2026-08-23 05:00:01,1,Gynura Aurantiaca,2351,41.0,Moist
2026-08-23 05:00:01,3,Monstera Deliciosa,1344,85.0,Soggy
2026-08-23 05:00:01,2,Tradescantia Zebrina,1744,67.0,Optimal
2026-08-23 05:30:00,1,Gynura Aurantiaca,2357,41.0,Moist
2026-08-23 05:30:01,2,Tradescantia Zebrina,1763,66.0,Optimal
2026-08-23 05:30:01,3,Monstera Deliciosa,1359,84.0,Soggy
2026-08-23 06:00:01,1,Gynura Aurantiaca,2351,41.0,Moist
2026-08-23 06:00:01,2,Tradescantia Zebrina,1754,67.0,Optimal
2026-08-23 06:00:02,3,Monstera Deliciosa,1339,85.0,Soggy
2026-08-23 06:30:01,2,Tradescantia Zebrina,1754,67.0,Optimal
2026-08-23 06:30:01,3,Monstera Deliciosa,1365,84.0,Soggy
2026-08-23 06:30:01,1,Gynura Aurantiaca,2355,41.0,Moist
2026-08-23 07:00:01,3,Monstera Deliciosa,1330,85.0,Soggy
2026-08-23 07:00:01,1,Gynura Aurantiaca,2351,41.0,Moist
2026-08-23 07:00:01,2,Tradescantia Zebrina,1776,66.0,Optimal
2026-08-23 07:30:00,1,Gynura Aurantiaca,2366,40.0,Moist
2026-08-23 07:30:01,2,Tradescantia Zebrina,1771,66.0,Optimal
2026-08-23 07:30:01,3,Monstera Deliciosa,1373,83.0,Soggy
2026-08-23 08:00:00,3,Monstera Deliciosa,1360,84.0,Soggy
2026-08-23 08:00:00,1,Gynura Aurantiaca,2347,41.0,Moist
2026-08-23 08:00:01,2,Tradescantia Zebrina,1771,66.0,Optimal
2026-08-23 08:30:00,3,Monstera Deliciosa,1370,83.0,Soggy
2026-08-23 08:30:01,1,Gynura Aurantiaca,2358,40.0,Moist
2026-08-23 08:30:01,2,Tradescantia Zebrina,1776,66.0,Optimal
2026-08-23 09:00:00,2,Tradescantia Zebrina,1795,65.0,Optimal
2026-08-23 09:00:01,3,Monstera Deliciosa,1366,84.0,Soggy
2026-08-23 09:00:01,1,Gynura Aurantiaca,2369,40.0,Moist
2026-08-23 09:30:00,1,Gynura Aurantiaca,2358,40.0,Moist
2026-08-23 09:30:01,2,Tradescantia Zebrina,1791,65.0,Optimal
2026-08-23 09:30:01,3,Monstera Deliciosa,1356,84.0,Soggy
2026-08-23 10:00:00,3,Monstera Deliciosa,1347,84.0,Soggy
2026-08-23 10:00:00,1,Gynura Aurantiaca,2367,40.0,Moist
2026-08-23 10:00:01,2,Tradescantia Zebrina,1791,65.0,Optimal
2026-08-23 10:30:01,3,Monstera Deliciosa,1360,84.0,Soggy
2026-08-23 10:30:01,1,Gynura Aurantiaca,2371,40.0,Moist
2026-08-23 10:30:01,2,Tradescantia Zebrina,1815,64.0,Optimal
2026-08-23 11:00:00,2,Tradescantia Zebrina,1809,64.0,Optimal
2026-08-23 11:00:01,1,Gynura Aurantiaca,2354,41.0,Moist
2026-08-23 11:00:01,3,Monstera Deliciosa,1356,84.0,Soggy
2026-08-23 11:30:01,3,Monstera Deliciosa,1359,84.0,Soggy
2026-08-23 11:30:01,1,Gynura Aurantiaca,2385,39.0,Moist
2026-08-23 11:30:01,2,Tradescantia Zebrina,1819,64.0,Optimal
2026-08-23 12:00:01,3,Monstera Deliciosa,1365,84.0,Soggy
2026-08-23 12:00:01,2,Tradescantia Zebrina,1840,63.0,Optimal
2026-08-23 12:00:01,1,Gynura Aurantiaca,2367,40.0,Moist
2026-08-23 12:30:01,3,Monstera Deliciosa,1344,85.0,Soggy
2026-08-23 12:30:01,2,Tradescantia Zebrina,1833,63.0,Optimal
2026-08-23 12:30:02,1,Gynura Aurantiaca,2383,39.0,Moist
2026-08-23 13:00:01,2,Tradescantia Zebrina,1855,62.0,Optimal
2026-08-23 13:00:01,1,Gynura Aurantiaca,2375,40.0,Moist
2026-08-23 13:00:02,3,Monstera Deliciosa,1363,84.0,Soggy
2026-08-23 13:30:01,3,Monstera Deliciosa,1363,84.0,Soggy
2026-08-23 13:30:01,2,Tradescantia Zebrina,1855,62.0,Optimal
2026-08-23 13:30:02,1,Gynura Aurantiaca,2374,40.0,Moist
2026-08-23 14:00:01,2,Tradescantia Zebrina,1854,62.0,Optimal
2026-08-23 14:00:01,3,Monstera Deliciosa,1369,83.0,Soggy
2026-08-23 14:00:01,1,Gynura Aurantiaca,2384,39.0,Moist
2026-08-23 14:30:01,3,Monstera Deliciosa,1360,84.0,Soggy
2026-08-23 14:30:01,2,Tradescantia Zebrina,1872,62.0,Optimal
2026-08-23 14:30:02,1,Gynura Aurantiaca,2389,39.0,Moist
2026-08-23 15:00:01,1,Gynura Aurantiaca,2395,39.0,Moist
2026-08-23 15:00:01,3,Monstera Deliciosa,1347,84.0,Soggy
2026-08-23 15:00:01,2,Tradescantia Zebrina,1875,61.0,Optimal
2026-08-23 15:30:00,3,Monstera Deliciosa,1367,84.0,Soggy
2026-08-23 15:30:01,2,Tradescantia Zebrina,1882,61.0,Optimal
2026-08-23 15:30:01,1,Gynura Aurantiaca,2395,39.0,Moist
2026-08-23 16:00:01,3,Monstera Deliciosa,1354,84.0,Soggy
2026-08-23 16:00:01,1,Gynura Aurantiaca,2412,38.0,Moist
2026-08-23 16:00:01,2,Tradescantia Zebrina,1888,61.0,Optimal
2026-08-23 16:30:01,1,Gynura Aurantiaca,2395,39.0,Moist
2026-08-23 16:30:02,2,Tradescantia Zebrina,1879,61.0,Optimal
2026-08-23 16:30:01,3,Monstera Deliciosa,1339,85.0,Soggy
2026-08-23 17:00:01,3,Monstera Deliciosa,1357,84.0,Soggy
2026-08-23 17:00:01,1,Gynura Aurantiaca,2395,39.0,Moist
2026-08-23 17:00:01,2,Tradescantia Zebrina,1904,60.0,Optimal
2026-08-23 17:30:01,2,Tradescantia Zebrina,1883,61.0,Optimal
2026-08-23 17:30:01,1,Gynura Aurantiaca,2416,38.0,Moist
2026-08-23 17:30:01,3,Monstera Deliciosa,1345,85.0,Soggy
2026-08-23 18:00:01,1,Gynura Aurantiaca,2413,38.0,Moist
2026-08-23 18:00:01,2,Tradescantia Zebrina,1888,61.0,Optimal
2026-08-23 18:00:01,3,Monstera Deliciosa,1341,85.0,Soggy
2026-08-23 18:30:00,1,Gynura Aurantiaca,2423,38.0,Moist
2026-08-23 18:30:00,2,Tradescantia Zebrina,1904,60.0,Optimal
2026-08-23 18:30:01,3,Monstera Deliciosa,1358,84.0,Soggy
2026-08-23 19:00:01,2,Tradescantia Zebrina,1927,59.0,Optimal
2026-08-23 19:00:01,1,Gynura Aurantiaca,2417,38.0,Moist
2026-08-23 19:00:01,3,Monstera Deliciosa,1340,85.0,Soggy
2026-08-23 19:30:01,1,Gynura Aurantiaca,2429,37.0,Moist
2026-08-23 19:30:01,2,Tradescantia Zebrina,1909,60.0,Optimal
2026-08-23 19:30:01,3,Monstera Deliciosa,1360,84.0,Soggy
2026-08-23 20:00:00,1,Gynura Aurantiaca,2425,38.0,Moist
2026-08-23 20:00:01,2,Tradescantia Zebrina,1904,60.0,Optimal
2026-08-23 20:00:01,3,Monstera Deliciosa,1360,84.0,Soggy
2026-08-23 20:30:01,3,Monstera Deliciosa,1338,85.0,Soggy
2026-08-23 20:30:01,1,Gynura Aurantiaca,2420,38.0,Moist
2026-08-23 20:30:01,2,Tradescantia Zebrina,1930,59.0,Optimal
2026-08-23 21:00:01,2,Tradescantia Zebrina,1569,75.0,Optimal
2026-08-23 21:00:01,3,Monstera Deliciosa,1350,84.0,Soggy
2026-08-23 21:00:01,1,Gynura Aurantiaca,1961,58.0,Optimal
2026-08-23 21:30:00,3,Monstera Deliciosa,1360,84.0,Soggy
2026-08-23 21:30:01,2,Tradescantia Zebrina,1515,77.0,Optimal
2026-08-23 21:30:01,1,Gynura Aurantiaca,1481,79.0,Optimal
2026-08-23 22:00:00,2,Tradescantia Zebrina,1519,77.0,Optimal
2026-08-23 22:00:00,3,Monstera Deliciosa,1361,84.0,Soggy
2026-08-23 22:00:01,1,Gynura Aurantiaca,1482,79.0,Optimal
2026-08-23 22:30:00,2,Tradescantia Zebrina,1534,76.0,Optimal
2026-08-23 22:30:01,3,Monstera Deliciosa,1339,85.0,Soggy
2026-08-23 22:30:01,1,Gynura Aurantiaca,1499,78.0,Optimal
2026-08-23 23:00:01,3,Monstera Deliciosa,1347,84.0,Soggy
2026-08-23 23:00:01,2,Tradescantia Zebrina,1530,76.0,Optimal
2026-08-23 23:00:01,1,Gynura Aurantiaca,1504,78.0,Optimal
2026-08-23 23:30:01,1,Gynura Aurantiaca,1495,78.0,Optimal
2026-08-23 23:30:01,2,Tradescantia Zebrina,1535,76.0,Optimal
2026-08-23 23:30:01,3,Monstera Deliciosa,1359,84.0,Soggy
2026-08-24 00:00:00,3,Monstera Deliciosa,1360,84.0,Soggy
2026-08-24 00:00:01,2,Tradescantia Zebrina,1563,75.0,Optimal
2026-08-24 00:00:01,1,Gynura Aurantiaca,1517,77.0,Optimal
2026-08-24 00:30:01,3,Monstera Deliciosa,1346,84.0,Soggy
2026-08-24 00:30:01,2,Tradescantia Zebrina,1561,75.0,Optimal
2026-08-24 00:30:01,1,Gynura Aurantiaca,1510,77.0,Optimal
2026-08-24 01:00:01,1,Gynura Aurantiaca,1519,77.0,Optimal
2026-08-24 01:00:01,2,Tradescantia Zebrina,1589,74.0,Optimal
2026-08-24 01:00:01,3,Monstera Deliciosa,1361,84.0,Soggy
2026-08-24 01:30:01,2,Tradescantia Zebrina,1589,74.0,Optimal
2026-08-24 01:30:01,1,Gynura Aurantiaca,1518,77.0,Optimal
2026-08-24 01:30:02,3,Monstera Deliciosa,1342,85.0,Soggy
2026-08-24 02:00:00,1,Gynura Aurantiaca,1517,77.0,Optimal
2026-08-24 02:00:01,3,Monstera Deliciosa,1344,85.0,Soggy
2026-08-24 02:00:01,2,Tradescantia Zebrina,1602,73.0,Optimal
2026-08-24 02:30:00,2,Tradescantia Zebrina,1585,74.0,Optimal
2026-08-24 02:30:01,1,Gynura Aurantiaca,1535,76.0,Optimal
2026-08-24 02:30:01,3,Monstera Deliciosa,1350,84.0,Soggy
2026-08-24 03:00:00,3,Monstera Deliciosa,1337,85.0,Soggy
2026-08-24 03:00:01,2,Tradescantia Zebrina,1607,73.0,Optimal
2026-08-24 03:00:01,1,Gynura Aurantiaca,1534,76.0,Optimal
2026-08-24 03:30:01,1,Gynura Aurantiaca,1523,77.0,Optimal
2026-08-24 03:30:01,3,Monstera Deliciosa,1327,85.0,Soggy
2026-08-24 03:30:01,2,Tradescantia Zebrina,1602,73.0,Optimal
2026-08-24 04:00:01,2,Tradescantia Zebrina,1605,73.0,Optimal
2026-08-24 04:00:01,1,Gynura Aurantiaca,1527,77.0,Optimal
2026-08-24 04:00:01,3,Monstera Deliciosa,1358,84.0,Soggy
2026-08-24 04:30:01,2,Tradescantia Zebrina,1616,73.0,Optimal
2026-08-24 04:30:02,1,Gynura Aurantiaca,1535,76.0,Optimal
2026-08-24 04:30:02,3,Monstera Deliciosa,1341,85.0,Soggy
2026-08-24 05:00:00,2,Tradescantia Zebrina,1616,73.0,Optimal
2026-08-24 05:00:01,1,Gynura Aurantiaca,1535,76.0,Optimal
2026-08-24 05:00:01,3,Monstera Deliciosa,1344,85.0,Soggy
2026-08-24 05:30:00,1,Gynura Aurantiaca,1561,75.0,Optimal
2026-08-24 05:30:00,3,Monstera Deliciosa,1335,85.0,Soggy
2026-08-24 05:30:01,2,Tradescantia Zebrina,1630,72.0,Optimal
2026-08-24 06:00:01,1,Gynura Aurantiaca,1535,76.0,Optimal
2026-08-24 06:00:01,3,Monstera Deliciosa,1344,85.0,Soggy
2026-08-24 06:00:01,2,Tradescantia Zebrina,1629,72.0,Optimal
2026-08-24 06:30:01,2,Tradescantia Zebrina,1621,73.0,Optimal
2026-08-24 06:30:01,1,Gynura Aurantiaca,1535,76.0,Optimal
2026-08-24 06:30:01,3,Monstera Deliciosa,1358,84.0,Soggy
2026-08-24 07:00:00,1,Gynura Aurantiaca,1558,75.0,Optimal
2026-08-24 07:00:01,3,Monstera Deliciosa,1338,85.0,Soggy
2026-08-24 07:00:01,2,Tradescantia Zebrina,1638,72.0,Optimal
2026-08-24 07:30:01,1,Gynura Aurantiaca,1573,75.0,Optimal
2026-08-24 07:30:01,3,Monstera Deliciosa,1354,84.0,Soggy
2026-08-24 07:30:02,2,Tradescantia Zebrina,1631,72.0,Optimal
2026-08-24 08:00:01,2,Tradescantia Zebrina,1625,72.0,Optimal
2026-08-24 08:00:01,1,Gynura Aurantiaca,1567,75.0,Optimal
2026-08-24 08:00:02,3,Monstera Deliciosa,1360,84.0,Soggy
2026-08-24 08:30:00,2,Tradescantia Zebrina,1670,70.0,Optimal
2026-08-24 08:30:01,1,Gynura Aurantiaca,1568,75.0,Optimal
2026-08-24 08:30:01,3,Monstera Deliciosa,1351,84.0,Soggy
2026-08-24 09:00:01,2,Tradescantia Zebrina,1674,70.0,Optimal
2026-08-24 09:00:01,1,Gynura Aurantiaca,1571,75.0,Optimal
2026-08-24 09:00:01,3,Monstera Deliciosa,1349,84.0,Soggy
2026-08-24 09:30:01,3,Monstera Deliciosa,1339,85.0,Soggy
2026-08-24 09:30:01,1,Gynura Aurantiaca,1570,75.0,Optimal
2026-08-24 09:30:01,2,Tradescantia Zebrina,1665,71.0,Optimal
2026-08-24 10:00:01,2,Tradescantia Zebrina,1679,70.0,Optimal
2026-08-24 10:00:01,3,Monstera Deliciosa,1351,84.0,Soggy
2026-08-24 10:00:01,1,Gynura Aurantiaca,1574,75.0,Optimal
2026-08-24 10:30:01,1,Gynura Aurantiaca,1569,75.0,Optimal
2026-08-24 10:30:02,3,Monstera Deliciosa,1351,84.0,Soggy
2026-08-24 10:30:02,2,Tradescantia Zebrina,1679,70.0,Optimal
2026-08-24 11:00:01,3,Monstera Deliciosa,1351,84.0,Soggy
2026-08-24 11:00:01,2,Tradescantia Zebrina,1691,69.0,Optimal
2026-08-24 11:00:02,1,Gynura Aurantiaca,1586,74.0,Optimal
2026-08-24 11:30:01,3,Monstera Deliciosa,1357,84.0,Soggy
2026-08-24 11:30:01,2,Tradescantia Zebrina,1696,69.0,Optimal
2026-08-24 11:30:01,1,Gynura Aurantiaca,1589,74.0,Optimal
2026-08-24 12:00:01,1,Gynura Aurantiaca,1585,74.0,Optimal
2026-08-24 12:00:01,3,Monstera Deliciosa,1360,84.0,Soggy
2026-08-24 12:00:01,2,Tradescantia Zebrina,1707,69.0,Optimal
2026-08-24 12:30:01,3,Monstera Deliciosa,1365,84.0,Soggy
2026-08-24 12:30:01,2,Tradescantia Zebrina,1714,68.0,Optimal
2026-08-24 12:30:01,1,Gynura Aurantiaca,1585,74.0,Optimal
2026-08-24 13:00:01,3,Monstera Deliciosa,1357,84.0,Soggy
2026-08-24 13:00:01,2,Tradescantia Zebrina,1723,68.0,Optimal
2026-08-24 13:00:02,1,Gynura Aurantiaca,1599,73.0,Optimal
2026-08-24 13:30:00,3,Monstera Deliciosa,1373,83.0,Soggy
2026-08-24 13:30:01,2,Tradescantia Zebrina,1730,68.0,Optimal
2026-08-24 13:30:01,1,Gynura Aurantiaca,1589,74.0,Optimal
2026-08-24 14:00:00,3,Monstera Deliciosa,1355,84.0,Soggy
2026-08-24 14:00:01,1,Gynura Aurantiaca,1603,73.0,Optimal
2026-08-24 14:00:01,2,Tradescantia Zebrina,1745,67.0,Optimal
2026-08-24 14:30:01,1,Gynura Aurantiaca,1600,73.0,Optimal
2026-08-24 14:30:01,3,Monstera Deliciosa,1343,85.0,Soggy
2026-08-24 14:30:01,2,Tradescantia Zebrina,1753,67.0,Optimal
2026-08-24 15:00:00,1,Gynura Aurantiaca,1611,73.0,Optimal
2026-08-24 15:00:01,2,Tradescantia Zebrina,1749,67.0,Optimal
2026-08-24 15:00:02,3,Monstera Deliciosa,1371,83.0,Soggy
2026-08-24 15:30:01,3,Monstera Deliciosa,1354,84.0,Soggy
2026-08-24 15:30:01,2,Tradescantia Zebrina,1759,67.0,Optimal
2026-08-24 15:30:01,1,Gynura Aurantiaca,1614,73.0,Optimal
2026-08-24 16:00:00,3,Monstera Deliciosa,1370,83.0,Soggy
2026-08-24 16:00:01,2,Tradescantia Zebrina,1758,67.0,Optimal
2026-08-24 16:00:01,1,Gynura Aurantiaca,1611,73.0,Optimal
2026-08-24 16:30:00,2,Tradescantia Zebrina,1761,66.0,Optimal
2026-08-24 16:30:00,3,Monstera Deliciosa,1358,84.0,Soggy
2026-08-24 16:30:01,1,Gynura Aurantiaca,1605,73.0,Optimal
2026-08-24 17:00:00,3,Monstera Deliciosa,1359,84.0,Soggy
2026-08-24 17:00:01,2,Tradescantia Zebrina,1777,66.0,Optimal
2026-08-24 17:00:01,1,Gynura Aurantiaca,1605,73.0,Optimal
2026-08-24 17:30:01,1,Gynura Aurantiaca,1620,73.0,Optimal
2026-08-24 17:30:01,3,Monstera Deliciosa,1355,84.0,Soggy
2026-08-24 17:30:01,2,Tradescantia Zebrina,1789,65.0,Optimal
2026-08-24 18:00:00,3,Monstera Deliciosa,1335,85.0,Soggy
2026-08-24 18:00:00,2,Tradescantia Zebrina,1787,65.0,Optimal
2026-08-24 18:00:01,1,Gynura Aurantiaca,1619,73.0,Optimal
2026-08-24 18:30:00,3,Monstera Deliciosa,1360,84.0,Soggy
2026-08-24 18:30:01,1,Gynura Aurantiaca,1616,73.0,Optimal
2026-08-24 18:30:01,2,Tradescantia Zebrina,1788,65.0,Optimal
2026-08-24 19:00:00,3,Monstera Deliciosa,1371,83.0,Soggy
2026-08-24 19:00:01,2,Tradescantia Zebrina,1792,65.0,Optimal
2026-08-24 19:00:01,1,Gynura Aurantiaca,1623,72.0,Optimal
2026-08-24 19:30:00,2,Tradescantia Zebrina,1791,65.0,Optimal
2026-08-24 19:30:00,1,Gynura Aurantiaca,1631,72.0,Optimal
2026-08-24 19:30:01,3,Monstera Deliciosa,1362,84.0,Soggy
2026-08-24 20:00:01,2,Tradescantia Zebrina,1785,65.0,Optimal
2026-08-24 20:00:01,1,Gynura Aurantiaca,1634,72.0,Optimal
2026-08-24 20:00:01,3,Monstera Deliciosa,1331,85.0,Soggy
2026-08-24 20:30:01,2,Tradescantia Zebrina,1797,65.0,Optimal
2026-08-24 20:30:01,3,Monstera Deliciosa,1363,84.0,Soggy
2026-08-24 20:30:01,1,Gynura Aurantiaca,1637,72.0,Optimal
2026-08-24 21:00:00,2,Tradescantia Zebrina,1803,65.0,Optimal
2026-08-24 21:00:01,1,Gynura Aurantiaca,1628,72.0,Optimal
2026-08-24 21:00:01,3,Monstera Deliciosa,1360,84.0,Soggy
2026-08-24 21:30:01,2,Tradescantia Zebrina,1803,65.0,Optimal
2026-08-24 21:30:01,3,Monstera Deliciosa,1354,84.0,Soggy
2026-08-24 21:30:01,1,Gynura Aurantiaca,1634,72.0,Optimal
2026-08-24 22:00:01,2,Tradescantia Zebrina,1811,64.0,Optimal
2026-08-24 22:00:01,1,Gynura Aurantiaca,1643,72.0,Optimal
2026-08-24 22:00:01,3,Monstera Deliciosa,1358,84.0,Soggy
2026-08-24 22:30:00,2,Tradescantia Zebrina,1817,64.0,Optimal
2026-08-24 22:30:01,1,Gynura Aurantiaca,1638,72.0,Optimal
2026-08-24 22:30:01,3,Monstera Deliciosa,1365,84.0,Soggy
2026-08-24 23:00:01,2,Tradescantia Zebrina,1825,64.0,Optimal
2026-08-24 23:00:01,1,Gynura Aurantiaca,1639,72.0,Optimal
2026-08-24 23:00:01,3,Monstera Deliciosa,1342,85.0,Soggy
2026-08-24 23:30:00,1,Gynura Aurantiaca,1643,72.0,Optimal
2026-08-24 23:30:01,3,Monstera Deliciosa,1334,85.0,Soggy
2026-08-24 23:30:01,2,Tradescantia Zebrina,1821,64.0,Optimal
2026-08-25 00:00:01,1,Gynura Aurantiaca,1648,71.0,Optimal
2026-08-25 00:00:01,2,Tradescantia Zebrina,1822,64.0,Optimal
2026-08-25 00:00:01,3,Monstera Deliciosa,1355,84.0,Soggy
2026-08-25 00:30:01,3,Monstera Deliciosa,1347,84.0,Soggy
2026-08-25 00:30:01,1,Gynura Aurantiaca,1637,72.0,Optimal
2026-08-25 00:30:01,2,Tradescantia Zebrina,1835,63.0,Optimal
2026-08-25 01:00:01,1,Gynura Aurantiaca,1653,71.0,Optimal
2026-08-25 01:00:01,2,Tradescantia Zebrina,1839,63.0,Optimal
2026-08-25 01:00:02,3,Monstera Deliciosa,1360,84.0,Soggy
2026-08-25 01:30:01,2,Tradescantia Zebrina,1859,62.0,Optimal
2026-08-25 01:30:01,3,Monstera Deliciosa,1375,83.0,Soggy
2026-08-25 01:30:01,1,Gynura Aurantiaca,1655,71.0,Optimal
2026-08-25 02:00:01,3,Monstera Deliciosa,1366,84.0,Soggy
2026-08-25 02:00:01,2,Tradescantia Zebrina,1862,62.0,Optimal
2026-08-25 02:00:02,1,Gynura Aurantiaca,1659,71.0,Optimal
2026-08-25 02:30:01,2,Tradescantia Zebrina,1873,62.0,Optimal
2026-08-25 02:30:01,3,Monstera Deliciosa,1359,84.0,Soggy
2026-08-25 02:30:01,1,Gynura Aurantiaca,1681,70.0,Optimal
2026-08-25 03:00:00,2,Tradescantia Zebrina,1879,61.0,Optimal
2026-08-25 03:00:01,1,Gynura Aurantiaca,1673,70.0,Optimal
2026-08-25 03:00:02,3,Monstera Deliciosa,1337,85.0,Soggy
2026-08-25 03:30:01,2,Tradescantia Zebrina,1871,62.0,Optimal
2026-08-25 03:30:01,1,Gynura Aurantiaca,1690,70.0,Optimal
2026-08-25 03:30:01,3,Monstera Deliciosa,1340,85.0,Soggy
2026-08-25 04:00:00,1,Gynura Aurantiaca,1669,70.0,Optimal
2026-08-25 04:00:01,2,Tradescantia Zebrina,1861,62.0,Optimal
2026-08-25 04:00:02,3,Monstera Deliciosa,1357,84.0,Soggy
2026-08-25 04:30:00,2,Tradescantia Zebrina,1882,61.0,Optimal
2026-08-25 04:30:01,1,Gynura Aurantiaca,1675,70.0,Optimal
2026-08-25 04:30:01,3,Monstera Deliciosa,1360,84.0,Soggy
2026-08-25 05:00:01,2,Tradescantia Zebrina,1878,61.0,Optimal
2026-08-25 05:00:02,3,Monstera Deliciosa,1339,85.0,Soggy
2026-08-25 05:00:02,1,Gynura Aurantiaca,1669,70.0,Optimal
2026-08-25 05:30:01,1,Gynura Aurantiaca,1683,70.0,Optimal
2026-08-25 05:30:01,3,Monstera Deliciosa,1377,83.0,Soggy
2026-08-25 05:30:01,2,Tradescantia Zebrina,1887,61.0,Optimal
2026-08-25 06:00:01,3,Monstera Deliciosa,1343,85.0,Soggy
2026-08-25 06:00:01,1,Gynura Aurantiaca,1680,70.0,Optimal
2026-08-25 06:00:01,2,Tradescantia Zebrina,1890,61.0,Optimal
2026-08-25 06:30:01,3,Monstera Deliciosa,1374,83.0,Soggy
2026-08-25 06:30:01,2,Tradescantia Zebrina,1876,61.0,Optimal
2026-08-25 06:30:02,1,Gynura Aurantiaca,1685,70.0,Optimal
2026-08-25 07:00:01,3,Monstera Deliciosa,1376,83.0,Soggy
2026-08-25 07:00:01,1,Gynura Aurantiaca,1695,69.0,Optimal
2026-08-25 07:00:01,2,Tradescantia Zebrina,1904,60.0,Optimal
2026-08-25 07:30:01,2,Tradescantia Zebrina,1903,60.0,Optimal
2026-08-25 07:30:01,3,Monstera Deliciosa,1377,83.0,Soggy
2026-08-25 07:30:01,1,Gynura Aurantiaca,1700,69.0,Optimal
2026-08-25 08:00:01,2,Tradescantia Zebrina,1895,61.0,Optimal
2026-08-25 08:00:01,3,Monstera Deliciosa,1365,84.0,Soggy
2026-08-25 08:00:01,1,Gynura Aurantiaca,1682,70.0,Optimal
2026-08-25 08:30:01,2,Tradescantia Zebrina,1936,59.0,Optimal
2026-08-25 08:30:02,1,Gynura Aurantiaca,1696,69.0,Optimal
2026-08-25 08:30:02,3,Monstera Deliciosa,1348,84.0,Soggy
2026-08-25 09:00:00,2,Tradescantia Zebrina,1930,59.0,Optimal
2026-08-25 09:00:01,1,Gynura Aurantiaca,1693,69.0,Optimal
2026-08-25 09:00:01,3,Monstera Deliciosa,1365,84.0,Soggy
2026-08-25 09:30:00,2,Tradescantia Zebrina,1939,59.0,Optimal
2026-08-25 09:30:01,3,Monstera Deliciosa,1381,83.0,Soggy
2026-08-25 09:30:01,1,Gynura Aurantiaca,1689,70.0,Optimal
2026-08-25 10:00:01,1,Gynura Aurantiaca,1697,69.0,Optimal
2026-08-25 10:00:01,2,Tradescantia Zebrina,1950,58.0,Optimal
2026-08-25 10:00:01,3,Monstera Deliciosa,1364,84.0,Soggy
2026-08-25 10:30:01,1,Gynura Aurantiaca,1701,69.0,Optimal
2026-08-25 10:30:01,3,Monstera Deliciosa,1359,84.0,Soggy
2026-08-25 10:30:01,2,Tradescantia Zebrina,1950,58.0,Optimal
2026-08-25 11:00:00,1,Gynura Aurantiaca,1701,69.0,Optimal
2026-08-25 11:00:01,3,Monstera Deliciosa,1355,84.0,Soggy
2026-08-25 11:00:01,2,Tradescantia Zebrina,1950,58.0,Optimal
2026-08-25 11:30:01,1,Gynura Aurantiaca,1712,69.0,Optimal
2026-08-25 11:30:01,3,Monstera Deliciosa,1361,84.0,Soggy
2026-08-25 11:30:01,2,Tradescantia Zebrina,1954,58.0,Optimal
2026-08-25 12:00:00,3,Monstera Deliciosa,1345,85.0,Soggy
2026-08-25 12:00:01,2,Tradescantia Zebrina,1965,58.0,Optimal
2026-08-25 12:00:02,1,Gynura Aurantiaca,1710,69.0,Optimal
2026-08-25 12:30:01,3,Monstera Deliciosa,1383,83.0,Soggy
2026-08-25 12:30:02,2,Tradescantia Zebrina,1978,57.0,Optimal
2026-08-25 12:30:02,1,Gynura Aurantiaca,1708,69.0,Optimal
2026-08-25 13:00:01,1,Gynura Aurantiaca,1712,69.0,Optimal
2026-08-25 13:00:01,2,Tradescantia Zebrina,1969,57.0,Optimal
2026-08-25 13:00:02,3,Monstera Deliciosa,1353,84.0,Soggy
2026-08-25 13:30:01,1,Gynura Aurantiaca,1722,68.0,Optimal
2026-08-25 13:30:01,3,Monstera Deliciosa,1360,84.0,Soggy
2026-08-25 13:30:02,2,Tradescantia Zebrina,1987,57.0,Optimal
2026-08-25 14:00:01,3,Monstera Deliciosa,1368,84.0,Soggy
2026-08-25 14:00:01,1,Gynura Aurantiaca,1719,68.0,Optimal
2026-08-25 14:00:01,2,Tradescantia Zebrina,1981,57.0,Optimal
2026-08-25 14:30:00,1,Gynura Aurantiaca,1713,69.0,Optimal
2026-08-25 14:30:01,3,Monstera Deliciosa,1374,83.0,Soggy
2026-08-25 14:30:01,2,Tradescantia Zebrina,1991,56.0,Optimal
2026-08-25 15:00:01,1,Gynura Aurantiaca,1735,68.0,Optimal
2026-08-25 15:00:01,2,Tradescantia Zebrina,1995,56.0,Optimal
2026-08-25 15:00:01,3,Monstera Deliciosa,1373,83.0,Soggy
2026-08-25 15:30:01,1,Gynura Aurantiaca,1735,68.0,Optimal
2026-08-25 15:30:01,2,Tradescantia Zebrina,2008,56.0,Optimal
2026-08-25 15:30:01,3,Monstera Deliciosa,1392,82.0,Soggy
2026-08-25 16:00:00,1,Gynura Aurantiaca,1743,67.0,Optimal
2026-08-25 16:00:00,3,Monstera Deliciosa,1382,83.0,Soggy
2026-08-25 16:00:01,2,Tradescantia Zebrina,2011,56.0,Optimal
2026-08-25 16:30:00,1,Gynura Aurantiaca,1731,68.0,Optimal
2026-08-25 16:30:00,2,Tradescantia Zebrina,2003,56.0,Optimal
2026-08-25 16:30:01,3,Monstera Deliciosa,1362,84.0,Soggy
2026-08-25 17:00:01,1,Gynura Aurantiaca,1733,68.0,Optimal
2026-08-25 17:00:01,2,Tradescantia Zebrina,2025,55.0,Optimal
2026-08-25 17:00:01,3,Monstera Deliciosa,1370,83.0,Soggy
2026-08-25 17:30:00,3,Monstera Deliciosa,1360,84.0,Soggy
2026-08-25 17:30:01,2,Tradescantia Zebrina,2030,55.0,Optimal
2026-08-25 17:30:01,1,Gynura Aurantiaca,1744,67.0,Optimal
2026-08-25 18:00:00,1,Gynura Aurantiaca,1741,67.0,Optimal
2026-08-25 18:00:00,3,Monstera Deliciosa,1370,83.0,Soggy
2026-08-25 18:00:01,2,Tradescantia Zebrina,2032,55.0,Optimal
2026-08-25 18:30:01,3,Monstera Deliciosa,1350,84.0,Soggy
2026-08-25 18:30:01,1,Gynura Aurantiaca,1738,67.0,Optimal
2026-08-25 18:30:01,2,Tradescantia Zebrina,2046,54.0,Optimal
2026-08-25 19:00:01,2,Tradescantia Zebrina,2062,53.0,Optimal
2026-08-25 19:00:01,3,Monstera Deliciosa,1360,84.0,Soggy
2026-08-25 19:00:01,1,Gynura Aurantiaca,1753,67.0,Optimal
2026-08-25 19:30:01,3,Monstera Deliciosa,1367,84.0,Soggy
2026-08-25 19:30:01,1,Gynura Aurantiaca,1745,67.0,Optimal
2026-08-25 19:30:01,2,Tradescantia Zebrina,2064,53.0,Optimal
2026-08-25 20:00:01,2,Tradescantia Zebrina,2058,54.0,Optimal
2026-08-25 20:00:01,3,Monstera Deliciosa,1373,83.0,Soggy
2026-08-25 20:00:01,1,Gynura Aurantiaca,1749,67.0,Optimal
2026-08-25 20:30:01,3,Monstera Deliciosa,1350,84.0,Soggy
2026-08-25 20:30:01,1,Gynura Aurantiaca,1749,67.0,Optimal
2026-08-25 20:30:01,2,Tradescantia Zebrina,2064,53.0,Optimal
2026-08-25 21:00:01,2,Tradescantia Zebrina,2062,53.0,Optimal
2026-08-25 21:00:01,3,Monstera Deliciosa,1349,84.0,Soggy
2026-08-25 21:00:01,1,Gynura Aurantiaca,1746,67.0,Optimal
2026-08-25 21:30:01,3,Monstera Deliciosa,1375,83.0,Soggy
2026-08-25 21:30:01,1,Gynura Aurantiaca,1758,67.0,Optimal
2026-08-25 21:30:01,2,Tradescantia Zebrina,2062,53.0,Optimal
2026-08-25 22:00:01,2,Tradescantia Zebrina,2064,53.0,Optimal
2026-08-25 22:00:01,3,Monstera Deliciosa,1360,84.0,Soggy
2026-08-25 22:00:01,1,Gynura Aurantiaca,1759,67.0,Optimal
2026-08-25 22:30:01,3,Monstera Deliciosa,1367,84.0,Soggy
2026-08-25 22:30:01,1,Gynura Aurantiaca,1758,67.0,Optimal
2026-08-25 22:30:01,2,Tradescantia Zebrina,2080,53.0,Optimal
2026-08-25 23:00:01,2,Tradescantia Zebrina,2095,52.0,Optimal
2026-08-25 23:00:01,3,Monstera Deliciosa,1374,83.0,Soggy
2026-08-25 23:00:01,1,Gynura Aurantiaca,1766,66.0,Optimal
2026-08-25 23:30:01,3,Monstera Deliciosa,1367,84.0,Soggy
2026-08-25 23:30:01,1,Gynura Aurantiaca,1777,66.0,Optimal
2026-08-25 23:30:01,2,Tradescantia Zebrina,2121,51.0,Optimal
2026-08-26 00:00:01,2,Tradescantia Zebrina,2109,51.0,Optimal
2026-08-26 00:00:01,3,Monstera Deliciosa,1351,84.0,Soggy
2026-08-26 00:00:01,1,Gynura Aurantiaca,1791,65.0,Optimal
2026-08-26 00:30:01,3,Monstera Deliciosa,1345,85.0,Soggy
2026-08-26 00:30:01,1,Gynura Aurantiaca,1793,65.0,Optimal
2026-08-26 00:30:01,2,Tradescantia Zebrina,2128,50.0,Moist
2026-08-26 01:00:01,3,Monstera Deliciosa,1382,83.0,Soggy
2026-08-26 01:00:01,1,Gynura Aurantiaca,1789,65.0,Optimal
2026-08-26 01:00:01,2,Tradescantia Zebrina,2139,50.0,Moist
2026-08-26 01:30:01,1,Gynura Aurantiaca,1798,65.0,Optimal
2026-08-26 01:30:01,3,Monstera Deliciosa,1383,83.0,Soggy
2026-08-26 01:30:01,2,Tradescantia Zebrina,2146,50.0,Moist
2026-08-26 02:00:01,1,Gynura Aurantiaca,1797,65.0,Optimal
2026-08-26 02:00:01,3,Monstera Deliciosa,1376,83.0,Soggy
2026-08-26 02:00:02,2,Tradescantia Zebrina,2143,50.0,Moist
2026-08-26 02:30:01,3,Monstera Deliciosa,1373,83.0,Soggy
2026-08-26 02:30:01,2,Tradescantia Zebrina,2151,49.0,Moist
2026-08-26 02:30:01,1,Gynura Aurantiaca,1806,64.0,Optimal
2026-08-26 03:00:01,1,Gynura Aurantiaca,1807,64.0,Optimal
2026-08-26 03:00:01,3,Monstera Deliciosa,1382,83.0,Soggy
2026-08-26 03:00:02,2,Tradescantia Zebrina,2142,50.0,Moist
2026-08-26 03:30:01,3,Monstera Deliciosa,1362,84.0,Soggy
2026-08-26 03:30:01,2,Tradescantia Zebrina,2151,49.0,Moist
2026-08-26 03:30:01,1,Gynura Aurantiaca,1808,64.0,Optimal
2026-08-26 04:00:01,3,Monstera Deliciosa,1371,83.0,Soggy
2026-08-26 04:00:01,1,Gynura Aurantiaca,1808,64.0,Optimal
2026-08-26 04:00:02,2,Tradescantia Zebrina,2155,49.0,Moist
2026-08-26 04:30:01,1,Gynura Aurantiaca,1798,65.0,Optimal
2026-08-26 04:30:01,3,Monstera Deliciosa,1374,83.0,Soggy
2026-08-26 04:30:01,2,Tradescantia Zebrina,2155,49.0,Moist
2026-08-26 05:00:01,1,Gynura Aurantiaca,1808,64.0,Optimal
2026-08-26 05:00:01,3,Monstera Deliciosa,1381,83.0,Soggy
2026-08-26 05:00:02,2,Tradescantia Zebrina,2157,49.0,Moist
2026-08-26 05:30:01,3,Monstera Deliciosa,1351,84.0,Soggy
2026-08-26 05:30:01,2,Tradescantia Zebrina,2162,49.0,Moist
2026-08-26 05:30:02,1,Gynura Aurantiaca,1812,64.0,Optimal
2026-08-26 06:00:01,1,Gynura Aurantiaca,1809,64.0,Optimal
2026-08-26 06:00:02,2,Tradescantia Zebrina,2178,48.0,Moist
2026-08-26 06:00:02,3,Monstera Deliciosa,1376,83.0,Soggy
2026-08-26 06:30:01,2,Tradescantia Zebrina,2162,49.0,Moist
2026-08-26 06:30:01,3,Monstera Deliciosa,1370,83.0,Soggy
2026-08-26 06:30:02,1,Gynura Aurantiaca,1810,64.0,Optimal
2026-08-26 07:00:01,3,Monstera Deliciosa,1364,84.0,Soggy
2026-08-26 07:00:01,1,Gynura Aurantiaca,1797,65.0,Optimal
2026-08-26 07:00:02,2,Tradescantia Zebrina,2179,48.0,Moist
2026-08-26 07:30:01,2,Tradescantia Zebrina,2186,48.0,Moist
2026-08-26 07:30:01,3,Monstera Deliciosa,1373,83.0,Soggy
2026-08-26 07:30:02,1,Gynura Aurantiaca,1827,64.0,Optimal
2026-08-26 08:00:01,3,Monstera Deliciosa,1401,82.0,Soggy
2026-08-26 08:00:01,2,Tradescantia Zebrina,2166,49.0,Moist
2026-08-26 08:00:01,1,Gynura Aurantiaca,1825,64.0,Optimal
2026-08-26 08:30:01,1,Gynura Aurantiaca,1827,64.0,Optimal
2026-08-26 08:30:01,3,Monstera Deliciosa,1363,84.0,Soggy
2026-08-26 08:30:02,2,Tradescantia Zebrina,2191,48.0,Moist
2026-08-26 09:00:01,2,Tradescantia Zebrina,2191,48.0,Moist
2026-08-26 09:00:01,1,Gynura Aurantiaca,1829,63.0,Optimal
2026-08-26 09:00:02,3,Monstera Deliciosa,1387,83.0,Soggy
2026-08-26 09:30:01,3,Monstera Deliciosa,1367,84.0,Soggy
2026-08-26 09:30:01,1,Gynura Aurantiaca,1839,63.0,Optimal
2026-08-26 09:30:01,2,Tradescantia Zebrina,2213,47.0,Moist
2026-08-26 10:00:01,3,Monstera Deliciosa,1407,82.0,Soggy
2026-08-26 10:00:01,1,Gynura Aurantiaca,1831,63.0,Optimal
2026-08-26 10:00:01,2,Tradescantia Zebrina,2224,46.0,Moist
2026-08-26 10:30:01,1,Gynura Aurantiaca,1838,63.0,Optimal
2026-08-26 10:30:01,2,Tradescantia Zebrina,2217,47.0,Moist
2026-08-26 10:30:02,3,Monstera Deliciosa,1367,84.0,Soggy
2026-08-26 11:00:01,3,Monstera Deliciosa,1360,84.0,Soggy
2026-08-26 11:00:01,1,Gynura Aurantiaca,1828,64.0,Optimal
2026-08-26 11:00:01,2,Tradescantia Zebrina,2230,46.0,Moist
2026-08-26 11:30:00,3,Monstera Deliciosa,1376,83.0,Soggy
2026-08-26 11:30:01,1,Gynura Aurantiaca,1838,63.0,Optimal
2026-08-26 11:30:01,2,Tradescantia Zebrina,2215,47.0,Moist
2026-08-26 12:00:00,3,Monstera Deliciosa,1356,84.0,Soggy
2026-08-26 12:00:01,2,Tradescantia Zebrina,2243,45.0,Moist
2026-08-26 12:00:01,1,Gynura Aurantiaca,1840,63.0,Optimal
2026-08-26 12:30:00,1,Gynura Aurantiaca,1845,63.0,Optimal
2026-08-26 12:30:00,2,Tradescantia Zebrina,2246,45.0,Moist
2026-08-26 12:30:01,3,Monstera Deliciosa,1377,83.0,Soggy
2026-08-26 13:00:01,2,Tradescantia Zebrina,2248,45.0,Moist
2026-08-26 13:00:01,3,Monstera Deliciosa,1361,84.0,Soggy
2026-08-26 13:00:01,1,Gynura Aurantiaca,1840,63.0,Optimal
2026-08-26 13:30:00,3,Monstera Deliciosa,1399,82.0,Soggy
2026-08-26 13:30:01,2,Tradescantia Zebrina,2270,44.0,Moist
2026-08-26 13:30:01,1,Gynura Aurantiaca,1858,62.0,Optimal
2026-08-26 14:00:00,2,Tradescantia Zebrina,2273,44.0,Moist
2026-08-26 14:00:01,3,Monstera Deliciosa,1398,82.0,Soggy
2026-08-26 14:00:01,1,Gynura Aurantiaca,1872,62.0,Optimal
2026-08-26 14:30:01,1,Gynura Aurantiaca,1861,62.0,Optimal
2026-08-26 14:30:01,3,Monstera Deliciosa,1392,82.0,Soggy
2026-08-26 14:30:01,2,Tradescantia Zebrina,2282,44.0,Moist
2026-08-26 15:00:01,3,Monstera Deliciosa,1397,82.0,Soggy
2026-08-26 15:00:01,1,Gynura Aurantiaca,1887,61.0,Optimal
2026-08-26 15:00:02,2,Tradescantia Zebrina,2293,43.0,Moist
2026-08-26 15:30:01,3,Monstera Deliciosa,1409,82.0,Soggy
2026-08-26 15:30:01,2,Tradescantia Zebrina,2301,43.0,Moist
2026-08-26 15:30:02,1,Gynura Aurantiaca,1895,61.0,Optimal
2026-08-26 16:00:01,1,Gynura Aurantiaca,1887,61.0,Optimal
2026-08-26 16:00:01,2,Tradescantia Zebrina,2303,43.0,Moist
2026-08-26 16:00:02,3,Monstera Deliciosa,1381,83.0,Soggy
2026-08-26 16:30:01,1,Gynura Aurantiaca,1907,60.0,Optimal
2026-08-26 16:30:01,3,Monstera Deliciosa,1373,83.0,Soggy
2026-08-26 16:30:02,2,Tradescantia Zebrina,2327,42.0,Moist
2026-08-26 17:00:01,1,Gynura Aurantiaca,1923,59.0,Optimal
2026-08-26 17:00:01,2,Tradescantia Zebrina,2327,42.0,Moist
2026-08-26 17:00:02,3,Monstera Deliciosa,1407,82.0,Soggy
2026-08-26 17:30:01,1,Gynura Aurantiaca,1927,59.0,Optimal
2026-08-26 17:30:01,3,Monstera Deliciosa,1392,82.0,Soggy
2026-08-26 17:30:01,2,Tradescantia Zebrina,2322,42.0,Moist
2026-08-26 18:00:00,1,Gynura Aurantiaca,1927,59.0,Optimal
2026-08-26 18:00:00,3,Monstera Deliciosa,1379,83.0,Soggy
2026-08-26 18:00:01,2,Tradescantia Zebrina,2357,41.0,Moist
2026-08-26 18:30:01,1,Gynura Aurantiaca,1946,58.0,Optimal
2026-08-26 18:30:01,2,Tradescantia Zebrina,2357,41.0,Moist
2026-08-26 18:30:02,3,Monstera Deliciosa,1386,83.0,Soggy
2026-08-26 19:00:01,2,Tradescantia Zebrina,2371,40.0,Moist
2026-08-26 19:00:01,1,Gynura Aurantiaca,1968,57.0,Optimal
2026-08-26 19:00:02,3,Monstera Deliciosa,1395,82.0,Soggy
2026-08-26 19:30:00,3,Monstera Deliciosa,1380,83.0,Soggy
2026-08-26 19:30:01,1,Gynura Aurantiaca,1979,57.0,Optimal
2026-08-26 19:30:02,2,Tradescantia Zebrina,2361,40.0,Moist
2026-08-26 20:00:01,3,Monstera Deliciosa,1362,84.0,Soggy
2026-08-26 20:00:01,2,Tradescantia Zebrina,2368,40.0,Moist
2026-08-26 20:00:01,1,Gynura Aurantiaca,1970,57.0,Optimal
2026-08-26 20:30:01,2,Tradescantia Zebrina,2374,40.0,Moist
2026-08-26 20:30:01,1,Gynura Aurantiaca,2000,56.0,Optimal
2026-08-26 20:30:01,3,Monstera Deliciosa,1405,82.0,Soggy
2026-08-26 21:00:01,3,Monstera Deliciosa,1393,82.0,Soggy
2026-08-26 21:00:01,2,Tradescantia Zebrina,2406,38.0,Moist
2026-08-26 21:00:02,1,Gynura Aurantiaca,2032,55.0,Optimal
2026-08-26 21:30:01,2,Tradescantia Zebrina,2403,39.0,Moist
2026-08-26 21:30:01,1,Gynura Aurantiaca,2077,53.0,Optimal
2026-08-26 21:30:01,3,Monstera Deliciosa,1381,83.0,Soggy
2026-08-26 22:00:01,3,Monstera Deliciosa,1397,82.0,Soggy
2026-08-26 22:00:01,1,Gynura Aurantiaca,2082,52.0,Optimal
2026-08-26 22:00:01,2,Tradescantia Zebrina,2411,38.0,Moist
2026-08-26 22:30:01,1,Gynura Aurantiaca,2095,52.0,Optimal
2026-08-26 22:30:01,3,Monstera Deliciosa,1392,82.0,Soggy
2026-08-26 22:30:02,2,Tradescantia Zebrina,2425,38.0,Moist
2026-08-26 23:00:01,3,Monstera Deliciosa,1402,82.0,Soggy
2026-08-26 23:00:01,1,Gynura Aurantiaca,2109,51.0,Optimal
2026-08-26 23:00:01,2,Tradescantia Zebrina,2420,38.0,Moist
2026-08-26 23:30:00,1,Gynura Aurantiaca,2122,51.0,Optimal
2026-08-26 23:30:01,2,Tradescantia Zebrina,2434,37.0,Moist
2026-08-26 23:30:01,3,Monstera Deliciosa,1375,83.0,Soggy
2026-08-27 00:00:01,1,Gynura Aurantiaca,2115,51.0,Optimal
2026-08-27 00:00:01,3,Monstera Deliciosa,1399,82.0,Soggy
2026-08-27 00:00:01,2,Tradescantia Zebrina,2444,37.0,Moist
2026-08-27 00:30:00,2,Tradescantia Zebrina,2453,36.0,Moist
2026-08-27 00:30:01,3,Monstera Deliciosa,1389,83.0,Soggy
2026-08-27 00:30:01,1,Gynura Aurantiaca,2124,51.0,Optimal
2026-08-27 01:00:00,2,Tradescantia Zebrina,2453,36.0,Moist
2026-08-27 01:00:01,3,Monstera Deliciosa,1385,83.0,Soggy
2026-08-27 01:00:01,1,Gynura Aurantiaca,2134,50.0,Moist
2026-08-27 01:30:00,1,Gynura Aurantiaca,2155,49.0,Moist
2026-08-27 01:30:00,3,Monstera Deliciosa,1388,83.0,Soggy
2026-08-27 01:30:01,2,Tradescantia Zebrina,2475,35.0,Moist
2026-08-27 02:00:01,1,Gynura Aurantiaca,2139,50.0,Moist
2026-08-27 02:00:01,3,Monstera Deliciosa,1391,83.0,Soggy
2026-08-27 02:00:01,2,Tradescantia Zebrina,2476,35.0,Moist
2026-08-27 02:30:01,1,Gynura Aurantiaca,2151,49.0,Moist
2026-08-27 02:30:01,2,Tradescantia Zebrina,2467,36.0,Moist
2026-08-27 02:30:01,3,Monstera Deliciosa,1369,83.0,Soggy
2026-08-27 03:00:01,3,Monstera Deliciosa,1393,82.0,Soggy
2026-08-27 03:00:01,2,Tradescantia Zebrina,2471,36.0,Moist
2026-08-27 03:00:02,1,Gynura Aurantiaca,2135,50.0,Moist
2026-08-27 03:30:01,3,Monstera Deliciosa,1374,83.0,Soggy
2026-08-27 03:30:01,1,Gynura Aurantiaca,2155,49.0,Moist
2026-08-27 03:30:01,2,Tradescantia Zebrina,2489,35.0,Moist
2026-08-27 04:00:00,3,Monstera Deliciosa,1398,82.0,Soggy
2026-08-27 04:00:00,2,Tradescantia Zebrina,2494,35.0,Moist
2026-08-27 04:00:02,1,Gynura Aurantiaca,2165,49.0,Moist
2026-08-27 04:30:00,3,Monstera Deliciosa,1386,83.0,Soggy
2026-08-27 04:30:01,2,Tradescantia Zebrina,2498,34.0,Moist
2026-08-27 04:30:01,1,Gynura Aurantiaca,2160,49.0,Moist
2026-08-27 05:00:00,1,Gynura Aurantiaca,2171,49.0,Moist
2026-08-27 05:00:01,3,Monstera Deliciosa,1393,82.0,Soggy
2026-08-27 05:00:01,2,Tradescantia Zebrina,2493,35.0,Moist
2026-08-27 05:30:00,2,Tradescantia Zebrina,2499,34.0,Moist
2026-08-27 05:30:00,1,Gynura Aurantiaca,2160,49.0,Moist
2026-08-27 05:30:01,3,Monstera Deliciosa,1403,82.0,Soggy
2026-08-27 06:00:00,2,Tradescantia Zebrina,2513,34.0,Moist
2026-08-27 06:00:01,1,Gynura Aurantiaca,2170,49.0,Moist
2026-08-27 06:00:01,3,Monstera Deliciosa,1382,83.0,Soggy
2026-08-27 06:30:01,3,Monstera Deliciosa,1393,82.0,Soggy
2026-08-27 06:30:01,1,Gynura Aurantiaca,2182,48.0,Moist
2026-08-27 06:30:01,2,Tradescantia Zebrina,2503,34.0,Moist
2026-08-27 07:00:00,3,Monstera Deliciosa,1402,82.0,Soggy
2026-08-27 07:00:01,1,Gynura Aurantiaca,2176,48.0,Moist
2026-08-27 07:00:02,2,Tradescantia Zebrina,2518,34.0,Moist
2026-08-27 07:30:00,3,Monstera Deliciosa,1408,82.0,Soggy
2026-08-27 07:30:01,1,Gynura Aurantiaca,2174,48.0,Moist
2026-08-27 07:30:01,2,Tradescantia Zebrina,2518,34.0,Moist
2026-08-27 08:00:00,1,Gynura Aurantiaca,2176,48.0,Moist
2026-08-27 08:00:00,2,Tradescantia Zebrina,2527,33.0,Moist
2026-08-27 08:00:01,3,Monstera Deliciosa,1414,82.0,Soggy
2026-08-27 08:30:00,1,Gynura Aurantiaca,2209,47.0,Moist
2026-08-27 08:30:00,2,Tradescantia Zebrina,2546,32.0,Moist
2026-08-27 08:30:01,3,Monstera Deliciosa,1395,82.0,Soggy
2026-08-27 09:00:00,3,Monstera Deliciosa,1413,82.0,Soggy
2026-08-27 09:00:00,1,Gynura Aurantiaca,2196,48.0,Moist
2026-08-27 09:00:01,2,Tradescantia Zebrina,2548,32.0,Moist
2026-08-27 09:30:00,3,Monstera Deliciosa,1400,82.0,Soggy
2026-08-27 09:30:01,1,Gynura Aurantiaca,2203,47.0,Moist
2026-08-27 09:30:01,2,Tradescantia Zebrina,2541,33.0,Moist
2026-08-27 10:00:00,2,Tradescantia Zebrina,2559,32.0,Moist
2026-08-27 10:00:01,3,Monstera Deliciosa,1410,82.0,Soggy
2026-08-27 10:00:01,1,Gynura Aurantiaca,2192,48.0,Moist
2026-08-27 10:30:00,2,Tradescantia Zebrina,2555,32.0,Moist
2026-08-27 10:30:00,1,Gynura Aurantiaca,2192,48.0,Moist
2026-08-27 10:30:01,3,Monstera Deliciosa,1386,83.0,Soggy
2026-08-27 11:00:00,3,Monstera Deliciosa,1431,81.0,Soggy
2026-08-27 11:00:01,2,Tradescantia Zebrina,2559,32.0,Moist
2026-08-27 11:00:01,1,Gynura Aurantiaca,2192,48.0,Moist
2026-08-27 11:30:01,3,Monstera Deliciosa,1405,82.0,Soggy
2026-08-27 11:30:01,2,Tradescantia Zebrina,2559,32.0,Moist
2026-08-27 11:30:01,1,Gynura Aurantiaca,2211,47.0,Moist
2026-08-27 12:00:01,1,Gynura Aurantiaca,2198,47.0,Moist
2026-08-27 12:00:01,3,Monstera Deliciosa,1423,81.0,Soggy
2026-08-27 12:00:02,2,Tradescantia Zebrina,2559,32.0,Moist
2026-08-27 12:30:01,3,Monstera Deliciosa,1424,81.0,Soggy
2026-08-27 12:30:01,2,Tradescantia Zebrina,2587,31.0,Moist
2026-08-27 12:30:01,1,Gynura Aurantiaca,2218,47.0,Moist
2026-08-27 13:00:01,1,Gynura Aurantiaca,2209,47.0,Moist
2026-08-27 13:00:02,2,Tradescantia Zebrina,2580,31.0,Moist
2026-08-27 13:00:02,3,Monstera Deliciosa,1419,81.0,Soggy
2026-08-27 13:30:01,2,Tradescantia Zebrina,2582,31.0,Moist
2026-08-27 13:30:01,1,Gynura Aurantiaca,2213,47.0,Moist
2026-08-27 13:30:01,3,Monstera Deliciosa,1416,81.0,Soggy
2026-08-27 14:00:00,2,Tradescantia Zebrina,2597,30.0,Moist
2026-08-27 14:00:00,3,Monstera Deliciosa,1426,81.0,Soggy
2026-08-27 14:00:00,1,Gynura Aurantiaca,2218,47.0,Moist
2026-08-27 14:30:00,2,Tradescantia Zebrina,2610,30.0,Moist
2026-08-27 14:30:01,3,Monstera Deliciosa,1413,82.0,Soggy
2026-08-27 14:30:01,1,Gynura Aurantiaca,2242,46.0,Moist
2026-08-27 15:00:00,1,Gynura Aurantiaca,2228,46.0,Moist
2026-08-27 15:00:01,2,Tradescantia Zebrina,2613,29.0,Moist
2026-08-27 15:00:01,3,Monstera Deliciosa,1403,82.0,Soggy
2026-08-27 15:30:00,3,Monstera Deliciosa,1415,81.0,Soggy
2026-08-27 15:30:00,1,Gynura Aurantiaca,2243,45.0,Moist
2026-08-27 15:30:01,2,Tradescantia Zebrina,2613,29.0,Moist
2026-08-27 16:00:00,2,Tradescantia Zebrina,2615,29.0,Moist
2026-08-27 16:00:00,3,Monstera Deliciosa,1409,82.0,Soggy
2026-08-27 16:00:01,1,Gynura Aurantiaca,2247,45.0,Moist
2026-08-27 16:30:00,2,Tradescantia Zebrina,2614,29.0,Moist
2026-08-27 16:30:01,3,Monstera Deliciosa,1422,81.0,Soggy
2026-08-27 16:30:01,1,Gynura Aurantiaca,2245,45.0,Moist
2026-08-27 17:00:01,1,Gynura Aurantiaca,2238,46.0,Moist
2026-08-27 17:00:01,2,Tradescantia Zebrina,2630,29.0,Moist
2026-08-27 17:00:01,3,Monstera Deliciosa,1425,81.0,Soggy
2026-08-27 17:30:01,1,Gynura Aurantiaca,2258,45.0,Moist
2026-08-27 17:30:01,3,Monstera Deliciosa,1429,81.0,Soggy
2026-08-27 17:30:01,2,Tradescantia Zebrina,2640,28.0,Moist
2026-08-27 18:00:00,1,Gynura Aurantiaca,2260,45.0,Moist
2026-08-27 18:00:01,2,Tradescantia Zebrina,2633,29.0,Moist
2026-08-27 18:00:01,3,Monstera Deliciosa,1409,82.0,Soggy
2026-08-27 18:30:01,1,Gynura Aurantiaca,2263,45.0,Moist
2026-08-27 18:30:01,2,Tradescantia Zebrina,2636,28.0,Moist
2026-08-27 18:30:01,3,Monstera Deliciosa,1405,82.0,Soggy
2026-08-27 19:00:01,2,Tradescantia Zebrina,2633,29.0,Moist
2026-08-27 19:00:01,1,Gynura Aurantiaca,2253,45.0,Moist
2026-08-27 19:00:02,3,Monstera Deliciosa,1424,81.0,Soggy
2026-08-27 19:30:00,1,Gynura Aurantiaca,2259,45.0,Moist
2026-08-27 19:30:01,3,Monstera Deliciosa,1425,81.0,Soggy
2026-08-27 19:30:01,2,Tradescantia Zebrina,2635,28.0,Moist
2026-08-27 20:00:01,1,Gynura Aurantiaca,2256,45.0,Moist
2026-08-27 20:00:01,2,Tradescantia Zebrina,2647,28.0,Moist
2026-08-27 20:00:01,3,Monstera Deliciosa,1410,82.0,Soggy
2026-08-27 20:30:01,3,Monstera Deliciosa,1411,82.0,Soggy
2026-08-27 20:30:01,2,Tradescantia Zebrina,2641,28.0,Moist
2026-08-27 20:30:01,1,Gynura Aurantiaca,2263,45.0,Moist
2026-08-27 21:00:00,1,Gynura Aurantiaca,2254,45.0,Moist
2026-08-27 21:00:01,3,Monstera Deliciosa,1394,82.0,Soggy
2026-08-27 21:00:01,2,Tradescantia Zebrina,2651,28.0,Moist
2026-08-27 21:30:01,3,Monstera Deliciosa,1422,81.0,Soggy
2026-08-27 21:30:01,1,Gynura Aurantiaca,2257,45.0,Moist
2026-08-27 21:30:02,2,Tradescantia Zebrina,2646,28.0,Moist
2026-08-27 22:00:01,3,Monstera Deliciosa,1419,81.0,Soggy
2026-08-27 22:00:01,2,Tradescantia Zebrina,2647,28.0,Moist
2026-08-27 22:00:01,1,Gynura Aurantiaca,2258,45.0,Moist
2026-08-27 22:30:01,3,Monstera Deliciosa,1430,81.0,Soggy
2026-08-27 22:30:01,1,Gynura Aurantiaca,2256,45.0,Moist
2026-08-27 22:30:02,2,Tradescantia Zebrina,2655,28.0,Moist
2026-08-27 23:00:01,1,Gynura Aurantiaca,2262,45.0,Moist
2026-08-27 23:00:01,3,Monstera Deliciosa,1434,81.0,Soggy
2026-08-27 23:00:01,2,Tradescantia Zebrina,2651,28.0,Moist
2026-08-27 23:30:00,1,Gynura Aurantiaca,2253,45.0,Moist
2026-08-27 23:30:01,2,Tradescantia Zebrina,2655,28.0,Moist
2026-08-27 23:30:02,3,Monstera Deliciosa,1424,81.0,Soggy
2026-08-28 00:00:01,1,Gynura Aurantiaca,2270,44.0,Moist
2026-08-28 00:00:01,2,Tradescantia Zebrina,2683,26.0,Moist
2026-08-28 00:00:01,3,Monstera Deliciosa,1433,81.0,Soggy
2026-08-28 00:30:01,2,Tradescantia Zebrina,2678,27.0,Moist
2026-08-28 00:30:01,1,Gynura Aurantiaca,2263,45.0,Moist
2026-08-28 00:30:02,3,Monstera Deliciosa,1408,82.0,Soggy
2026-08-28 01:00:01,1,Gynura Aurantiaca,2287,44.0,Moist
2026-08-28 01:00:01,2,Tradescantia Zebrina,2681,26.0,Moist
2026-08-28 01:00:01,3,Monstera Deliciosa,1434,81.0,Soggy
2026-08-28 01:30:01,1,Gynura Aurantiaca,2288,44.0,Moist
2026-08-28 01:30:01,2,Tradescantia Zebrina,2682,26.0,Moist
2026-08-28 01:30:02,3,Monstera Deliciosa,1405,82.0,Soggy
2026-08-28 02:00:01,2,Tradescantia Zebrina,2691,26.0,Moist
2026-08-28 02:00:01,1,Gynura Aurantiaca,2287,44.0,Moist
2026-08-28 02:00:01,3,Monstera Deliciosa,1425,81.0,Soggy
2026-08-28 02:30:00,1,Gynura Aurantiaca,2295,43.0,Moist
2026-08-28 02:30:01,3,Monstera Deliciosa,1424,81.0,Soggy
2026-08-28 02:30:01,2,Tradescantia Zebrina,2687,26.0,Moist
2026-08-28 03:00:01,1,Gynura Aurantiaca,2306,43.0,Moist
2026-08-28 03:00:01,3,Monstera Deliciosa,1429,81.0,Soggy
2026-08-28 03:00:02,2,Tradescantia Zebrina,2691,26.0,Moist
2026-08-28 03:30:01,3,Monstera Deliciosa,1439,80.0,Optimal
2026-08-28 03:30:01,1,Gynura Aurantiaca,2299,43.0,Moist
2026-08-28 03:30:01,2,Tradescantia Zebrina,2706,25.0,Moist
2026-08-28 04:00:00,3,Monstera Deliciosa,1409,82.0,Soggy
2026-08-28 04:00:00,1,Gynura Aurantiaca,2298,43.0,Moist
2026-08-28 04:00:01,2,Tradescantia Zebrina,2690,26.0,Moist
2026-08-28 04:30:01,3,Monstera Deliciosa,1425,81.0,Soggy
2026-08-28 04:30:01,2,Tradescantia Zebrina,2705,25.0,Moist
2026-08-28 04:30:01,1,Gynura Aurantiaca,2298,43.0,Moist
2026-08-28 05:00:00,1,Gynura Aurantiaca,2303,43.0,Moist
2026-08-28 05:00:01,2,Tradescantia Zebrina,2694,26.0,Moist
2026-08-28 05:00:01,3,Monstera Deliciosa,1414,82.0,Soggy
2026-08-28 05:30:01,2,Tradescantia Zebrina,2697,26.0,Moist
2026-08-28 05:30:01,3,Monstera Deliciosa,1429,81.0,Soggy
2026-08-28 05:30:01,1,Gynura Aurantiaca,2315,42.0,Moist
2026-08-28 06:00:01,2,Tradescantia Zebrina,2689,26.0,Moist
2026-08-28 06:00:01,3,Monstera Deliciosa,1440,80.0,Optimal
2026-08-28 06:00:01,1,Gynura Aurantiaca,2310,43.0,Moist
2026-08-28 06:30:01,1,Gynura Aurantiaca,2320,42.0,Moist
2026-08-28 06:30:01,3,Monstera Deliciosa,1445,80.0,Optimal
2026-08-28 06:30:02,2,Tradescantia Zebrina,2700,26.0,Moist
2026-08-28 07:00:00,1,Gynura Aurantiaca,2318,42.0,Moist
2026-08-28 07:00:01,2,Tradescantia Zebrina,2715,25.0,Moist
2026-08-28 07:00:01,3,Monstera Deliciosa,1424,81.0,Soggy
2026-08-28 07:30:00,1,Gynura Aurantiaca,2309,43.0,Moist
2026-08-28 07:30:01,2,Tradescantia Zebrina,2719,25.0,Moist
2026-08-28 07:30:01,3,Monstera Deliciosa,1446,80.0,Optimal
2026-08-28 08:00:00,1,Gynura Aurantiaca,2308,43.0,Moist
2026-08-28 08:00:01,2,Tradescantia Zebrina,2720,25.0,Moist
2026-08-28 08:00:02,3,Monstera Deliciosa,1431,81.0,Soggy
2026-08-28 08:30:00,2,Tradescantia Zebrina,2749,23.0,Moist
2026-08-28 08:30:01,1,Gynura Aurantiaca,2339,41.0,Moist
2026-08-28 08:30:01,3,Monstera Deliciosa,1452,80.0,Optimal
2026-08-28 09:00:00,3,Monstera Deliciosa,1441,80.0,Optimal
2026-08-28 09:00:01,2,Tradescantia Zebrina,2727,24.0,Moist
2026-08-28 09:00:01,1,Gynura Aurantiaca,2320,42.0,Moist
2026-08-28 09:30:00,3,Monstera Deliciosa,1446,80.0,Optimal
2026-08-28 09:30:01,1,Gynura Aurantiaca,2319,42.0,Moist
2026-08-28 09:30:01,2,Tradescantia Zebrina,2730,24.0,Moist
2026-08-28 10:00:00,2,Tradescantia Zebrina,2747,24.0,Moist
2026-08-28 10:00:01,1,Gynura Aurantiaca,2322,42.0,Moist
2026-08-28 10:00:01,3,Monstera Deliciosa,1454,80.0,Optimal
2026-08-28 10:30:01,2,Tradescantia Zebrina,2738,24.0,Moist
2026-08-28 10:30:01,1,Gynura Aurantiaca,2329,42.0,Moist
2026-08-28 10:30:01,3,Monstera Deliciosa,1456,80.0,Optimal
2026-08-28 11:00:00,1,Gynura Aurantiaca,2325,42.0,Moist
2026-08-28 11:00:01,3,Monstera Deliciosa,1425,81.0,Soggy
2026-08-28 11:00:01,2,Tradescantia Zebrina,2746,24.0,Moist
2026-08-28 11:30:01,1,Gynura Aurantiaca,2342,41.0,Moist
2026-08-28 11:30:01,2,Tradescantia Zebrina,2737,24.0,Moist
2026-08-28 11:30:01,3,Monstera Deliciosa,1424,81.0,Soggy
2026-08-28 12:00:01,3,Monstera Deliciosa,1463,79.0,Optimal
2026-08-28 12:00:01,2,Tradescantia Zebrina,2742,24.0,Moist
2026-08-28 12:00:02,1,Gynura Aurantiaca,2337,41.0,Moist
2026-08-28 12:30:01,2,Tradescantia Zebrina,2756,23.0,Moist
2026-08-28 12:30:01,1,Gynura Aurantiaca,2334,42.0,Moist
2026-08-28 12:30:01,3,Monstera Deliciosa,1439,80.0,Optimal
2026-08-28 13:00:01,3,Monstera Deliciosa,1459,80.0,Optimal
2026-08-28 13:00:01,2,Tradescantia Zebrina,2752,23.0,Moist
2026-08-28 13:00:02,1,Gynura Aurantiaca,2343,41.0,Moist
2026-08-28 13:30:01,1,Gynura Aurantiaca,2359,40.0,Moist
2026-08-28 13:30:01,3,Monstera Deliciosa,1457,80.0,Optimal
2026-08-28 13:30:02,2,Tradescantia Zebrina,2768,23.0,Moist
2026-08-28 14:00:00,1,Gynura Aurantiaca,2338,41.0,Moist
2026-08-28 14:00:01,3,Monstera Deliciosa,1452,80.0,Optimal
2026-08-28 14:00:01,2,Tradescantia Zebrina,2763,23.0,Moist
2026-08-28 14:30:01,2,Tradescantia Zebrina,2768,23.0,Moist
2026-08-28 14:30:01,1,Gynura Aurantiaca,2350,41.0,Moist
2026-08-28 14:30:01,3,Monstera Deliciosa,1434,81.0,Soggy
2026-08-28 15:00:01,2,Tradescantia Zebrina,2782,22.0,Moist
2026-08-28 15:00:01,3,Monstera Deliciosa,1429,81.0,Soggy
2026-08-28 15:00:01,1,Gynura Aurantiaca,2354,41.0,Moist
2026-08-28 15:30:00,2,Tradescantia Zebrina,2757,23.0,Moist
2026-08-28 15:30:00,1,Gynura Aurantiaca,2359,40.0,Moist
2026-08-28 15:30:00,3,Monstera Deliciosa,1456,80.0,Optimal
2026-08-28 16:00:01,2,Tradescantia Zebrina,2777,22.0,Moist
2026-08-28 16:00:01,1,Gynura Aurantiaca,2367,40.0,Moist
2026-08-28 16:00:01,3,Monstera Deliciosa,1456,80.0,Optimal
2026-08-28 16:30:01,2,Tradescantia Zebrina,2784,22.0,Moist
2026-08-28 16:30:02,1,Gynura Aurantiaca,2358,40.0,Moist
2026-08-28 16:30:02,3,Monstera Deliciosa,1473,79.0,Optimal
2026-08-28 17:00:00,2,Tradescantia Zebrina,2779,22.0,Moist
2026-08-28 17:00:01,1,Gynura Aurantiaca,2352,41.0,Moist
2026-08-28 17:00:01,3,Monstera Deliciosa,1440,80.0,Optimal
2026-08-28 17:30:00,3,Monstera Deliciosa,1458,80.0,Optimal
2026-08-28 17:30:01,2,Tradescantia Zebrina,2795,21.0,Moist
2026-08-28 17:30:02,1,Gynura Aurantiaca,2366,40.0,Moist
2026-08-28 18:00:01,3,Monstera Deliciosa,1448,80.0,Optimal
2026-08-28 18:00:01,2,Tradescantia Zebrina,2793,22.0,Moist
2026-08-28 18:00:02,1,Gynura Aurantiaca,2373,40.0,Moist
2026-08-28 18:30:00,2,Tradescantia Zebrina,2778,22.0,Moist
2026-08-28 18:30:01,1,Gynura Aurantiaca,2369,40.0,Moist
2026-08-28 18:30:01,3,Monstera Deliciosa,1442,80.0,Optimal
2026-08-28 19:00:00,3,Monstera Deliciosa,1443,80.0,Optimal
2026-08-28 19:00:01,2,Tradescantia Zebrina,2781,22.0,Moist
2026-08-28 19:00:01,1,Gynura Aurantiaca,2357,41.0,Moist
2026-08-28 19:30:01,1,Gynura Aurantiaca,2381,39.0,Moist
2026-08-28 19:30:01,3,Monstera Deliciosa,1451,80.0,Optimal
2026-08-28 19:30:02,2,Tradescantia Zebrina,2799,21.0,Moist
2026-08-28 20:00:01,2,Tradescantia Zebrina,2791,22.0,Moist
2026-08-28 20:00:01,1,Gynura Aurantiaca,2380,40.0,Moist
2026-08-28 20:00:01,3,Monstera Deliciosa,1440,80.0,Optimal
2026-08-28 20:30:00,2,Tradescantia Zebrina,2783,22.0,Moist
2026-08-28 20:30:00,1,Gynura Aurantiaca,2364,40.0,Moist
2026-08-28 20:30:01,3,Monstera Deliciosa,1453,80.0,Optimal
2026-08-28 21:00:01,1,Gynura Aurantiaca,2379,40.0,Moist
2026-08-28 21:00:01,2,Tradescantia Zebrina,2789,22.0,Moist
2026-08-28 21:00:01,3,Monstera Deliciosa,1448,80.0,Optimal
2026-08-28 21:30:00,3,Monstera Deliciosa,1450,80.0,Optimal
2026-08-28 21:30:01,1,Gynura Aurantiaca,2379,40.0,Moist
2026-08-28 21:30:01,2,Tradescantia Zebrina,2795,21.0,Moist
2026-08-28 22:00:00,2,Tradescantia Zebrina,2813,21.0,Moist
2026-08-28 22:00:01,3,Monstera Deliciosa,1442,80.0,Optimal
2026-08-28 22:00:01,1,Gynura Aurantiaca,2384,39.0,Moist
2026-08-28 22:30:00,1,Gynura Aurantiaca,1535,76.0,Optimal
2026-08-28 22:30:00,2,Tradescantia Zebrina,1629,72.0,Optimal
2026-08-28 22:30:01,3,Monstera Deliciosa,1445,80.0,Optimal
2026-08-28 23:00:00,3,Monstera Deliciosa,1454,80.0,Optimal
2026-08-28 23:00:01,2,Tradescantia Zebrina,1596,74.0,Optimal
2026-08-28 23:00:01,1,Gynura Aurantiaca,1568,75.0,Optimal
2026-08-28 23:30:01,3,Monstera Deliciosa,1479,79.0,Optimal
2026-08-28 23:30:01,1,Gynura Aurantiaca,1584,74.0,Optimal
2026-08-28 23:30:01,2,Tradescantia Zebrina,1595,74.0,Optimal
2026-08-29 00:00:01,1,Gynura Aurantiaca,1567,75.0,Optimal
2026-08-29 00:00:01,2,Tradescantia Zebrina,1600,73.0,Optimal
2026-08-29 00:00:01,3,Monstera Deliciosa,1461,79.0,Optimal
2026-08-29 00:30:01,3,Monstera Deliciosa,1435,81.0,Soggy
2026-08-29 00:30:01,1,Gynura Aurantiaca,1579,74.0,Optimal
2026-08-29 00:30:02,2,Tradescantia Zebrina,1613,73.0,Optimal
2026-08-29 01:00:01,1,Gynura Aurantiaca,1583,74.0,Optimal
2026-08-29 01:00:01,2,Tradescantia Zebrina,1616,73.0,Optimal
2026-08-29 01:00:01,3,Monstera Deliciosa,1467,79.0,Optimal
2026-08-29 01:30:01,2,Tradescantia Zebrina,1617,73.0,Optimal
2026-08-29 01:30:01,3,Monstera Deliciosa,1436,81.0,Soggy
2026-08-29 01:30:01,1,Gynura Aurantiaca,1591,74.0,Optimal
2026-08-29 02:00:01,1,Gynura Aurantiaca,1604,73.0,Optimal
2026-08-29 02:00:01,2,Tradescantia Zebrina,1616,73.0,Optimal
2026-08-29 02:00:02,3,Monstera Deliciosa,1454,80.0,Optimal
2026-08-29 02:30:01,2,Tradescantia Zebrina,1604,73.0,Optimal
2026-08-29 02:30:01,3,Monstera Deliciosa,1467,79.0,Optimal
2026-08-29 02:30:01,1,Gynura Aurantiaca,1595,74.0,Optimal
2026-08-29 03:00:00,1,Gynura Aurantiaca,1607,73.0,Optimal
2026-08-29 03:00:00,3,Monstera Deliciosa,1443,80.0,Optimal
2026-08-29 03:00:01,2,Tradescantia Zebrina,1631,72.0,Optimal
2026-08-29 03:30:01,3,Monstera Deliciosa,1456,80.0,Optimal
2026-08-29 03:30:01,1,Gynura Aurantiaca,1609,73.0,Optimal
2026-08-29 03:30:01,2,Tradescantia Zebrina,1619,73.0,Optimal
2026-08-29 04:00:01,1,Gynura Aurantiaca,1611,73.0,Optimal
2026-08-29 04:00:01,3,Monstera Deliciosa,1454,80.0,Optimal
2026-08-29 04:00:01,2,Tradescantia Zebrina,1633,72.0,Optimal
2026-08-29 04:30:00,1,Gynura Aurantiaca,1610,73.0,Optimal
2026-08-29 04:30:00,2,Tradescantia Zebrina,1650,71.0,Optimal
2026-08-29 04:30:01,3,Monstera Deliciosa,1461,79.0,Optimal
2026-08-29 05:00:00,1,Gynura Aurantiaca,1616,73.0,Optimal
2026-08-29 05:00:01,3,Monstera Deliciosa,1455,80.0,Optimal
2026-08-29 05:00:01,2,Tradescantia Zebrina,1646,71.0,Optimal
2026-08-29 05:30:01,1,Gynura Aurantiaca,1609,73.0,Optimal
2026-08-29 05:30:01,2,Tradescantia Zebrina,1663,71.0,Optimal
2026-08-29 05:30:01,3,Monstera Deliciosa,1471,79.0,Optimal
2026-08-29 06:00:01,2,Tradescantia Zebrina,1638,72.0,Optimal
2026-08-29 06:00:01,3,Monstera Deliciosa,1467,79.0,Optimal
2026-08-29 06:00:01,1,Gynura Aurantiaca,1627,72.0,Optimal
2026-08-29 06:30:01,1,Gynura Aurantiaca,1633,72.0,Optimal
2026-08-29 06:30:01,2,Tradescantia Zebrina,1661,71.0,Optimal
2026-08-29 06:30:01,3,Monstera Deliciosa,1462,79.0,Optimal
2026-08-29 07:00:01,3,Monstera Deliciosa,1471,79.0,Optimal
2026-08-29 07:00:01,1,Gynura Aurantiaca,1621,73.0,Optimal
2026-08-29 07:00:01,2,Tradescantia Zebrina,1666,71.0,Optimal
2026-08-29 07:30:01,1,Gynura Aurantiaca,1649,71.0,Optimal
2026-08-29 07:30:01,2,Tradescantia Zebrina,1664,71.0,Optimal
2026-08-29 07:30:01,3,Monstera Deliciosa,1482,79.0,Optimal
2026-08-29 08:00:02,1,Gynura Aurantiaca,1639,72.0,Optimal
2026-08-29 08:00:02,3,Monstera Deliciosa,1488,78.0,Optimal
2026-08-29 08:00:02,2,Tradescantia Zebrina,1684,70.0,Optimal
2026-08-29 08:30:01,1,Gynura Aurantiaca,1637,72.0,Optimal
2026-08-29 08:30:01,3,Monstera Deliciosa,1457,80.0,Optimal
2026-08-29 08:30:01,2,Tradescantia Zebrina,1680,70.0,Optimal
2026-08-29 09:00:01,1,Gynura Aurantiaca,1647,71.0,Optimal
2026-08-29 09:00:01,2,Tradescantia Zebrina,1680,70.0,Optimal
2026-08-29 09:00:01,3,Monstera Deliciosa,1479,79.0,Optimal
2026-08-29 09:30:01,1,Gynura Aurantiaca,1643,72.0,Optimal
2026-08-29 09:30:02,2,Tradescantia Zebrina,1696,69.0,Optimal
2026-08-29 09:30:02,3,Monstera Deliciosa,1463,79.0,Optimal
2026-08-29 10:00:01,1,Gynura Aurantiaca,1652,71.0,Optimal
2026-08-29 10:00:01,3,Monstera Deliciosa,1483,79.0,Optimal
2026-08-29 10:00:01,2,Tradescantia Zebrina,1689,70.0,Optimal
2026-08-29 10:30:00,3,Monstera Deliciosa,1476,79.0,Optimal
2026-08-29 10:30:01,1,Gynura Aurantiaca,1647,71.0,Optimal
2026-08-29 10:30:01,2,Tradescantia Zebrina,1698,69.0,Optimal
2026-08-29 11:00:00,1,Gynura Aurantiaca,1648,71.0,Optimal
2026-08-29 11:00:00,3,Monstera Deliciosa,1463,79.0,Optimal
2026-08-29 11:00:01,2,Tradescantia Zebrina,1678,70.0,Optimal
2026-08-29 11:30:00,1,Gynura Aurantiaca,1664,71.0,Optimal
2026-08-29 11:30:01,3,Monstera Deliciosa,1477,79.0,Optimal
2026-08-29 11:30:02,2,Tradescantia Zebrina,1711,69.0,Optimal
2026-08-29 12:00:01,1,Gynura Aurantiaca,1659,71.0,Optimal
2026-08-29 12:00:01,3,Monstera Deliciosa,1459,80.0,Optimal
2026-08-29 12:00:02,2,Tradescantia Zebrina,1710,69.0,Optimal
2026-08-29 12:30:01,1,Gynura Aurantiaca,1669,70.0,Optimal
2026-08-29 12:30:01,3,Monstera Deliciosa,1477,79.0,Optimal
2026-08-29 12:30:01,2,Tradescantia Zebrina,1701,69.0,Optimal
2026-08-29 13:00:00,1,Gynura Aurantiaca,1666,71.0,Optimal
2026-08-29 13:00:00,2,Tradescantia Zebrina,1706,69.0,Optimal
2026-08-29 13:00:00,3,Monstera Deliciosa,1487,78.0,Optimal
2026-08-29 13:30:00,1,Gynura Aurantiaca,1666,71.0,Optimal
2026-08-29 13:30:01,2,Tradescantia Zebrina,1713,69.0,Optimal
2026-08-29 13:30:01,3,Monstera Deliciosa,1488,78.0,Optimal
2026-08-29 14:00:00,1,Gynura Aurantiaca,1671,70.0,Optimal
2026-08-29 14:00:01,2,Tradescantia Zebrina,1722,68.0,Optimal
2026-08-29 14:00:01,3,Monstera Deliciosa,1491,78.0,Optimal
2026-08-29 14:30:00,2,Tradescantia Zebrina,1715,68.0,Optimal
2026-08-29 14:30:01,3,Monstera Deliciosa,1473,79.0,Optimal
2026-08-29 14:30:01,1,Gynura Aurantiaca,1675,70.0,Optimal
2026-08-29 15:00:00,2,Tradescantia Zebrina,1723,68.0,Optimal
2026-08-29 15:00:01,3,Monstera Deliciosa,1475,79.0,Optimal
2026-08-29 15:00:01,1,Gynura Aurantiaca,1684,70.0,Optimal
2026-08-29 15:30:00,3,Monstera Deliciosa,1477,79.0,Optimal
2026-08-29 15:30:00,1,Gynura Aurantiaca,1684,70.0,Optimal
2026-08-29 15:30:01,2,Tradescantia Zebrina,1730,68.0,Optimal
2026-08-29 16:00:00,3,Monstera Deliciosa,1472,79.0,Optimal
2026-08-29 16:00:01,1,Gynura Aurantiaca,1686,70.0,Optimal
2026-08-29 16:00:01,2,Tradescantia Zebrina,1741,67.0,Optimal
2026-08-29 16:30:01,3,Monstera Deliciosa,1487,78.0,Optimal
2026-08-29 16:30:01,1,Gynura Aurantiaca,1695,69.0,Optimal
2026-08-29 16:30:01,2,Tradescantia Zebrina,1742,67.0,Optimal
2026-08-29 17:00:01,1,Gynura Aurantiaca,1697,69.0,Optimal
2026-08-29 17:00:01,3,Monstera Deliciosa,1476,79.0,Optimal
2026-08-29 17:00:01,2,Tradescantia Zebrina,1738,67.0,Optimal
2026-08-29 17:30:00,3,Monstera Deliciosa,1475,79.0,Optimal
2026-08-29 17:30:01,1,Gynura Aurantiaca,1703,69.0,Optimal
2026-08-29 17:30:02,2,Tradescantia Zebrina,1742,67.0,Optimal
2026-08-29 18:00:01,1,Gynura Aurantiaca,1705,69.0,Optimal
2026-08-29 18:00:01,3,Monstera Deliciosa,1477,79.0,Optimal
2026-08-29 18:00:01,2,Tradescantia Zebrina,1761,66.0,Optimal
2026-08-29 18:30:01,2,Tradescantia Zebrina,1741,67.0,Optimal
2026-08-29 18:30:01,1,Gynura Aurantiaca,1710,69.0,Optimal
2026-08-29 18:30:01,3,Monstera Deliciosa,1460,80.0,Optimal
2026-08-29 19:00:01,3,Monstera Deliciosa,1483,79.0,Optimal
2026-08-29 19:00:01,1,Gynura Aurantiaca,1705,69.0,Optimal
2026-08-29 19:00:01,2,Tradescantia Zebrina,1757,67.0,Optimal
2026-08-29 19:30:01,2,Tradescantia Zebrina,1766,66.0,Optimal
2026-08-29 19:30:01,3,Monstera Deliciosa,1466,79.0,Optimal
2026-08-29 19:30:02,1,Gynura Aurantiaca,1703,69.0,Optimal
2026-08-29 20:00:01,3,Monstera Deliciosa,1471,79.0,Optimal
2026-08-29 20:00:01,1,Gynura Aurantiaca,1710,69.0,Optimal
2026-08-29 20:00:01,2,Tradescantia Zebrina,1747,67.0,Optimal
2026-08-29 20:30:01,2,Tradescantia Zebrina,1775,66.0,Optimal
2026-08-29 20:30:01,3,Monstera Deliciosa,1477,79.0,Optimal
2026-08-29 20:30:01,1,Gynura Aurantiaca,1712,69.0,Optimal
2026-08-29 21:00:00,3,Monstera Deliciosa,1481,79.0,Optimal
2026-08-29 21:00:01,1,Gynura Aurantiaca,1715,68.0,Optimal
2026-08-29 21:00:01,2,Tradescantia Zebrina,1765,66.0,Optimal
2026-08-29 21:30:01,2,Tradescantia Zebrina,1781,66.0,Optimal
2026-08-29 21:30:01,3,Monstera Deliciosa,1476,79.0,Optimal
2026-08-29 21:30:02,1,Gynura Aurantiaca,1712,69.0,Optimal
2026-08-29 22:00:01,1,Gynura Aurantiaca,1708,69.0,Optimal
2026-08-29 22:00:01,2,Tradescantia Zebrina,1790,65.0,Optimal
2026-08-29 22:00:02,3,Monstera Deliciosa,1457,80.0,Optimal
2026-08-29 22:30:00,2,Tradescantia Zebrina,1787,65.0,Optimal
2026-08-29 22:30:01,3,Monstera Deliciosa,1469,79.0,Optimal
2026-08-29 22:30:01,1,Gynura Aurantiaca,1719,68.0,Optimal
2026-08-29 23:00:00,3,Monstera Deliciosa,1488,78.0,Optimal
2026-08-29 23:00:01,1,Gynura Aurantiaca,1713,69.0,Optimal
2026-08-29 23:00:01,2,Tradescantia Zebrina,1787,65.0,Optimal
2026-08-29 23:30:00,3,Monstera Deliciosa,1471,79.0,Optimal
2026-08-29 23:30:01,1,Gynura Aurantiaca,1727,68.0,Optimal
2026-08-29 23:30:01,2,Tradescantia Zebrina,1787,65.0,Optimal
2026-08-30 00:00:00,1,Gynura Aurantiaca,1743,67.0,Optimal
2026-08-30 00:00:00,3,Monstera Deliciosa,1488,78.0,Optimal
2026-08-30 00:00:00,2,Tradescantia Zebrina,1797,65.0,Optimal
2026-08-30 00:30:00,1,Gynura Aurantiaca,1739,67.0,Optimal
2026-08-30 00:30:01,3,Monstera Deliciosa,1503,78.0,Optimal
2026-08-30 00:30:01,2,Tradescantia Zebrina,1811,64.0,Optimal
2026-08-30 01:00:01,1,Gynura Aurantiaca,1738,67.0,Optimal
2026-08-30 01:00:01,2,Tradescantia Zebrina,1812,64.0,Optimal
2026-08-30 01:00:01,3,Monstera Deliciosa,1470,79.0,Optimal
2026-08-30 01:30:00,3,Monstera Deliciosa,1478,79.0,Optimal
2026-08-30 01:30:00,2,Tradescantia Zebrina,1830,63.0,Optimal
2026-08-30 01:30:01,1,Gynura Aurantiaca,1748,67.0,Optimal
2026-08-30 02:00:00,1,Gynura Aurantiaca,1739,67.0,Optimal
2026-08-30 02:00:01,3,Monstera Deliciosa,1472,79.0,Optimal
2026-08-30 02:00:01,2,Tradescantia Zebrina,1824,64.0,Optimal
2026-08-30 02:30:01,1,Gynura Aurantiaca,1733,68.0,Optimal
2026-08-30 02:30:01,3,Monstera Deliciosa,1461,79.0,Optimal
2026-08-30 02:30:01,2,Tradescantia Zebrina,1827,64.0,Optimal
2026-08-30 03:00:00,3,Monstera Deliciosa,1477,79.0,Optimal
2026-08-30 03:00:00,2,Tradescantia Zebrina,1825,64.0,Optimal
2026-08-30 03:00:01,1,Gynura Aurantiaca,1746,67.0,Optimal
2026-08-30 03:30:00,3,Monstera Deliciosa,1474,79.0,Optimal
2026-08-30 03:30:02,1,Gynura Aurantiaca,1744,67.0,Optimal
2026-08-30 03:30:02,2,Tradescantia Zebrina,1829,63.0,Optimal
2026-08-30 04:00:10,2,Tradescantia Zebrina,1840,63.0,Optimal
2026-08-30 04:00:11,3,Monstera Deliciosa,1473,79.0,Optimal
2026-08-30 04:00:11,1,Gynura Aurantiaca,1753,67.0,Optimal
2026-08-30 04:30:03,2,Tradescantia Zebrina,1839,63.0,Optimal
2026-08-30 04:30:03,3,Monstera Deliciosa,1495,78.0,Optimal
2026-08-30 04:30:03,1,Gynura Aurantiaca,1763,66.0,Optimal
2026-08-30 05:00:01,2,Tradescantia Zebrina,1845,63.0,Optimal
2026-08-30 05:00:01,3,Monstera Deliciosa,1487,78.0,Optimal
2026-08-30 05:00:02,1,Gynura Aurantiaca,1776,66.0,Optimal
2026-08-30 05:30:01,3,Monstera Deliciosa,1493,78.0,Optimal
2026-08-30 05:30:01,1,Gynura Aurantiaca,1754,67.0,Optimal
2026-08-30 05:30:02,2,Tradescantia Zebrina,1849,63.0,Optimal
2026-08-30 06:00:01,2,Tradescantia Zebrina,1835,63.0,Optimal
2026-08-30 06:00:01,1,Gynura Aurantiaca,1776,66.0,Optimal
2026-08-30 06:00:01,3,Monstera Deliciosa,1481,79.0,Optimal
2026-08-30 06:30:00,3,Monstera Deliciosa,1490,78.0,Optimal
2026-08-30 06:30:01,2,Tradescantia Zebrina,1867,62.0,Optimal
2026-08-30 06:30:01,1,Gynura Aurantiaca,1767,66.0,Optimal
2026-08-30 07:00:01,1,Gynura Aurantiaca,1779,66.0,Optimal
2026-08-30 07:00:01,2,Tradescantia Zebrina,1854,62.0,Optimal
2026-08-30 07:00:01,3,Monstera Deliciosa,1489,78.0,Optimal
2026-08-30 07:30:01,2,Tradescantia Zebrina,1866,62.0,Optimal
2026-08-30 07:30:01,1,Gynura Aurantiaca,1773,66.0,Optimal
2026-08-30 07:30:01,3,Monstera Deliciosa,1483,79.0,Optimal
2026-08-30 08:00:00,1,Gynura Aurantiaca,1781,66.0,Optimal
2026-08-30 08:00:00,3,Monstera Deliciosa,1487,78.0,Optimal
2026-08-30 08:00:01,2,Tradescantia Zebrina,1872,62.0,Optimal
2026-08-30 08:30:00,1,Gynura Aurantiaca,1769,66.0,Optimal
2026-08-30 08:30:00,2,Tradescantia Zebrina,1869,62.0,Optimal
2026-08-30 08:30:01,3,Monstera Deliciosa,1476,79.0,Optimal
2026-08-30 09:00:00,2,Tradescantia Zebrina,1887,61.0,Optimal
2026-08-30 09:00:00,1,Gynura Aurantiaca,1768,66.0,Optimal
2026-08-30 09:00:01,3,Monstera Deliciosa,1505,78.0,Optimal
2026-08-30 09:30:01,3,Monstera Deliciosa,1467,79.0,Optimal
2026-08-30 09:30:01,2,Tradescantia Zebrina,1861,62.0,Optimal
2026-08-30 09:30:01,1,Gynura Aurantiaca,1776,66.0,Optimal
2026-08-30 10:00:01,3,Monstera Deliciosa,1492,78.0,Optimal
2026-08-30 10:00:01,2,Tradescantia Zebrina,1884,61.0,Optimal
2026-08-30 10:00:01,1,Gynura Aurantiaca,1791,65.0,Optimal
2026-08-30 10:30:00,2,Tradescantia Zebrina,1882,61.0,Optimal
2026-08-30 10:30:01,3,Monstera Deliciosa,1499,78.0,Optimal
2026-08-30 10:30:01,1,Gynura Aurantiaca,1774,66.0,Optimal
2026-08-30 11:00:01,2,Tradescantia Zebrina,1871,62.0,Optimal
2026-08-30 11:00:01,3,Monstera Deliciosa,1498,78.0,Optimal
2026-08-30 11:00:01,1,Gynura Aurantiaca,1777,66.0,Optimal
2026-08-30 11:30:00,3,Monstera Deliciosa,1493,78.0,Optimal
2026-08-30 11:30:01,1,Gynura Aurantiaca,1781,66.0,Optimal
2026-08-30 11:30:01,2,Tradescantia Zebrina,1895,61.0,Optimal
2026-08-30 12:00:01,2,Tradescantia Zebrina,1888,61.0,Optimal
2026-08-30 12:00:01,3,Monstera Deliciosa,1498,78.0,Optimal
2026-08-30 12:00:01,1,Gynura Aurantiaca,1785,65.0,Optimal
2026-08-30 12:30:01,1,Gynura Aurantiaca,1799,65.0,Optimal
2026-08-30 12:30:01,2,Tradescantia Zebrina,1911,60.0,Optimal
2026-08-30 12:30:01,3,Monstera Deliciosa,1506,78.0,Optimal
2026-08-30 13:00:01,3,Monstera Deliciosa,1482,79.0,Optimal
2026-08-30 13:00:01,1,Gynura Aurantiaca,1791,65.0,Optimal
2026-08-30 13:00:01,2,Tradescantia Zebrina,1906,60.0,Optimal
2026-08-30 13:30:00,1,Gynura Aurantiaca,1799,65.0,Optimal
2026-08-30 13:30:01,2,Tradescantia Zebrina,1915,60.0,Optimal
2026-08-30 13:30:01,3,Monstera Deliciosa,1495,78.0,Optimal
2026-08-30 14:00:00,3,Monstera Deliciosa,1491,78.0,Optimal
2026-08-30 14:00:01,1,Gynura Aurantiaca,1814,64.0,Optimal
2026-08-30 14:00:01,2,Tradescantia Zebrina,1907,60.0,Optimal
2026-08-30 14:30:00,3,Monstera Deliciosa,1473,79.0,Optimal
2026-08-30 14:30:01,1,Gynura Aurantiaca,1803,65.0,Optimal
2026-08-30 14:30:01,2,Tradescantia Zebrina,1923,59.0,Optimal
2026-08-30 15:00:00,1,Gynura Aurantiaca,1815,64.0,Optimal
2026-08-30 15:00:01,3,Monstera Deliciosa,1488,78.0,Optimal
2026-08-30 15:00:02,2,Tradescantia Zebrina,1938,59.0,Optimal
2026-08-30 15:30:01,2,Tradescantia Zebrina,1926,59.0,Optimal
2026-08-30 15:30:01,1,Gynura Aurantiaca,1817,64.0,Optimal
2026-08-30 15:30:01,3,Monstera Deliciosa,1514,77.0,Optimal
2026-08-30 16:00:01,3,Monstera Deliciosa,1500,78.0,Optimal
2026-08-30 16:00:01,2,Tradescantia Zebrina,1942,59.0,Optimal
2026-08-30 16:00:02,1,Gynura Aurantiaca,1809,64.0,Optimal
2026-08-30 16:30:01,3,Monstera Deliciosa,1491,78.0,Optimal
2026-08-30 16:30:01,1,Gynura Aurantiaca,1822,64.0,Optimal
2026-08-30 16:30:02,2,Tradescantia Zebrina,1933,59.0,Optimal
2026-08-30 17:00:00,1,Gynura Aurantiaca,1833,63.0,Optimal
2026-08-30 17:00:01,3,Monstera Deliciosa,1488,78.0,Optimal
2026-08-30 17:00:01,2,Tradescantia Zebrina,1935,59.0,Optimal
2026-08-30 17:30:00,3,Monstera Deliciosa,1489,78.0,Optimal
2026-08-30 17:30:01,1,Gynura Aurantiaca,1826,64.0,Optimal
2026-08-30 17:30:02,2,Tradescantia Zebrina,1953,58.0,Optimal
2026-08-30 18:00:00,3,Monstera Deliciosa,1494,78.0,Optimal
2026-08-30 18:00:01,1,Gynura Aurantiaca,1818,64.0,Optimal
2026-08-30 18:00:01,2,Tradescantia Zebrina,1943,59.0,Optimal
2026-08-30 18:30:01,3,Monstera Deliciosa,1475,79.0,Optimal
2026-08-30 18:30:01,1,Gynura Aurantiaca,1826,64.0,Optimal
2026-08-30 18:30:01,2,Tradescantia Zebrina,1941,59.0,Optimal
2026-08-30 19:00:01,2,Tradescantia Zebrina,1942,59.0,Optimal
2026-08-30 19:00:01,3,Monstera Deliciosa,1479,79.0,Optimal
2026-08-30 19:00:01,1,Gynura Aurantiaca,1823,64.0,Optimal
2026-08-30 19:30:00,3,Monstera Deliciosa,1504,78.0,Optimal
2026-08-30 19:30:01,1,Gynura Aurantiaca,1823,64.0,Optimal
2026-08-30 19:30:01,2,Tradescantia Zebrina,1939,59.0,Optimal
2026-08-30 20:00:00,3,Monstera Deliciosa,1475,79.0,Optimal
2026-08-30 20:00:01,2,Tradescantia Zebrina,1954,58.0,Optimal
2026-08-30 20:00:01,1,Gynura Aurantiaca,1829,63.0,Optimal
2026-08-30 20:30:00,2,Tradescantia Zebrina,1957,58.0,Optimal
2026-08-30 20:30:01,1,Gynura Aurantiaca,1840,63.0,Optimal
2026-08-30 20:30:01,3,Monstera Deliciosa,1478,79.0,Optimal
2026-08-30 21:00:01,2,Tradescantia Zebrina,1954,58.0,Optimal
2026-08-30 21:00:01,1,Gynura Aurantiaca,1839,63.0,Optimal
2026-08-30 21:00:01,3,Monstera Deliciosa,1483,79.0,Optimal
2026-08-30 21:30:00,1,Gynura Aurantiaca,1837,63.0,Optimal
2026-08-30 21:30:00,3,Monstera Deliciosa,1475,79.0,Optimal
2026-08-30 21:30:01,2,Tradescantia Zebrina,1968,57.0,Optimal
2026-08-30 22:00:00,1,Gynura Aurantiaca,1839,63.0,Optimal
2026-08-30 22:00:01,3,Monstera Deliciosa,1490,78.0,Optimal
2026-08-30 22:00:01,2,Tradescantia Zebrina,1962,58.0,Optimal
2026-08-30 22:30:01,1,Gynura Aurantiaca,1818,64.0,Optimal
2026-08-30 22:30:01,3,Monstera Deliciosa,1494,78.0,Optimal
2026-08-30 22:30:01,2,Tradescantia Zebrina,1965,58.0,Optimal
2026-08-30 23:00:01,2,Tradescantia Zebrina,1958,58.0,Optimal
2026-08-30 23:00:01,1,Gynura Aurantiaca,1831,63.0,Optimal
2026-08-30 23:00:02,3,Monstera Deliciosa,1491,78.0,Optimal
2026-08-30 23:30:01,1,Gynura Aurantiaca,1840,63.0,Optimal
2026-08-30 23:30:01,3,Monstera Deliciosa,1488,78.0,Optimal
2026-08-30 23:30:02,2,Tradescantia Zebrina,1958,58.0,Optimal
2026-08-31 00:00:01,3,Monstera Deliciosa,1477,79.0,Optimal
2026-08-31 00:00:01,2,Tradescantia Zebrina,1975,57.0,Optimal
2026-08-31 00:00:01,1,Gynura Aurantiaca,1848,63.0,Optimal
2026-08-31 00:30:03,3,Monstera Deliciosa,1491,78.0,Optimal
2026-08-31 00:30:04,2,Tradescantia Zebrina,1963,58.0,Optimal
2026-08-31 00:30:05,1,Gynura Aurantiaca,1850,63.0,Optimal
2026-08-31 01:00:01,2,Tradescantia Zebrina,1970,57.0,Optimal
2026-08-31 01:00:01,1,Gynura Aurantiaca,1855,62.0,Optimal
2026-08-31 01:00:01,3,Monstera Deliciosa,1500,78.0,Optimal
2026-08-31 01:30:01,1,Gynura Aurantiaca,1847,63.0,Optimal
2026-08-31 01:30:01,2,Tradescantia Zebrina,1966,58.0,Optimal
2026-08-31 01:30:02,3,Monstera Deliciosa,1488,78.0,Optimal
2026-08-31 02:00:01,2,Tradescantia Zebrina,1982,57.0,Optimal
2026-08-31 02:00:01,1,Gynura Aurantiaca,1856,62.0,Optimal
2026-08-31 02:00:01,3,Monstera Deliciosa,1501,78.0,Optimal
2026-08-31 02:30:01,3,Monstera Deliciosa,1463,79.0,Optimal
2026-08-31 02:30:01,2,Tradescantia Zebrina,1979,57.0,Optimal
2026-08-31 02:30:02,1,Gynura Aurantiaca,1855,62.0,Optimal
2026-08-31 03:00:01,2,Tradescantia Zebrina,1978,57.0,Optimal
2026-08-31 03:00:01,3,Monstera Deliciosa,1487,78.0,Optimal
2026-08-31 03:00:01,1,Gynura Aurantiaca,1868,62.0,Optimal
2026-08-31 03:30:00,3,Monstera Deliciosa,1498,78.0,Optimal
2026-08-31 03:30:01,2,Tradescantia Zebrina,2001,56.0,Optimal
2026-08-31 03:30:03,1,Gynura Aurantiaca,1853,62.0,Optimal
2026-08-31 04:00:00,3,Monstera Deliciosa,1488,78.0,Optimal
2026-08-31 04:00:01,2,Tradescantia Zebrina,1990,56.0,Optimal
2026-08-31 04:00:01,1,Gynura Aurantiaca,1886,61.0,Optimal
2026-08-31 04:30:00,1,Gynura Aurantiaca,1893,61.0,Optimal
2026-08-31 04:30:01,3,Monstera Deliciosa,1488,78.0,Optimal
2026-08-31 04:30:01,2,Tradescantia Zebrina,2015,55.0,Optimal
2026-08-31 05:00:00,2,Tradescantia Zebrina,2006,56.0,Optimal
2026-08-31 05:00:01,1,Gynura Aurantiaca,1890,61.0,Optimal
2026-08-31 05:00:01,3,Monstera Deliciosa,1474,79.0,Optimal
2026-08-31 05:30:00,3,Monstera Deliciosa,1485,78.0,Optimal
2026-08-31 05:30:01,2,Tradescantia Zebrina,2015,55.0,Optimal
2026-08-31 05:30:01,1,Gynura Aurantiaca,1903,60.0,Optimal
2026-08-31 06:00:00,3,Monstera Deliciosa,1498,78.0,Optimal
2026-08-31 06:00:01,2,Tradescantia Zebrina,2013,55.0,Optimal
2026-08-31 06:00:01,1,Gynura Aurantiaca,1905,60.0,Optimal
2026-08-31 06:30:00,2,Tradescantia Zebrina,2015,55.0,Optimal
2026-08-31 06:30:00,1,Gynura Aurantiaca,1909,60.0,Optimal
2026-08-31 06:30:01,3,Monstera Deliciosa,1515,77.0,Optimal
2026-08-31 07:00:00,2,Tradescantia Zebrina,2032,55.0,Optimal
2026-08-31 07:00:01,1,Gynura Aurantiaca,1923,59.0,Optimal
2026-08-31 07:00:01,3,Monstera Deliciosa,1497,78.0,Optimal
2026-08-31 07:30:00,3,Monstera Deliciosa,1498,78.0,Optimal
2026-08-31 07:30:01,1,Gynura Aurantiaca,1925,59.0,Optimal
2026-08-31 07:30:01,2,Tradescantia Zebrina,2013,55.0,Optimal
2026-08-31 08:00:01,3,Monstera Deliciosa,1488,78.0,Optimal
2026-08-31 08:00:01,1,Gynura Aurantiaca,1951,58.0,Optimal
2026-08-31 08:00:02,2,Tradescantia Zebrina,2022,55.0,Optimal
2026-08-31 08:30:01,1,Gynura Aurantiaca,1949,58.0,Optimal
2026-08-31 08:30:01,2,Tradescantia Zebrina,2010,56.0,Optimal
2026-08-31 08:30:02,3,Monstera Deliciosa,1475,79.0,Optimal
2026-08-31 09:00:01,2,Tradescantia Zebrina,2034,55.0,Optimal
2026-08-31 09:00:01,1,Gynura Aurantiaca,1957,58.0,Optimal
2026-08-31 09:00:01,3,Monstera Deliciosa,1489,78.0,Optimal
2026-08-31 09:30:00,1,Gynura Aurantiaca,1967,57.0,Optimal
2026-08-31 09:30:01,3,Monstera Deliciosa,1482,79.0,Optimal
2026-08-31 09:30:01,2,Tradescantia Zebrina,2043,54.0,Optimal
2026-08-31 10:00:01,1,Gynura Aurantiaca,1990,56.0,Optimal
2026-08-31 10:00:01,2,Tradescantia Zebrina,2057,54.0,Optimal
2026-08-31 10:00:01,3,Monstera Deliciosa,1472,79.0,Optimal
2026-08-31 10:30:00,2,Tradescantia Zebrina,2037,54.0,Optimal
2026-08-31 10:30:01,3,Monstera Deliciosa,1459,80.0,Optimal
2026-08-31 10:30:01,1,Gynura Aurantiaca,1970,57.0,Optimal
2026-08-31 11:00:00,1,Gynura Aurantiaca,1990,56.0,Optimal
2026-08-31 11:00:01,2,Tradescantia Zebrina,2045,54.0,Optimal
2026-08-31 11:00:02,3,Monstera Deliciosa,1477,79.0,Optimal
2026-08-31 11:30:01,1,Gynura Aurantiaca,1993,56.0,Optimal
2026-08-31 11:30:01,3,Monstera Deliciosa,1478,79.0,Optimal
2026-08-31 11:30:01,2,Tradescantia Zebrina,2064,53.0,Optimal
2026-08-31 12:00:00,3,Monstera Deliciosa,1493,78.0,Optimal
2026-08-31 12:00:01,2,Tradescantia Zebrina,2099,52.0,Optimal
2026-08-31 12:00:01,1,Gynura Aurantiaca,2023,55.0,Optimal
2026-08-31 12:30:01,3,Monstera Deliciosa,1482,79.0,Optimal
2026-08-31 12:30:01,1,Gynura Aurantiaca,2039,54.0,Optimal
2026-08-31 12:30:02,2,Tradescantia Zebrina,2124,51.0,Optimal
2026-08-31 13:00:01,3,Monstera Deliciosa,1471,79.0,Optimal
2026-08-31 13:00:01,2,Tradescantia Zebrina,2131,50.0,Moist
2026-08-31 13:00:01,1,Gynura Aurantiaca,2065,53.0,Optimal
2026-08-31 13:30:00,3,Monstera Deliciosa,1482,79.0,Optimal
2026-08-31 13:30:01,1,Gynura Aurantiaca,2088,52.0,Optimal
2026-08-31 13:30:02,2,Tradescantia Zebrina,2145,50.0,Moist
2026-08-31 14:00:01,3,Monstera Deliciosa,1470,79.0,Optimal
2026-08-31 14:00:01,2,Tradescantia Zebrina,2145,50.0,Moist
2026-08-31 14:00:01,1,Gynura Aurantiaca,2083,52.0,Optimal
2026-08-31 14:30:01,1,Gynura Aurantiaca,2097,52.0,Optimal
2026-08-31 14:30:01,3,Monstera Deliciosa,1475,79.0,Optimal
2026-08-31 14:30:02,2,Tradescantia Zebrina,2162,49.0,Moist
2026-08-31 15:00:00,3,Monstera Deliciosa,1472,79.0,Optimal
2026-08-31 15:00:01,2,Tradescantia Zebrina,2156,49.0,Moist
2026-08-31 15:00:01,1,Gynura Aurantiaca,2112,51.0,Optimal
2026-08-31 15:30:01,3,Monstera Deliciosa,1507,77.0,Optimal
2026-08-31 15:30:01,1,Gynura Aurantiaca,2102,52.0,Optimal
2026-08-31 15:30:02,2,Tradescantia Zebrina,2146,50.0,Moist
2026-08-31 16:00:01,2,Tradescantia Zebrina,1918,60.0,Optimal
2026-08-31 16:00:01,3,Monstera Deliciosa,1475,79.0,Optimal
2026-08-31 16:00:01,1,Gynura Aurantiaca,1599,73.0,Optimal
2026-08-31 16:30:01,2,Tradescantia Zebrina,1927,59.0,Optimal
2026-08-31 16:30:01,3,Monstera Deliciosa,1482,79.0,Optimal
2026-08-31 16:30:01,1,Gynura Aurantiaca,1629,72.0,Optimal
2026-08-31 17:00:01,2,Tradescantia Zebrina,1923,59.0,Optimal
2026-08-31 17:00:01,3,Monstera Deliciosa,1488,78.0,Optimal
2026-08-31 17:00:01,1,Gynura Aurantiaca,1625,72.0,Optimal
2026-08-31 17:30:00,2,Tradescantia Zebrina,1925,59.0,Optimal
2026-08-31 17:30:01,3,Monstera Deliciosa,1494,78.0,Optimal
2026-08-31 17:30:01,1,Gynura Aurantiaca,1635,72.0,Optimal
2026-08-31 18:00:01,2,Tradescantia Zebrina,1917,60.0,Optimal
2026-08-31 18:00:01,3,Monstera Deliciosa,1488,78.0,Optimal
2026-08-31 18:00:02,1,Gynura Aurantiaca,1633,72.0,Optimal
2026-08-31 18:30:01,3,Monstera Deliciosa,1489,78.0,Optimal
2026-08-31 18:30:01,2,Tradescantia Zebrina,1926,59.0,Optimal
2026-08-31 18:30:01,1,Gynura Aurantiaca,1626,72.0,Optimal
2026-08-31 19:00:00,2,Tradescantia Zebrina,1939,59.0,Optimal
2026-08-31 19:00:01,1,Gynura Aurantiaca,1655,71.0,Optimal
2026-08-31 19:00:01,3,Monstera Deliciosa,1505,78.0,Optimal
2026-08-31 19:30:00,1,Gynura Aurantiaca,1664,71.0,Optimal
2026-08-31 19:30:01,2,Tradescantia Zebrina,1925,59.0,Optimal
2026-08-31 19:30:01,3,Monstera Deliciosa,1504,78.0,Optimal
2026-08-31 20:00:01,1,Gynura Aurantiaca,1658,71.0,Optimal
2026-08-31 20:00:01,2,Tradescantia Zebrina,1938,59.0,Optimal
2026-08-31 20:00:01,3,Monstera Deliciosa,1487,78.0,Optimal
2026-08-31 20:30:01,3,Monstera Deliciosa,1493,78.0,Optimal
2026-08-31 20:30:01,1,Gynura Aurantiaca,1662,71.0,Optimal
2026-08-31 20:30:01,2,Tradescantia Zebrina,1941,59.0,Optimal
2026-08-31 21:00:00,1,Gynura Aurantiaca,1665,71.0,Optimal
2026-08-31 21:00:00,2,Tradescantia Zebrina,1931,59.0,Optimal
2026-08-31 21:00:01,3,Monstera Deliciosa,1478,79.0,Optimal
2026-08-31 21:30:00,1,Gynura Aurantiaca,1671,70.0,Optimal
2026-08-31 21:30:01,2,Tradescantia Zebrina,1936,59.0,Optimal
2026-08-31 21:30:01,3,Monstera Deliciosa,1507,77.0,Optimal
2026-08-31 22:00:01,1,Gynura Aurantiaca,1661,71.0,Optimal
2026-08-31 22:00:01,2,Tradescantia Zebrina,1942,59.0,Optimal
2026-08-31 22:00:01,3,Monstera Deliciosa,1486,78.0,Optimal
2026-08-31 22:30:01,3,Monstera Deliciosa,1489,78.0,Optimal
2026-08-31 22:30:01,1,Gynura Aurantiaca,1661,71.0,Optimal
2026-08-31 22:30:01,2,Tradescantia Zebrina,1945,58.0,Optimal
2026-08-31 23:00:01,1,Gynura Aurantiaca,1665,71.0,Optimal
2026-08-31 23:00:01,3,Monstera Deliciosa,1488,78.0,Optimal
2026-08-31 23:00:01,2,Tradescantia Zebrina,1945,58.0,Optimal
2026-08-31 23:30:00,3,Monstera Deliciosa,1478,79.0,Optimal
2026-08-31 23:30:01,1,Gynura Aurantiaca,1694,69.0,Optimal
2026-08-31 23:30:01,2,Tradescantia Zebrina,1957,58.0,Optimal
2026-09-01 00:00:00,1,Gynura Aurantiaca,1686,70.0,Optimal
2026-09-01 00:00:01,3,Monstera Deliciosa,1487,78.0,Optimal
2026-09-01 00:00:01,2,Tradescantia Zebrina,1974,57.0,Optimal
2026-09-01 00:30:00,1,Gynura Aurantiaca,1705,69.0,Optimal
2026-09-01 00:30:01,3,Monstera Deliciosa,1479,79.0,Optimal
2026-09-01 00:30:01,2,Tradescantia Zebrina,1984,57.0,Optimal
2026-09-01 01:00:00,3,Monstera Deliciosa,1487,78.0,Optimal
2026-09-01 01:00:00,2,Tradescantia Zebrina,1968,57.0,Optimal
2026-09-01 01:00:01,1,Gynura Aurantiaca,1714,68.0,Optimal
2026-09-01 01:30:00,3,Monstera Deliciosa,1503,78.0,Optimal
2026-09-01 01:30:01,2,Tradescantia Zebrina,1989,57.0,Optimal
2026-09-01 01:30:01,1,Gynura Aurantiaca,1683,70.0,Optimal
2026-09-01 02:00:00,1,Gynura Aurantiaca,1708,69.0,Optimal
2026-09-01 02:00:01,3,Monstera Deliciosa,1488,78.0,Optimal
2026-09-01 02:00:01,2,Tradescantia Zebrina,1979,57.0,Optimal
2026-09-01 02:30:01,2,Tradescantia Zebrina,1985,57.0,Optimal
2026-09-01 02:30:01,1,Gynura Aurantiaca,1708,69.0,Optimal
2026-09-01 02:30:01,3,Monstera Deliciosa,1498,78.0,Optimal
2026-09-01 03:00:00,3,Monstera Deliciosa,1472,79.0,Optimal
2026-09-01 03:00:01,1,Gynura Aurantiaca,1707,69.0,Optimal
2026-09-01 03:00:01,2,Tradescantia Zebrina,1983,57.0,Optimal
2026-09-01 03:30:00,1,Gynura Aurantiaca,1702,69.0,Optimal
2026-09-01 03:30:01,3,Monstera Deliciosa,1482,79.0,Optimal
2026-09-01 03:30:01,2,Tradescantia Zebrina,1998,56.0,Optimal
2026-09-01 04:00:00,1,Gynura Aurantiaca,1702,69.0,Optimal
2026-09-01 04:00:00,2,Tradescantia Zebrina,1996,56.0,Optimal
2026-09-01 04:00:01,3,Monstera Deliciosa,1499,78.0,Optimal
2026-09-01 04:30:01,3,Monstera Deliciosa,1506,78.0,Optimal
2026-09-01 04:30:01,1,Gynura Aurantiaca,1710,69.0,Optimal
2026-09-01 04:30:01,2,Tradescantia Zebrina,1997,56.0,Optimal
2026-09-01 05:00:00,2,Tradescantia Zebrina,2011,56.0,Optimal
2026-09-01 05:00:01,3,Monstera Deliciosa,1498,78.0,Optimal
2026-09-01 05:00:01,1,Gynura Aurantiaca,1733,68.0,Optimal
2026-09-01 05:30:00,1,Gynura Aurantiaca,1719,68.0,Optimal
2026-09-01 05:30:01,2,Tradescantia Zebrina,1987,57.0,Optimal
2026-09-01 05:30:02,3,Monstera Deliciosa,1513,77.0,Optimal
2026-09-01 06:00:00,2,Tradescantia Zebrina,2005,56.0,Optimal
2026-09-01 06:00:01,1,Gynura Aurantiaca,1728,68.0,Optimal
2026-09-01 06:00:01,3,Monstera Deliciosa,1491,78.0,Optimal
2026-09-01 06:30:00,3,Monstera Deliciosa,1498,78.0,Optimal
2026-09-01 06:30:01,1,Gynura Aurantiaca,1733,68.0,Optimal
2026-09-01 06:30:01,2,Tradescantia Zebrina,2009,56.0,Optimal
2026-09-01 07:00:00,1,Gynura Aurantiaca,1743,67.0,Optimal
2026-09-01 07:00:00,2,Tradescantia Zebrina,1995,56.0,Optimal
2026-09-01 07:00:00,3,Monstera Deliciosa,1489,78.0,Optimal
2026-09-01 07:30:01,3,Monstera Deliciosa,1520,77.0,Optimal
2026-09-01 07:30:01,1,Gynura Aurantiaca,1739,67.0,Optimal
2026-09-01 07:30:01,2,Tradescantia Zebrina,2021,55.0,Optimal
2026-09-01 08:00:00,2,Tradescantia Zebrina,2013,55.0,Optimal
2026-09-01 08:00:01,3,Monstera Deliciosa,1524,77.0,Optimal
2026-09-01 08:00:01,1,Gynura Aurantiaca,1734,68.0,Optimal
2026-09-01 08:30:00,3,Monstera Deliciosa,1507,77.0,Optimal
2026-09-01 08:30:01,1,Gynura Aurantiaca,1741,67.0,Optimal
2026-09-01 08:30:01,2,Tradescantia Zebrina,2000,56.0,Optimal
2026-09-01 09:00:01,3,Monstera Deliciosa,1488,78.0,Optimal
2026-09-01 09:00:01,2,Tradescantia Zebrina,2017,55.0,Optimal
2026-09-01 09:00:01,1,Gynura Aurantiaca,1742,67.0,Optimal
2026-09-01 09:30:00,2,Tradescantia Zebrina,2007,56.0,Optimal
2026-09-01 09:30:01,1,Gynura Aurantiaca,1745,67.0,Optimal
2026-09-01 09:30:01,3,Monstera Deliciosa,1523,77.0,Optimal
2026-09-01 10:00:01,3,Monstera Deliciosa,1511,77.0,Optimal
2026-09-01 10:00:01,2,Tradescantia Zebrina,2011,56.0,Optimal
2026-09-01 10:00:01,1,Gynura Aurantiaca,1744,67.0,Optimal
2026-09-01 10:30:01,1,Gynura Aurantiaca,1733,68.0,Optimal
2026-09-01 10:30:01,2,Tradescantia Zebrina,2028,55.0,Optimal
2026-09-01 10:30:01,3,Monstera Deliciosa,1494,78.0,Optimal
2026-09-01 11:00:00,2,Tradescantia Zebrina,2032,55.0,Optimal
2026-09-01 11:00:01,3,Monstera Deliciosa,1513,77.0,Optimal
2026-09-01 11:00:01,1,Gynura Aurantiaca,1731,68.0,Optimal
2026-09-01 11:30:01,1,Gynura Aurantiaca,1742,67.0,Optimal
2026-09-01 11:30:01,2,Tradescantia Zebrina,2037,54.0,Optimal
2026-09-01 11:30:01,3,Monstera Deliciosa,1510,77.0,Optimal
2026-09-01 12:00:00,3,Monstera Deliciosa,1519,77.0,Optimal
2026-09-01 12:00:01,1,Gynura Aurantiaca,1741,67.0,Optimal
2026-09-01 12:00:01,2,Tradescantia Zebrina,2026,55.0,Optimal
2026-09-01 12:30:00,2,Tradescantia Zebrina,2058,54.0,Optimal
2026-09-01 12:30:01,3,Monstera Deliciosa,1521,77.0,Optimal
2026-09-01 12:30:01,1,Gynura Aurantiaca,1744,67.0,Optimal
2026-09-01 13:00:00,1,Gynura Aurantiaca,1756,67.0,Optimal
2026-09-01 13:00:01,2,Tradescantia Zebrina,2025,55.0,Optimal
2026-09-01 13:00:01,3,Monstera Deliciosa,1514,77.0,Optimal
2026-09-01 13:30:01,3,Monstera Deliciosa,1500,78.0,Optimal
2026-09-01 13:30:01,1,Gynura Aurantiaca,1758,67.0,Optimal
2026-09-01 13:30:01,2,Tradescantia Zebrina,2045,54.0,Optimal
2026-09-01 14:00:00,2,Tradescantia Zebrina,2043,54.0,Optimal
2026-09-01 14:00:01,3,Monstera Deliciosa,1523,77.0,Optimal
2026-09-01 14:00:02,1,Gynura Aurantiaca,1751,67.0,Optimal
2026-09-01 14:30:01,2,Tradescantia Zebrina,2045,54.0,Optimal
2026-09-01 14:30:01,1,Gynura Aurantiaca,1755,67.0,Optimal
2026-09-01 14:30:02,3,Monstera Deliciosa,1501,78.0,Optimal
2026-09-01 15:00:00,1,Gynura Aurantiaca,1751,67.0,Optimal
2026-09-01 15:00:01,3,Monstera Deliciosa,1495,78.0,Optimal
2026-09-01 15:00:01,2,Tradescantia Zebrina,2067,53.0,Optimal
2026-09-01 15:30:00,2,Tradescantia Zebrina,2078,53.0,Optimal
2026-09-01 15:30:01,1,Gynura Aurantiaca,1759,67.0,Optimal
2026-09-01 15:30:01,3,Monstera Deliciosa,1488,78.0,Optimal
2026-09-01 16:00:01,3,Monstera Deliciosa,1523,77.0,Optimal
2026-09-01 16:00:01,2,Tradescantia Zebrina,2065,53.0,Optimal
2026-09-01 16:00:01,1,Gynura Aurantiaca,1769,66.0,Optimal
2026-09-01 16:30:03,3,Monstera Deliciosa,1525,77.0,Optimal
2026-09-01 16:30:04,1,Gynura Aurantiaca,1771,66.0,Optimal
2026-09-01 16:30:04,2,Tradescantia Zebrina,2078,53.0,Optimal
2026-09-01 17:00:02,3,Monstera Deliciosa,1510,77.0,Optimal
2026-09-01 17:00:02,1,Gynura Aurantiaca,1766,66.0,Optimal
2026-09-01 17:00:02,2,Tradescantia Zebrina,2068,53.0,Optimal
2026-09-01 17:30:01,3,Monstera Deliciosa,1534,76.0,Optimal
2026-09-01 17:30:01,1,Gynura Aurantiaca,1776,66.0,Optimal
2026-09-01 17:30:01,2,Tradescantia Zebrina,2081,53.0,Optimal
2026-09-01 18:00:01,3,Monstera Deliciosa,1535,76.0,Optimal
2026-09-01 18:00:01,2,Tradescantia Zebrina,2082,52.0,Optimal
2026-09-01 18:00:01,1,Gynura Aurantiaca,1769,66.0,Optimal
2026-09-01 18:30:01,3,Monstera Deliciosa,1535,76.0,Optimal
2026-09-01 18:30:01,2,Tradescantia Zebrina,2079,53.0,Optimal
2026-09-01 18:30:01,1,Gynura Aurantiaca,1779,66.0,Optimal
2026-09-01 19:00:00,3,Monstera Deliciosa,1505,78.0,Optimal
2026-09-01 19:00:00,1,Gynura Aurantiaca,1807,64.0,Optimal
2026-09-01 19:00:00,2,Tradescantia Zebrina,2098,52.0,Optimal
2026-09-01 19:30:00,3,Monstera Deliciosa,1421,81.0,Soggy
2026-09-01 19:30:01,2,Tradescantia Zebrina,2135,50.0,Moist
2026-09-01 19:30:01,1,Gynura Aurantiaca,1819,64.0,Optimal
2026-09-01 20:00:01,3,Monstera Deliciosa,1389,83.0,Soggy
2026-09-01 20:00:01,1,Gynura Aurantiaca,1843,63.0,Optimal
2026-09-01 20:00:01,2,Tradescantia Zebrina,2136,50.0,Moist
2026-09-01 20:30:01,1,Gynura Aurantiaca,1883,61.0,Optimal
2026-09-01 20:30:01,3,Monstera Deliciosa,1402,82.0,Soggy
2026-09-01 20:30:01,2,Tradescantia Zebrina,2160,49.0,Moist
2026-09-01 21:00:01,1,Gynura Aurantiaca,1904,60.0,Optimal
2026-09-01 21:00:02,3,Monstera Deliciosa,1373,83.0,Soggy
2026-09-01 21:00:02,2,Tradescantia Zebrina,2145,50.0,Moist
2026-09-01 21:30:01,1,Gynura Aurantiaca,1926,59.0,Optimal
2026-09-01 21:30:01,3,Monstera Deliciosa,1376,83.0,Soggy
2026-09-01 21:30:01,2,Tradescantia Zebrina,2135,50.0,Moist
2026-09-01 22:00:01,2,Tradescantia Zebrina,2151,49.0,Moist
2026-09-01 22:00:01,1,Gynura Aurantiaca,1947,58.0,Optimal
2026-09-01 22:00:02,3,Monstera Deliciosa,1386,83.0,Soggy
2026-09-01 22:30:00,1,Gynura Aurantiaca,1939,59.0,Optimal
2026-09-01 22:30:01,3,Monstera Deliciosa,1355,84.0,Soggy
2026-09-01 22:30:01,2,Tradescantia Zebrina,2158,49.0,Moist
2026-09-01 23:00:01,2,Tradescantia Zebrina,2170,49.0,Moist
2026-09-01 23:00:01,1,Gynura Aurantiaca,1967,57.0,Optimal
2026-09-01 23:00:01,3,Monstera Deliciosa,1371,83.0,Soggy
2026-09-01 23:30:02,3,Monstera Deliciosa,1362,84.0,Soggy
2026-09-01 23:30:03,1,Gynura Aurantiaca,1973,57.0,Optimal
2026-09-01 23:30:03,2,Tradescantia Zebrina,2177,48.0,Moist
2026-09-02 00:00:00,3,Monstera Deliciosa,1385,83.0,Soggy
2026-09-02 00:00:02,2,Tradescantia Zebrina,2190,48.0,Moist
2026-09-02 00:00:02,1,Gynura Aurantiaca,1983,57.0,Optimal
2026-09-02 00:30:01,3,Monstera Deliciosa,1388,83.0,Soggy
2026-09-02 00:30:01,2,Tradescantia Zebrina,2171,49.0,Moist
2026-09-02 00:30:01,1,Gynura Aurantiaca,1984,57.0,Optimal
2026-09-02 01:00:01,1,Gynura Aurantiaca,1990,56.0,Optimal
2026-09-02 01:00:01,3,Monstera Deliciosa,1376,83.0,Soggy
2026-09-02 01:00:01,2,Tradescantia Zebrina,2190,48.0,Moist
2026-09-02 01:30:00,3,Monstera Deliciosa,1376,83.0,Soggy
2026-09-02 01:30:01,2,Tradescantia Zebrina,2175,48.0,Moist
2026-09-02 01:30:01,1,Gynura Aurantiaca,1983,57.0,Optimal
2026-09-02 02:00:00,1,Gynura Aurantiaca,1988,57.0,Optimal
2026-09-02 02:00:01,3,Monstera Deliciosa,1388,83.0,Soggy
2026-09-02 02:00:01,2,Tradescantia Zebrina,2175,48.0,Moist
2026-09-02 02:30:00,3,Monstera Deliciosa,1408,82.0,Soggy
2026-09-02 02:30:00,2,Tradescantia Zebrina,2180,48.0,Moist
2026-09-02 02:30:01,1,Gynura Aurantiaca,1979,57.0,Optimal
2026-09-02 03:00:00,3,Monstera Deliciosa,1383,83.0,Soggy
2026-09-02 03:00:02,1,Gynura Aurantiaca,1971,57.0,Optimal
2026-09-02 03:00:02,2,Tradescantia Zebrina,2190,48.0,Moist
2026-09-02 03:30:00,2,Tradescantia Zebrina,2176,48.0,Moist
2026-09-02 03:30:00,3,Monstera Deliciosa,1392,82.0,Soggy
2026-09-02 03:30:00,1,Gynura Aurantiaca,1981,57.0,Optimal
2026-09-02 04:00:01,2,Tradescantia Zebrina,2175,48.0,Moist
2026-09-02 04:00:01,3,Monstera Deliciosa,1378,83.0,Soggy
2026-09-02 04:00:01,1,Gynura Aurantiaca,1989,57.0,Optimal
2026-09-02 04:30:01,3,Monstera Deliciosa,1397,82.0,Soggy
2026-09-02 04:30:01,2,Tradescantia Zebrina,2189,48.0,Moist
2026-09-02 04:30:02,1,Gynura Aurantiaca,1986,57.0,Optimal
2026-09-02 05:00:00,3,Monstera Deliciosa,1377,83.0,Soggy
2026-09-02 05:00:01,2,Tradescantia Zebrina,2181,48.0,Moist
2026-09-02 05:00:01,1,Gynura Aurantiaca,1986,57.0,Optimal
2026-09-02 05:30:01,1,Gynura Aurantiaca,2000,56.0,Optimal
2026-09-02 05:30:01,3,Monstera Deliciosa,1403,82.0,Soggy
2026-09-02 05:30:01,2,Tradescantia Zebrina,2175,48.0,Moist
2026-09-02 06:00:01,1,Gynura Aurantiaca,1995,56.0,Optimal
2026-09-02 06:00:03,3,Monstera Deliciosa,1392,82.0,Soggy
2026-09-02 06:00:03,2,Tradescantia Zebrina,2207,47.0,Moist
2026-09-02 06:30:01,1,Gynura Aurantiaca,2000,56.0,Optimal
2026-09-02 06:30:01,2,Tradescantia Zebrina,2179,48.0,Moist
2026-09-02 06:30:01,3,Monstera Deliciosa,1413,82.0,Soggy
2026-09-02 07:00:00,3,Monstera Deliciosa,1381,83.0,Soggy
2026-09-02 07:00:01,1,Gynura Aurantiaca,2000,56.0,Optimal
2026-09-02 07:00:01,2,Tradescantia Zebrina,2205,47.0,Moist
2026-09-02 07:30:00,1,Gynura Aurantiaca,1989,57.0,Optimal
2026-09-02 07:30:00,2,Tradescantia Zebrina,2198,47.0,Moist
2026-09-02 07:30:01,3,Monstera Deliciosa,1413,82.0,Soggy
2026-09-02 08:00:00,1,Gynura Aurantiaca,2000,56.0,Optimal
2026-09-02 08:00:01,3,Monstera Deliciosa,1392,82.0,Soggy
2026-09-02 08:00:01,2,Tradescantia Zebrina,2198,47.0,Moist
2026-09-02 08:30:00,3,Monstera Deliciosa,1392,82.0,Soggy
2026-09-02 08:30:00,2,Tradescantia Zebrina,2208,47.0,Moist
2026-09-02 08:30:01,1,Gynura Aurantiaca,2000,56.0,Optimal
2026-09-02 09:00:01,3,Monstera Deliciosa,1412,82.0,Soggy
2026-09-02 09:00:01,2,Tradescantia Zebrina,2210,47.0,Moist
2026-09-02 09:00:01,1,Gynura Aurantiaca,2001,56.0,Optimal
2026-09-02 09:30:00,1,Gynura Aurantiaca,2007,56.0,Optimal
2026-09-02 09:30:01,3,Monstera Deliciosa,1409,82.0,Soggy
2026-09-02 09:30:01,2,Tradescantia Zebrina,2228,46.0,Moist
2026-09-02 10:00:00,3,Monstera Deliciosa,1414,82.0,Soggy
2026-09-02 10:00:00,1,Gynura Aurantiaca,2021,55.0,Optimal
2026-09-02 10:00:01,2,Tradescantia Zebrina,2219,47.0,Moist
2026-09-02 10:30:01,3,Monstera Deliciosa,1402,82.0,Soggy
2026-09-02 10:30:01,1,Gynura Aurantiaca,1998,56.0,Optimal
2026-09-02 10:30:01,2,Tradescantia Zebrina,2229,46.0,Moist
2026-09-02 11:00:00,3,Monstera Deliciosa,1413,82.0,Soggy
2026-09-02 11:00:01,2,Tradescantia Zebrina,2215,47.0,Moist
2026-09-02 11:00:01,1,Gynura Aurantiaca,2005,56.0,Optimal
2026-09-02 11:30:01,3,Monstera Deliciosa,1411,82.0,Soggy
2026-09-02 11:30:02,1,Gynura Aurantiaca,2006,56.0,Optimal
2026-09-02 11:30:02,2,Tradescantia Zebrina,2243,45.0,Moist
2026-09-02 12:00:01,3,Monstera Deliciosa,1424,81.0,Soggy
2026-09-02 12:00:01,1,Gynura Aurantiaca,2007,56.0,Optimal
2026-09-02 12:00:01,2,Tradescantia Zebrina,2235,46.0,Moist
2026-09-02 12:30:01,1,Gynura Aurantiaca,2019,55.0,Optimal
2026-09-02 12:30:01,2,Tradescantia Zebrina,2239,46.0,Moist
2026-09-02 12:30:01,3,Monstera Deliciosa,1421,81.0,Soggy
2026-09-02 13:00:01,3,Monstera Deliciosa,1423,81.0,Soggy
2026-09-02 13:00:01,1,Gynura Aurantiaca,2014,55.0,Optimal
2026-09-02 13:00:01,2,Tradescantia Zebrina,2242,46.0,Moist
2026-09-02 13:30:01,3,Monstera Deliciosa,1457,80.0,Optimal
2026-09-02 13:30:01,1,Gynura Aurantiaca,2032,55.0,Optimal
2026-09-02 13:30:01,2,Tradescantia Zebrina,2262,45.0,Moist
2026-09-02 14:00:01,3,Monstera Deliciosa,1413,82.0,Soggy
2026-09-02 14:00:01,1,Gynura Aurantiaca,2028,55.0,Optimal
2026-09-02 14:00:01,2,Tradescantia Zebrina,2252,45.0,Moist
2026-09-02 14:30:00,3,Monstera Deliciosa,1395,82.0,Soggy
2026-09-02 14:30:01,1,Gynura Aurantiaca,2039,54.0,Optimal
2026-09-02 14:30:01,2,Tradescantia Zebrina,2256,45.0,Moist
2026-09-02 15:00:01,3,Monstera Deliciosa,1401,82.0,Soggy
2026-09-02 15:00:01,1,Gynura Aurantiaca,2042,54.0,Optimal
2026-09-02 15:00:02,2,Tradescantia Zebrina,2292,43.0,Moist
2026-09-02 15:30:00,1,Gynura Aurantiaca,2066,53.0,Optimal
2026-09-02 15:30:01,2,Tradescantia Zebrina,2289,43.0,Moist
2026-09-02 15:30:01,3,Monstera Deliciosa,1422,81.0,Soggy
2026-09-02 16:00:01,3,Monstera Deliciosa,1395,82.0,Soggy
2026-09-02 16:00:01,1,Gynura Aurantiaca,2067,53.0,Optimal
2026-09-02 16:00:02,2,Tradescantia Zebrina,2303,43.0,Moist
2026-09-02 16:30:01,1,Gynura Aurantiaca,2074,53.0,Optimal
2026-09-02 16:30:01,3,Monstera Deliciosa,1393,82.0,Soggy
2026-09-02 16:30:01,2,Tradescantia Zebrina,2295,43.0,Moist
2026-09-02 17:00:00,1,Gynura Aurantiaca,2086,52.0,Optimal
2026-09-02 17:00:00,3,Monstera Deliciosa,1421,81.0,Soggy
2026-09-02 17:00:00,2,Tradescantia Zebrina,2321,42.0,Moist
2026-09-02 17:30:00,3,Monstera Deliciosa,1414,82.0,Soggy
2026-09-02 17:30:00,1,Gynura Aurantiaca,2082,52.0,Optimal
2026-09-02 17:30:01,2,Tradescantia Zebrina,2320,42.0,Moist
2026-09-02 18:00:01,3,Monstera Deliciosa,1394,82.0,Soggy
2026-09-02 18:00:01,1,Gynura Aurantiaca,2091,52.0,Optimal
2026-09-02 18:00:02,2,Tradescantia Zebrina,2342,41.0,Moist
2026-09-02 18:30:01,2,Tradescantia Zebrina,2352,41.0,Moist
2026-09-02 18:30:01,3,Monstera Deliciosa,1407,82.0,Soggy
2026-09-02 18:30:01,1,Gynura Aurantiaca,2084,52.0,Optimal
2026-09-02 19:00:00,3,Monstera Deliciosa,1396,82.0,Soggy
2026-09-02 19:00:01,1,Gynura Aurantiaca,2105,51.0,Optimal
2026-09-02 19:00:01,2,Tradescantia Zebrina,2364,40.0,Moist
2026-09-02 19:30:00,2,Tradescantia Zebrina,2374,40.0,Moist
2026-09-02 19:30:00,3,Monstera Deliciosa,1403,82.0,Soggy
2026-09-02 19:30:01,1,Gynura Aurantiaca,2096,52.0,Optimal
2026-09-02 20:00:00,2,Tradescantia Zebrina,2379,40.0,Moist
2026-09-02 20:00:01,1,Gynura Aurantiaca,2102,52.0,Optimal
2026-09-02 20:00:01,3,Monstera Deliciosa,1392,82.0,Soggy
2026-09-02 20:30:01,2,Tradescantia Zebrina,2370,40.0,Moist
2026-09-02 20:30:01,3,Monstera Deliciosa,1408,82.0,Soggy
2026-09-02 20:30:01,1,Gynura Aurantiaca,2124,51.0,Optimal
2026-09-02 21:00:00,3,Monstera Deliciosa,1410,82.0,Soggy
2026-09-02 21:00:01,2,Tradescantia Zebrina,2376,40.0,Moist
2026-09-02 21:00:01,1,Gynura Aurantiaca,2099,52.0,Optimal
2026-09-02 21:30:01,1,Gynura Aurantiaca,2114,51.0,Optimal
2026-09-02 21:30:01,3,Monstera Deliciosa,1424,81.0,Soggy
2026-09-02 21:30:01,2,Tradescantia Zebrina,2415,38.0,Moist
2026-09-02 22:00:01,1,Gynura Aurantiaca,2113,51.0,Optimal
2026-09-02 22:00:01,2,Tradescantia Zebrina,2395,39.0,Moist
2026-09-02 22:00:01,3,Monstera Deliciosa,1407,82.0,Soggy
2026-09-02 22:30:01,2,Tradescantia Zebrina,2413,38.0,Moist
2026-09-02 22:30:01,3,Monstera Deliciosa,1403,82.0,Soggy
2026-09-02 22:30:01,1,Gynura Aurantiaca,2121,51.0,Optimal
2026-09-02 23:00:01,1,Gynura Aurantiaca,2144,50.0,Moist
2026-09-02 23:00:01,3,Monstera Deliciosa,1403,82.0,Soggy
2026-09-02 23:00:01,2,Tradescantia Zebrina,2414,38.0,Moist
2026-09-02 23:30:01,3,Monstera Deliciosa,1422,81.0,Soggy
2026-09-02 23:30:01,1,Gynura Aurantiaca,2132,50.0,Moist
2026-09-02 23:30:02,2,Tradescantia Zebrina,2411,38.0,Moist
2026-09-03 00:00:01,1,Gynura Aurantiaca,2128,50.0,Moist
2026-09-03 00:00:01,3,Monstera Deliciosa,1408,82.0,Soggy
2026-09-03 00:00:01,2,Tradescantia Zebrina,2411,38.0,Moist
2026-09-03 00:30:00,2,Tradescantia Zebrina,2399,39.0,Moist
2026-09-03 00:30:01,3,Monstera Deliciosa,1426,81.0,Soggy
2026-09-03 00:30:01,1,Gynura Aurantiaca,2139,50.0,Moist
2026-09-03 01:00:00,1,Gynura Aurantiaca,2118,51.0,Optimal
2026-09-03 01:00:01,2,Tradescantia Zebrina,2392,39.0,Moist
2026-09-03 01:00:01,3,Monstera Deliciosa,1421,81.0,Soggy
2026-09-03 01:30:00,1,Gynura Aurantiaca,2142,50.0,Moist
2026-09-03 01:30:00,3,Monstera Deliciosa,1418,81.0,Soggy
2026-09-03 01:30:01,2,Tradescantia Zebrina,2406,38.0,Moist
2026-09-03 02:00:01,1,Gynura Aurantiaca,2144,50.0,Moist
2026-09-03 02:00:01,3,Monstera Deliciosa,1413,82.0,Soggy
2026-09-03 02:00:02,2,Tradescantia Zebrina,2417,38.0,Moist
2026-09-03 02:30:00,3,Monstera Deliciosa,1441,80.0,Optimal
2026-09-03 02:30:01,1,Gynura Aurantiaca,2146,50.0,Moist
2026-09-03 02:30:01,2,Tradescantia Zebrina,2435,37.0,Moist
2026-09-03 03:00:00,1,Gynura Aurantiaca,2137,50.0,Moist
2026-09-03 03:00:01,2,Tradescantia Zebrina,2407,38.0,Moist
2026-09-03 03:00:01,3,Monstera Deliciosa,1432,81.0,Soggy
2026-09-03 03:30:01,1,Gynura Aurantiaca,2128,50.0,Moist
2026-09-03 03:30:01,3,Monstera Deliciosa,1434,81.0,Soggy
2026-09-03 03:30:01,2,Tradescantia Zebrina,2414,38.0,Moist
2026-09-03 04:00:00,3,Monstera Deliciosa,1424,81.0,Soggy
2026-09-03 04:00:01,2,Tradescantia Zebrina,2435,37.0,Moist
2026-09-03 04:00:01,1,Gynura Aurantiaca,2135,50.0,Moist
2026-09-03 04:30:00,3,Monstera Deliciosa,1428,81.0,Soggy
2026-09-03 04:30:00,2,Tradescantia Zebrina,2428,37.0,Moist
2026-09-03 04:30:02,1,Gynura Aurantiaca,2137,50.0,Moist
2026-09-03 05:00:01,3,Monstera Deliciosa,1431,81.0,Soggy
2026-09-03 05:00:01,2,Tradescantia Zebrina,2446,37.0,Moist
2026-09-03 05:00:01,1,Gynura Aurantiaca,2146,50.0,Moist
2026-09-03 05:30:00,1,Gynura Aurantiaca,2139,50.0,Moist
2026-09-03 05:30:01,3,Monstera Deliciosa,1448,80.0,Optimal
2026-09-03 05:30:02,2,Tradescantia Zebrina,2433,37.0,Moist
2026-09-03 06:00:01,3,Monstera Deliciosa,1425,81.0,Soggy
2026-09-03 06:00:01,1,Gynura Aurantiaca,2136,50.0,Moist
2026-09-03 06:00:01,2,Tradescantia Zebrina,2446,37.0,Moist
2026-09-03 06:30:01,2,Tradescantia Zebrina,2432,37.0,Moist
2026-09-03 06:30:01,3,Monstera Deliciosa,1425,81.0,Soggy
2026-09-03 06:30:01,1,Gynura Aurantiaca,2150,50.0,Moist
2026-09-03 07:00:00,1,Gynura Aurantiaca,2134,50.0,Moist
2026-09-03 07:00:01,3,Monstera Deliciosa,1451,80.0,Optimal
2026-09-03 07:00:01,2,Tradescantia Zebrina,2438,37.0,Moist
2026-09-03 07:30:01,1,Gynura Aurantiaca,2142,50.0,Moist
2026-09-03 07:30:01,3,Monstera Deliciosa,1456,80.0,Optimal
2026-09-03 07:30:01,2,Tradescantia Zebrina,2449,37.0,Moist
2026-09-03 08:00:00,3,Monstera Deliciosa,1459,80.0,Optimal
2026-09-03 08:00:01,2,Tradescantia Zebrina,2448,37.0,Moist
2026-09-03 08:00:01,1,Gynura Aurantiaca,2154,49.0,Moist
2026-09-03 08:30:00,1,Gynura Aurantiaca,2160,49.0,Moist
2026-09-03 08:30:00,3,Monstera Deliciosa,1468,79.0,Optimal
2026-09-03 08:30:01,2,Tradescantia Zebrina,2470,36.0,Moist
2026-09-03 09:00:01,2,Tradescantia Zebrina,2477,35.0,Moist
2026-09-03 09:00:01,1,Gynura Aurantiaca,2146,50.0,Moist
2026-09-03 09:00:01,3,Monstera Deliciosa,1463,79.0,Optimal
2026-09-03 09:30:01,2,Tradescantia Zebrina,2477,35.0,Moist
2026-09-03 09:30:01,1,Gynura Aurantiaca,2149,50.0,Moist
2026-09-03 09:30:01,3,Monstera Deliciosa,1441,80.0,Optimal
2026-09-03 10:00:00,2,Tradescantia Zebrina,2494,35.0,Moist
2026-09-03 10:00:00,1,Gynura Aurantiaca,2146,50.0,Moist
2026-09-03 10:00:01,3,Monstera Deliciosa,1473,79.0,Optimal
2026-09-03 10:30:00,2,Tradescantia Zebrina,2479,35.0,Moist
2026-09-03 10:30:01,1,Gynura Aurantiaca,2156,49.0,Moist
2026-09-03 10:30:01,3,Monstera Deliciosa,1456,80.0,Optimal
2026-09-03 11:00:00,3,Monstera Deliciosa,1467,79.0,Optimal
2026-09-03 11:00:01,2,Tradescantia Zebrina,2491,35.0,Moist
2026-09-03 11:00:01,1,Gynura Aurantiaca,2153,49.0,Moist
2026-09-03 11:30:00,1,Gynura Aurantiaca,2158,49.0,Moist
2026-09-03 11:30:01,2,Tradescantia Zebrina,2491,35.0,Moist
2026-09-03 11:30:01,3,Monstera Deliciosa,1477,79.0,Optimal
2026-09-03 12:00:00,2,Tradescantia Zebrina,2486,35.0,Moist
2026-09-03 12:00:00,1,Gynura Aurantiaca,2160,49.0,Moist
2026-09-03 12:00:02,3,Monstera Deliciosa,1471,79.0,Optimal
2026-09-03 12:30:00,2,Tradescantia Zebrina,2503,34.0,Moist
2026-09-03 12:30:01,1,Gynura Aurantiaca,2162,49.0,Moist
2026-09-03 12:30:01,3,Monstera Deliciosa,1471,79.0,Optimal
2026-09-03 13:00:01,2,Tradescantia Zebrina,2496,34.0,Moist
2026-09-03 13:00:01,1,Gynura Aurantiaca,2150,50.0,Moist
2026-09-03 13:00:01,3,Monstera Deliciosa,1470,79.0,Optimal
2026-09-03 13:30:00,1,Gynura Aurantiaca,2145,50.0,Moist
2026-09-03 13:30:01,3,Monstera Deliciosa,1477,79.0,Optimal
2026-09-03 13:30:01,2,Tradescantia Zebrina,2510,34.0,Moist
2026-09-03 14:00:00,2,Tradescantia Zebrina,2510,34.0,Moist
2026-09-03 14:00:01,1,Gynura Aurantiaca,2170,49.0,Moist
2026-09-03 14:00:01,3,Monstera Deliciosa,1463,79.0,Optimal
2026-09-03 14:30:01,2,Tradescantia Zebrina,2495,35.0,Moist
2026-09-03 14:30:01,1,Gynura Aurantiaca,2164,49.0,Moist
2026-09-03 14:30:02,3,Monstera Deliciosa,1475,79.0,Optimal
2026-09-03 15:00:01,3,Monstera Deliciosa,1486,78.0,Optimal
2026-09-03 15:00:01,2,Tradescantia Zebrina,2499,34.0,Moist
2026-09-03 15:00:01,1,Gynura Aurantiaca,2160,49.0,Moist
2026-09-03 15:30:01,2,Tradescantia Zebrina,2512,34.0,Moist
2026-09-03 15:30:01,1,Gynura Aurantiaca,2160,49.0,Moist
2026-09-03 15:30:01,3,Monstera Deliciosa,1469,79.0,Optimal
2026-09-03 16:00:01,2,Tradescantia Zebrina,2519,33.0,Moist
2026-09-03 16:00:02,1,Gynura Aurantiaca,2167,49.0,Moist
2026-09-03 16:00:02,3,Monstera Deliciosa,1459,80.0,Optimal
2026-09-03 16:30:00,2,Tradescantia Zebrina,2521,33.0,Moist
2026-09-03 16:30:01,1,Gynura Aurantiaca,2160,49.0,Moist
2026-09-03 16:30:01,3,Monstera Deliciosa,1482,79.0,Optimal
2026-09-03 17:00:01,2,Tradescantia Zebrina,2538,33.0,Moist
2026-09-03 17:00:02,1,Gynura Aurantiaca,2170,49.0,Moist
2026-09-03 17:00:02,3,Monstera Deliciosa,1485,78.0,Optimal
2026-09-03 17:30:01,1,Gynura Aurantiaca,2173,49.0,Moist
2026-09-03 17:30:01,3,Monstera Deliciosa,1487,78.0,Optimal
2026-09-03 17:30:01,2,Tradescantia Zebrina,2533,33.0,Moist
2026-09-03 18:00:01,2,Tradescantia Zebrina,2541,33.0,Moist
2026-09-03 18:00:01,3,Monstera Deliciosa,1472,79.0,Optimal
2026-09-03 18:00:02,1,Gynura Aurantiaca,2175,48.0,Moist
2026-09-03 18:30:01,1,Gynura Aurantiaca,2155,49.0,Moist
2026-09-03 18:30:01,2,Tradescantia Zebrina,2530,33.0,Moist
2026-09-03 18:30:01,3,Monstera Deliciosa,1471,79.0,Optimal
2026-09-03 19:00:01,2,Tradescantia Zebrina,2558,32.0,Moist
2026-09-03 19:00:01,3,Monstera Deliciosa,1457,80.0,Optimal
2026-09-03 19:00:02,1,Gynura Aurantiaca,2184,48.0,Moist
2026-09-03 19:30:01,1,Gynura Aurantiaca,2192,48.0,Moist
2026-09-03 19:30:01,2,Tradescantia Zebrina,2559,32.0,Moist
2026-09-03 19:30:01,3,Monstera Deliciosa,1457,80.0,Optimal
2026-09-03 20:00:01,2,Tradescantia Zebrina,2559,32.0,Moist
2026-09-03 20:00:01,3,Monstera Deliciosa,1471,79.0,Optimal
2026-09-03 20:00:02,1,Gynura Aurantiaca,2186,48.0,Moist
2026-09-03 20:30:01,1,Gynura Aurantiaca,2209,47.0,Moist
2026-09-03 20:30:01,3,Monstera Deliciosa,1472,79.0,Optimal
2026-09-03 20:30:02,2,Tradescantia Zebrina,2559,32.0,Moist
2026-09-03 21:00:01,1,Gynura Aurantiaca,2208,47.0,Moist
2026-09-03 21:00:01,2,Tradescantia Zebrina,2587,31.0,Moist
2026-09-03 21:00:01,3,Monstera Deliciosa,1475,79.0,Optimal
2026-09-03 21:30:00,2,Tradescantia Zebrina,2597,30.0,Moist
2026-09-03 21:30:01,1,Gynura Aurantiaca,2207,47.0,Moist
2026-09-03 21:30:01,3,Monstera Deliciosa,1459,80.0,Optimal
2026-09-03 22:00:00,1,Gynura Aurantiaca,2209,47.0,Moist
2026-09-03 22:00:00,2,Tradescantia Zebrina,2589,30.0,Moist
2026-09-03 22:00:01,3,Monstera Deliciosa,1479,79.0,Optimal
2026-09-03 22:30:00,1,Gynura Aurantiaca,2221,46.0,Moist
2026-09-03 22:30:00,3,Monstera Deliciosa,1483,79.0,Optimal
2026-09-03 22:30:01,2,Tradescantia Zebrina,2595,30.0,Moist
2026-09-03 23:00:00,2,Tradescantia Zebrina,2592,30.0,Moist
2026-09-03 23:00:01,3,Monstera Deliciosa,1479,79.0,Optimal
2026-09-03 23:00:03,1,Gynura Aurantiaca,2204,47.0,Moist
2026-09-03 23:30:01,3,Monstera Deliciosa,1474,79.0,Optimal
2026-09-03 23:30:01,2,Tradescantia Zebrina,2607,30.0,Moist
2026-09-03 23:30:04,1,Gynura Aurantiaca,2215,47.0,Moist
2026-09-04 00:00:01,3,Monstera Deliciosa,1478,79.0,Optimal
2026-09-04 00:00:01,1,Gynura Aurantiaca,2218,47.0,Moist
2026-09-04 00:00:01,2,Tradescantia Zebrina,2618,29.0,Moist
2026-09-04 00:30:00,3,Monstera Deliciosa,1465,79.0,Optimal
2026-09-04 00:30:00,1,Gynura Aurantiaca,2229,46.0,Moist
2026-09-04 00:30:01,2,Tradescantia Zebrina,2613,29.0,Moist
2026-09-04 01:00:01,3,Monstera Deliciosa,1494,78.0,Optimal
2026-09-04 01:00:01,1,Gynura Aurantiaca,2237,46.0,Moist
2026-09-04 01:00:01,2,Tradescantia Zebrina,2613,29.0,Moist
2026-09-04 01:30:01,2,Tradescantia Zebrina,2624,29.0,Moist
2026-09-04 01:30:01,3,Monstera Deliciosa,1488,78.0,Optimal
2026-09-04 01:30:01,1,Gynura Aurantiaca,2223,46.0,Moist
2026-09-04 02:00:00,3,Monstera Deliciosa,1466,79.0,Optimal
2026-09-04 02:00:01,1,Gynura Aurantiaca,2241,46.0,Moist
2026-09-04 02:00:01,2,Tradescantia Zebrina,2629,29.0,Moist
2026-09-04 02:30:01,3,Monstera Deliciosa,1485,78.0,Optimal
2026-09-04 02:30:01,1,Gynura Aurantiaca,2231,46.0,Moist
2026-09-04 02:30:02,2,Tradescantia Zebrina,2627,29.0,Moist
2026-09-04 03:00:01,1,Gynura Aurantiaca,2245,45.0,Moist
2026-09-04 03:00:01,3,Monstera Deliciosa,1483,79.0,Optimal
2026-09-04 03:00:01,2,Tradescantia Zebrina,2634,28.0,Moist
2026-09-04 03:30:00,3,Monstera Deliciosa,1485,78.0,Optimal
2026-09-04 03:30:01,1,Gynura Aurantiaca,2243,45.0,Moist
2026-09-04 03:30:01,2,Tradescantia Zebrina,2640,28.0,Moist
2026-09-04 04:00:00,1,Gynura Aurantiaca,2243,45.0,Moist
2026-09-04 04:00:01,3,Monstera Deliciosa,1488,78.0,Optimal
2026-09-04 04:00:01,2,Tradescantia Zebrina,2640,28.0,Moist
2026-09-04 04:30:01,1,Gynura Aurantiaca,2237,46.0,Moist
2026-09-04 04:30:01,3,Monstera Deliciosa,1490,78.0,Optimal
2026-09-04 04:30:01,2,Tradescantia Zebrina,2653,28.0,Moist
2026-09-04 05:00:01,3,Monstera Deliciosa,1489,78.0,Optimal
2026-09-04 05:00:01,2,Tradescantia Zebrina,2643,28.0,Moist
2026-09-04 05:00:01,1,Gynura Aurantiaca,2249,45.0,Moist
2026-09-04 05:30:01,2,Tradescantia Zebrina,2640,28.0,Moist
2026-09-04 05:30:02,1,Gynura Aurantiaca,2253,45.0,Moist
2026-09-04 05:30:02,3,Monstera Deliciosa,1483,79.0,Optimal
2026-09-04 06:00:01,2,Tradescantia Zebrina,2635,28.0,Moist
2026-09-04 06:00:02,1,Gynura Aurantiaca,2243,45.0,Moist
2026-09-04 06:00:03,3,Monstera Deliciosa,1489,78.0,Optimal
2026-09-04 06:30:01,1,Gynura Aurantiaca,2256,45.0,Moist
2026-09-04 06:30:01,3,Monstera Deliciosa,1498,78.0,Optimal
2026-09-04 06:30:01,2,Tradescantia Zebrina,2647,28.0,Moist
2026-09-04 07:00:01,3,Monstera Deliciosa,1501,78.0,Optimal
2026-09-04 07:00:01,2,Tradescantia Zebrina,2655,28.0,Moist
2026-09-04 07:00:01,1,Gynura Aurantiaca,2253,45.0,Moist
2026-09-04 07:30:00,1,Gynura Aurantiaca,2267,44.0,Moist
2026-09-04 07:30:01,3,Monstera Deliciosa,1501,78.0,Optimal
2026-09-04 07:30:01,2,Tradescantia Zebrina,2655,28.0,Moist
2026-09-04 08:00:00,1,Gynura Aurantiaca,2296,43.0,Moist
2026-09-04 08:00:01,2,Tradescantia Zebrina,2640,28.0,Moist
2026-09-04 08:00:01,3,Monstera Deliciosa,1518,77.0,Optimal
2026-09-04 08:30:01,1,Gynura Aurantiaca,2287,44.0,Moist
2026-09-04 08:30:01,2,Tradescantia Zebrina,2660,27.0,Moist
2026-09-04 08:30:02,3,Monstera Deliciosa,1508,77.0,Optimal
2026-09-04 09:00:00,3,Monstera Deliciosa,1520,77.0,Optimal
2026-09-04 09:00:00,2,Tradescantia Zebrina,2672,27.0,Moist
2026-09-04 09:00:01,1,Gynura Aurantiaca,2273,44.0,Moist
2026-09-04 09:30:00,1,Gynura Aurantiaca,2256,45.0,Moist
2026-09-04 09:30:01,3,Monstera Deliciosa,1516,77.0,Optimal
2026-09-04 09:30:01,2,Tradescantia Zebrina,2666,27.0,Moist
2026-09-04 10:00:01,1,Gynura Aurantiaca,2259,45.0,Moist
2026-09-04 10:00:01,2,Tradescantia Zebrina,2665,27.0,Moist
2026-09-04 10:00:01,3,Monstera Deliciosa,1522,77.0,Optimal
2026-09-04 10:30:01,3,Monstera Deliciosa,1510,77.0,Optimal
2026-09-04 10:30:01,2,Tradescantia Zebrina,2677,27.0,Moist
2026-09-04 10:30:02,1,Gynura Aurantiaca,2277,44.0,Moist
2026-09-04 11:00:01,1,Gynura Aurantiaca,2267,44.0,Moist
2026-09-04 11:00:01,3,Monstera Deliciosa,1522,77.0,Optimal
2026-09-04 11:00:01,2,Tradescantia Zebrina,2677,27.0,Moist
2026-09-04 11:30:00,1,Gynura Aurantiaca,2274,44.0,Moist
2026-09-04 11:30:01,3,Monstera Deliciosa,1527,77.0,Optimal
2026-09-04 11:30:01,2,Tradescantia Zebrina,2675,27.0,Moist
2026-09-04 12:00:00,1,Gynura Aurantiaca,2274,44.0,Moist
2026-09-04 12:00:01,2,Tradescantia Zebrina,2691,26.0,Moist
2026-09-04 12:00:02,3,Monstera Deliciosa,1535,76.0,Optimal
2026-09-04 12:30:01,3,Monstera Deliciosa,1535,76.0,Optimal
2026-09-04 12:30:01,1,Gynura Aurantiaca,2282,44.0,Moist
2026-09-04 12:30:01,2,Tradescantia Zebrina,2695,26.0,Moist
2026-09-04 13:00:00,3,Monstera Deliciosa,1535,76.0,Optimal
2026-09-04 13:00:01,1,Gynura Aurantiaca,2279,44.0,Moist
2026-09-04 13:00:01,2,Tradescantia Zebrina,2703,25.0,Moist
2026-09-04 13:30:01,3,Monstera Deliciosa,1532,76.0,Optimal
2026-09-04 13:30:01,2,Tradescantia Zebrina,2701,26.0,Moist
2026-09-04 13:30:01,1,Gynura Aurantiaca,2271,44.0,Moist
2026-09-04 14:00:01,3,Monstera Deliciosa,1529,77.0,Optimal
2026-09-04 14:00:01,2,Tradescantia Zebrina,2704,25.0,Moist
2026-09-04 14:00:02,1,Gynura Aurantiaca,2288,44.0,Moist
2026-09-04 14:30:00,3,Monstera Deliciosa,1535,76.0,Optimal
2026-09-04 14:30:01,2,Tradescantia Zebrina,2698,26.0,Moist
2026-09-04 14:30:01,1,Gynura Aurantiaca,2282,44.0,Moist
2026-09-04 15:00:00,3,Monstera Deliciosa,1533,76.0,Optimal
2026-09-04 15:00:01,2,Tradescantia Zebrina,2718,25.0,Moist
2026-09-04 15:00:01,1,Gynura Aurantiaca,2291,43.0,Moist
2026-09-04 15:30:01,3,Monstera Deliciosa,1527,77.0,Optimal
2026-09-04 15:30:01,1,Gynura Aurantiaca,2287,44.0,Moist
2026-09-04 15:30:01,2,Tradescantia Zebrina,2717,25.0,Moist
2026-09-04 16:00:01,1,Gynura Aurantiaca,2293,43.0,Moist
2026-09-04 16:00:01,2,Tradescantia Zebrina,2717,25.0,Moist
2026-09-04 16:00:01,3,Monstera Deliciosa,1535,76.0,Optimal
2026-09-04 16:30:00,3,Monstera Deliciosa,1535,76.0,Optimal
2026-09-04 16:30:01,1,Gynura Aurantiaca,2288,44.0,Moist
2026-09-04 16:30:02,2,Tradescantia Zebrina,2722,25.0,Moist
2026-09-04 17:00:01,3,Monstera Deliciosa,1530,76.0,Optimal
2026-09-04 17:00:01,1,Gynura Aurantiaca,2288,44.0,Moist
2026-09-04 17:00:01,2,Tradescantia Zebrina,2726,24.0,Moist
2026-09-04 17:30:01,2,Tradescantia Zebrina,2715,25.0,Moist
2026-09-04 17:30:01,1,Gynura Aurantiaca,2291,43.0,Moist
2026-09-04 17:30:01,3,Monstera Deliciosa,1535,76.0,Optimal
2026-09-04 18:00:01,3,Monstera Deliciosa,1532,76.0,Optimal
2026-09-04 18:00:01,1,Gynura Aurantiaca,2288,44.0,Moist
2026-09-04 18:00:01,2,Tradescantia Zebrina,2728,24.0,Moist
2026-09-04 18:30:01,2,Tradescantia Zebrina,2736,24.0,Moist
2026-09-04 18:30:01,3,Monstera Deliciosa,1340,85.0,Soggy
2026-09-04 18:30:01,1,Gynura Aurantiaca,2294,43.0,Moist
2026-09-04 19:00:01,3,Monstera Deliciosa,1344,85.0,Soggy
2026-09-04 19:00:01,1,Gynura Aurantiaca,2310,43.0,Moist
2026-09-04 19:00:01,2,Tradescantia Zebrina,2733,24.0,Moist
2026-09-04 19:30:01,2,Tradescantia Zebrina,2751,23.0,Moist
2026-09-04 19:30:01,3,Monstera Deliciosa,1330,85.0,Soggy
2026-09-04 19:30:01,1,Gynura Aurantiaca,2316,42.0,Moist
2026-09-04 20:00:01,3,Monstera Deliciosa,1319,86.0,Soggy
2026-09-04 20:00:01,1,Gynura Aurantiaca,2308,43.0,Moist
2026-09-04 20:00:01,2,Tradescantia Zebrina,2758,23.0,Moist
2026-09-04 20:30:01,3,Monstera Deliciosa,1343,85.0,Soggy
2026-09-04 20:30:01,1,Gynura Aurantiaca,2325,42.0,Moist
2026-09-04 20:30:02,2,Tradescantia Zebrina,2767,23.0,Moist
2026-09-04 21:00:00,3,Monstera Deliciosa,1329,85.0,Soggy
2026-09-04 21:00:01,1,Gynura Aurantiaca,2321,42.0,Moist
2026-09-04 21:00:01,2,Tradescantia Zebrina,2761,23.0,Moist
2026-09-04 21:30:01,3,Monstera Deliciosa,1339,85.0,Soggy
2026-09-04 21:30:01,1,Gynura Aurantiaca,2317,42.0,Moist
2026-09-04 21:30:02,2,Tradescantia Zebrina,2761,23.0,Moist
2026-09-04 22:00:01,1,Gynura Aurantiaca,2327,42.0,Moist
2026-09-04 22:00:01,3,Monstera Deliciosa,1302,86.0,Soggy
2026-09-04 22:00:01,2,Tradescantia Zebrina,2759,23.0,Moist
2026-09-04 22:30:01,3,Monstera Deliciosa,1334,85.0,Soggy
2026-09-04 22:30:01,1,Gynura Aurantiaca,2324,42.0,Moist
2026-09-04 22:30:02,2,Tradescantia Zebrina,2766,23.0,Moist
2026-09-04 23:00:01,3,Monstera Deliciosa,1331,85.0,Soggy
2026-09-04 23:00:01,1,Gynura Aurantiaca,2326,42.0,Moist
2026-09-04 23:00:01,2,Tradescantia Zebrina,2768,23.0,Moist
2026-09-04 23:30:00,3,Monstera Deliciosa,1328,85.0,Soggy
2026-09-04 23:30:01,1,Gynura Aurantiaca,2327,42.0,Moist
2026-09-04 23:30:02,2,Tradescantia Zebrina,2773,22.0,Moist
2026-09-05 00:00:01,3,Monstera Deliciosa,1333,85.0,Soggy
2026-09-05 00:00:01,1,Gynura Aurantiaca,2345,41.0,Moist
2026-09-05 00:00:01,2,Tradescantia Zebrina,2773,22.0,Moist
2026-09-05 00:30:00,2,Tradescantia Zebrina,2771,23.0,Moist
2026-09-05 00:30:01,3,Monstera Deliciosa,1328,85.0,Soggy
2026-09-05 00:30:01,1,Gynura Aurantiaca,2343,41.0,Moist
2026-09-05 01:00:01,1,Gynura Aurantiaca,2346,41.0,Moist
2026-09-05 01:00:01,2,Tradescantia Zebrina,2791,22.0,Moist
2026-09-05 01:00:01,3,Monstera Deliciosa,1334,85.0,Soggy
2026-09-05 01:30:01,2,Tradescantia Zebrina,2794,22.0,Moist
2026-09-05 01:30:01,1,Gynura Aurantiaca,2340,41.0,Moist
2026-09-05 01:30:01,3,Monstera Deliciosa,1328,85.0,Soggy
2026-09-05 02:00:00,3,Monstera Deliciosa,1334,85.0,Soggy
2026-09-05 02:00:01,2,Tradescantia Zebrina,2788,22.0,Moist
2026-09-05 02:00:01,1,Gynura Aurantiaca,2353,41.0,Moist
2026-09-05 02:30:00,2,Tradescantia Zebrina,2790,22.0,Moist
2026-09-05 02:30:01,3,Monstera Deliciosa,1322,86.0,Soggy
2026-09-05 02:30:01,1,Gynura Aurantiaca,2346,41.0,Moist
2026-09-05 03:00:00,2,Tradescantia Zebrina,2795,21.0,Moist
2026-09-05 03:00:01,1,Gynura Aurantiaca,2346,41.0,Moist
2026-09-05 03:00:01,3,Monstera Deliciosa,1328,85.0,Soggy
2026-09-05 03:30:00,3,Monstera Deliciosa,1325,85.0,Soggy
2026-09-05 03:30:00,1,Gynura Aurantiaca,2352,41.0,Moist
2026-09-05 03:30:01,2,Tradescantia Zebrina,2788,22.0,Moist
2026-09-05 04:00:01,1,Gynura Aurantiaca,2363,40.0,Moist
2026-09-05 04:00:01,3,Monstera Deliciosa,1329,85.0,Soggy
2026-09-05 04:00:01,2,Tradescantia Zebrina,2791,22.0,Moist
2026-09-05 04:30:00,2,Tradescantia Zebrina,2800,21.0,Moist
2026-09-05 04:30:01,1,Gynura Aurantiaca,2369,40.0,Moist
2026-09-05 04:30:01,3,Monstera Deliciosa,1337,85.0,Soggy
2026-09-05 05:00:00,1,Gynura Aurantiaca,2366,40.0,Moist
2026-09-05 05:00:00,3,Monstera Deliciosa,1335,85.0,Soggy
2026-09-05 05:00:01,2,Tradescantia Zebrina,2792,22.0,Moist
2026-09-05 05:30:01,1,Gynura Aurantiaca,2367,40.0,Moist
2026-09-05 05:30:01,3,Monstera Deliciosa,1312,86.0,Soggy
2026-09-05 05:30:01,2,Tradescantia Zebrina,2812,21.0,Moist
2026-09-05 06:00:01,1,Gynura Aurantiaca,2378,40.0,Moist
2026-09-05 06:00:01,3,Monstera Deliciosa,1327,85.0,Soggy
2026-09-05 06:00:03,2,Tradescantia Zebrina,2831,20.0,Dry
2026-09-05 06:30:00,1,Gynura Aurantiaca,2366,40.0,Moist
2026-09-05 06:30:01,3,Monstera Deliciosa,1334,85.0,Soggy
2026-09-05 06:30:02,2,Tradescantia Zebrina,2816,21.0,Moist
2026-09-05 07:00:01,1,Gynura Aurantiaca,2368,40.0,Moist
2026-09-05 07:00:01,3,Monstera Deliciosa,1347,84.0,Soggy
2026-09-05 07:00:02,2,Tradescantia Zebrina,2829,20.0,Dry
2026-09-05 07:30:01,1,Gynura Aurantiaca,2379,40.0,Moist
2026-09-05 07:30:01,2,Tradescantia Zebrina,2818,20.0,Dry
2026-09-05 07:30:01,3,Monstera Deliciosa,1331,85.0,Soggy
2026-09-05 08:00:00,1,Gynura Aurantiaca,2370,40.0,Moist
2026-09-05 08:00:02,2,Tradescantia Zebrina,2832,20.0,Dry
2026-09-05 08:00:02,3,Monstera Deliciosa,1319,86.0,Soggy
2026-09-05 08:30:01,3,Monstera Deliciosa,1347,84.0,Soggy
2026-09-05 08:30:01,1,Gynura Aurantiaca,2385,39.0,Moist
2026-09-05 08:30:01,2,Tradescantia Zebrina,2832,20.0,Dry
2026-09-05 09:00:01,1,Gynura Aurantiaca,2374,40.0,Moist
2026-09-05 09:00:01,3,Monstera Deliciosa,1351,84.0,Soggy
2026-09-05 09:00:01,2,Tradescantia Zebrina,2835,20.0,Dry
2026-09-05 09:30:00,1,Gynura Aurantiaca,2378,40.0,Moist
2026-09-05 09:30:00,2,Tradescantia Zebrina,2821,20.0,Dry
2026-09-05 09:30:02,3,Monstera Deliciosa,1341,85.0,Soggy
2026-09-05 10:00:01,1,Gynura Aurantiaca,1573,75.0,Optimal
2026-09-05 10:00:01,3,Monstera Deliciosa,1328,85.0,Soggy
2026-09-05 10:00:01,2,Tradescantia Zebrina,2415,38.0,Moist
2026-09-05 10:30:01,1,Gynura Aurantiaca,1584,74.0,Optimal
2026-09-05 10:30:01,2,Tradescantia Zebrina,2263,45.0,Moist
2026-09-05 10:30:01,3,Monstera Deliciosa,1346,84.0,Soggy
2026-09-05 11:00:01,1,Gynura Aurantiaca,1585,74.0,Optimal
2026-09-05 11:00:01,3,Monstera Deliciosa,1363,84.0,Soggy
2026-09-05 11:00:01,2,Tradescantia Zebrina,2149,50.0,Moist
2026-09-05 11:30:01,2,Tradescantia Zebrina,2097,52.0,Optimal
2026-09-05 11:30:01,1,Gynura Aurantiaca,1593,74.0,Optimal
2026-09-05 11:30:02,3,Monstera Deliciosa,1328,85.0,Soggy
2026-09-05 12:00:01,1,Gynura Aurantiaca,1596,74.0,Optimal
2026-09-05 12:00:01,2,Tradescantia Zebrina,2069,53.0,Optimal
2026-09-05 12:00:01,3,Monstera Deliciosa,1360,84.0,Soggy
2026-09-05 12:30:01,2,Tradescantia Zebrina,2032,55.0,Optimal
2026-09-05 12:30:01,1,Gynura Aurantiaca,1593,74.0,Optimal
2026-09-05 12:30:02,3,Monstera Deliciosa,1341,85.0,Soggy
2026-09-05 13:00:00,1,Gynura Aurantiaca,1607,73.0,Optimal
2026-09-05 13:00:01,3,Monstera Deliciosa,1360,84.0,Soggy
2026-09-05 13:00:01,2,Tradescantia Zebrina,2003,56.0,Optimal
2026-09-05 13:30:00,2,Tradescantia Zebrina,1978,57.0,Optimal
2026-09-05 13:30:01,1,Gynura Aurantiaca,1598,74.0,Optimal
2026-09-05 13:30:01,3,Monstera Deliciosa,1332,85.0,Soggy
2026-09-05 14:00:01,2,Tradescantia Zebrina,1975,57.0,Optimal
2026-09-05 14:00:01,1,Gynura Aurantiaca,1599,73.0,Optimal
2026-09-05 14:00:02,3,Monstera Deliciosa,1373,83.0,Soggy
2026-09-05 14:30:01,1,Gynura Aurantiaca,1591,74.0,Optimal
2026-09-05 14:30:01,2,Tradescantia Zebrina,1973,57.0,Optimal
2026-09-05 14:30:01,3,Monstera Deliciosa,1359,84.0,Soggy
2026-09-05 15:00:01,1,Gynura Aurantiaca,1590,74.0,Optimal
2026-09-05 15:00:01,3,Monstera Deliciosa,1339,85.0,Soggy
2026-09-05 15:00:01,2,Tradescantia Zebrina,1950,58.0,Optimal
2026-09-05 15:30:00,1,Gynura Aurantiaca,1594,74.0,Optimal
2026-09-05 15:30:00,3,Monstera Deliciosa,1329,85.0,Soggy
2026-09-05 15:30:01,2,Tradescantia Zebrina,1929,59.0,Optimal
2026-09-05 16:00:00,1,Gynura Aurantiaca,1593,74.0,Optimal
2026-09-05 16:00:00,3,Monstera Deliciosa,1369,83.0,Soggy
2026-09-05 16:00:01,2,Tradescantia Zebrina,1923,59.0,Optimal
2026-09-05 16:30:01,3,Monstera Deliciosa,1371,83.0,Soggy
2026-09-05 16:30:01,2,Tradescantia Zebrina,1943,59.0,Optimal
2026-09-05 16:30:02,1,Gynura Aurantiaca,1595,74.0,Optimal
2026-09-05 17:00:01,3,Monstera Deliciosa,1376,83.0,Soggy
2026-09-05 17:00:02,2,Tradescantia Zebrina,1936,59.0,Optimal
2026-09-05 17:00:03,1,Gynura Aurantiaca,1613,73.0,Optimal
2026-09-05 17:30:00,3,Monstera Deliciosa,1335,85.0,Soggy
2026-09-05 17:30:01,2,Tradescantia Zebrina,1919,60.0,Optimal
2026-09-05 17:30:01,1,Gynura Aurantiaca,1623,72.0,Optimal
2026-09-05 18:00:00,2,Tradescantia Zebrina,1929,59.0,Optimal
2026-09-05 18:00:00,1,Gynura Aurantiaca,1615,73.0,Optimal
2026-09-05 18:00:01,3,Monstera Deliciosa,1321,86.0,Soggy
2026-09-05 18:30:01,3,Monstera Deliciosa,1358,84.0,Soggy
2026-09-05 18:30:01,2,Tradescantia Zebrina,1931,59.0,Optimal
2026-09-05 18:30:01,1,Gynura Aurantiaca,1638,72.0,Optimal
2026-09-05 19:00:00,3,Monstera Deliciosa,1360,84.0,Soggy
2026-09-05 19:00:01,2,Tradescantia Zebrina,1909,60.0,Optimal
2026-09-05 19:00:01,1,Gynura Aurantiaca,1648,71.0,Optimal
2026-09-05 19:30:01,3,Monstera Deliciosa,1327,85.0,Soggy
2026-09-05 19:30:02,1,Gynura Aurantiaca,1639,72.0,Optimal
2026-09-05 19:30:02,2,Tradescantia Zebrina,1913,60.0,Optimal
2026-09-05 20:00:02,3,Monstera Deliciosa,1342,85.0,Soggy
2026-09-05 20:00:03,1,Gynura Aurantiaca,1623,72.0,Optimal
2026-09-05 20:00:03,2,Tradescantia Zebrina,1917,60.0,Optimal
2026-09-05 20:30:01,1,Gynura Aurantiaca,1647,71.0,Optimal
2026-09-05 20:30:01,2,Tradescantia Zebrina,1927,59.0,Optimal
2026-09-05 20:30:02,3,Monstera Deliciosa,1325,85.0,Soggy
2026-09-05 21:00:01,2,Tradescantia Zebrina,1923,59.0,Optimal
2026-09-05 21:00:01,3,Monstera Deliciosa,1331,85.0,Soggy
2026-09-05 21:00:02,1,Gynura Aurantiaca,1649,71.0,Optimal
2026-09-05 21:30:00,3,Monstera Deliciosa,1324,85.0,Soggy
2026-09-05 21:30:01,2,Tradescantia Zebrina,1900,60.0,Optimal
2026-09-05 21:30:01,1,Gynura Aurantiaca,1649,71.0,Optimal
2026-09-05 22:00:00,2,Tradescantia Zebrina,1890,61.0,Optimal
2026-09-05 22:00:01,3,Monstera Deliciosa,1342,85.0,Soggy
2026-09-05 22:00:01,1,Gynura Aurantiaca,1646,71.0,Optimal
2026-09-05 22:30:00,1,Gynura Aurantiaca,1638,72.0,Optimal
2026-09-05 22:30:01,2,Tradescantia Zebrina,1901,60.0,Optimal
2026-09-05 22:30:01,3,Monstera Deliciosa,1345,85.0,Soggy
2026-09-05 23:00:00,3,Monstera Deliciosa,1326,85.0,Soggy
2026-09-05 23:00:00,1,Gynura Aurantiaca,1641,72.0,Optimal
2026-09-05 23:00:01,2,Tradescantia Zebrina,1887,61.0,Optimal
2026-09-05 23:30:00,3,Monstera Deliciosa,1344,85.0,Soggy
2026-09-05 23:30:01,1,Gynura Aurantiaca,1647,71.0,Optimal
2026-09-05 23:30:01,2,Tradescantia Zebrina,1893,61.0,Optimal
2026-09-06 00:00:01,3,Monstera Deliciosa,1331,85.0,Soggy
2026-09-06 00:00:01,2,Tradescantia Zebrina,1915,60.0,Optimal
2026-09-06 00:00:01,1,Gynura Aurantiaca,1648,71.0,Optimal
2026-09-06 00:30:01,1,Gynura Aurantiaca,1659,71.0,Optimal
2026-09-06 00:30:01,3,Monstera Deliciosa,1327,85.0,Soggy
2026-09-06 00:30:02,2,Tradescantia Zebrina,1902,60.0,Optimal
2026-09-06 01:00:01,3,Monstera Deliciosa,1327,85.0,Soggy
2026-09-06 01:00:01,2,Tradescantia Zebrina,1903,60.0,Optimal
2026-09-06 01:00:01,1,Gynura Aurantiaca,1649,71.0,Optimal
2026-09-06 01:30:01,3,Monstera Deliciosa,1349,84.0,Soggy
2026-09-06 01:30:02,2,Tradescantia Zebrina,1901,60.0,Optimal
2026-09-06 01:30:02,1,Gynura Aurantiaca,1663,71.0,Optimal
2026-09-06 02:00:01,3,Monstera Deliciosa,1342,85.0,Soggy
2026-09-06 02:00:01,2,Tradescantia Zebrina,1904,60.0,Optimal
2026-09-06 02:00:01,1,Gynura Aurantiaca,1671,70.0,Optimal
2026-09-06 02:30:00,2,Tradescantia Zebrina,1887,61.0,Optimal
2026-09-06 02:30:01,1,Gynura Aurantiaca,1651,71.0,Optimal
2026-09-06 02:30:01,3,Monstera Deliciosa,1331,85.0,Soggy
2026-09-06 03:00:00,3,Monstera Deliciosa,1344,85.0,Soggy
2026-09-06 03:00:01,2,Tradescantia Zebrina,1904,60.0,Optimal
2026-09-06 03:00:01,1,Gynura Aurantiaca,1673,70.0,Optimal
2026-09-06 03:30:00,3,Monstera Deliciosa,1357,84.0,Soggy
2026-09-06 03:30:01,1,Gynura Aurantiaca,1675,70.0,Optimal
2026-09-06 03:30:01,2,Tradescantia Zebrina,1911,60.0,Optimal
2026-09-06 04:00:01,1,Gynura Aurantiaca,1651,71.0,Optimal
2026-09-06 04:00:01,3,Monstera Deliciosa,1326,85.0,Soggy
2026-09-06 04:00:01,2,Tradescantia Zebrina,1910,60.0,Optimal
2026-09-06 04:30:00,3,Monstera Deliciosa,1351,84.0,Soggy
2026-09-06 04:30:01,2,Tradescantia Zebrina,1909,60.0,Optimal
2026-09-06 04:30:01,1,Gynura Aurantiaca,1671,70.0,Optimal
2026-09-06 05:00:01,3,Monstera Deliciosa,1360,84.0,Soggy
2026-09-06 05:00:01,1,Gynura Aurantiaca,1664,71.0,Optimal
2026-09-06 05:00:01,2,Tradescantia Zebrina,1906,60.0,Optimal
2026-09-06 05:30:01,1,Gynura Aurantiaca,1665,71.0,Optimal
2026-09-06 05:30:01,2,Tradescantia Zebrina,1923,59.0,Optimal
2026-09-06 05:30:02,3,Monstera Deliciosa,1341,85.0,Soggy
2026-09-06 06:00:01,1,Gynura Aurantiaca,1680,70.0,Optimal
2026-09-06 06:00:01,2,Tradescantia Zebrina,1908,60.0,Optimal
2026-09-06 06:00:02,3,Monstera Deliciosa,1342,85.0,Soggy
2026-09-06 06:30:00,1,Gynura Aurantiaca,1670,70.0,Optimal
2026-09-06 06:30:00,2,Tradescantia Zebrina,1909,60.0,Optimal
2026-09-06 06:30:01,3,Monstera Deliciosa,1359,84.0,Soggy
2026-09-06 07:00:01,2,Tradescantia Zebrina,1904,60.0,Optimal
2026-09-06 07:00:01,1,Gynura Aurantiaca,1678,70.0,Optimal
2026-09-06 07:00:01,3,Monstera Deliciosa,1359,84.0,Soggy
2026-09-06 07:30:01,2,Tradescantia Zebrina,1902,60.0,Optimal
2026-09-06 07:30:01,3,Monstera Deliciosa,1363,84.0,Soggy
2026-09-06 07:30:01,1,Gynura Aurantiaca,1676,70.0,Optimal
2026-09-06 08:00:01,3,Monstera Deliciosa,1362,84.0,Soggy
2026-09-06 08:00:01,1,Gynura Aurantiaca,1691,69.0,Optimal
2026-09-06 08:00:01,2,Tradescantia Zebrina,1919,60.0,Optimal
2026-09-06 08:30:01,2,Tradescantia Zebrina,1927,59.0,Optimal
2026-09-06 08:30:01,3,Monstera Deliciosa,1366,84.0,Soggy
2026-09-06 08:30:01,1,Gynura Aurantiaca,1699,69.0,Optimal
2026-09-06 09:00:01,3,Monstera Deliciosa,1359,84.0,Soggy
2026-09-06 09:00:01,1,Gynura Aurantiaca,1682,70.0,Optimal
2026-09-06 09:00:02,2,Tradescantia Zebrina,1933,59.0,Optimal
2026-09-06 09:30:01,3,Monstera Deliciosa,1379,83.0,Soggy
2026-09-06 09:30:01,2,Tradescantia Zebrina,1919,60.0,Optimal
2026-09-06 09:30:01,1,Gynura Aurantiaca,1679,70.0,Optimal
2026-09-06 10:00:01,1,Gynura Aurantiaca,1684,70.0,Optimal
2026-09-06 10:00:01,2,Tradescantia Zebrina,1936,59.0,Optimal
2026-09-06 10:00:01,3,Monstera Deliciosa,1335,85.0,Soggy
2026-09-06 10:30:01,1,Gynura Aurantiaca,1690,70.0,Optimal
2026-09-06 10:30:01,3,Monstera Deliciosa,1377,83.0,Soggy
2026-09-06 10:30:01,2,Tradescantia Zebrina,1940,59.0,Optimal
2026-09-06 11:00:01,1,Gynura Aurantiaca,1699,69.0,Optimal
2026-09-06 11:00:01,3,Monstera Deliciosa,1377,83.0,Soggy
2026-09-06 11:00:01,2,Tradescantia Zebrina,1932,59.0,Optimal
2026-09-06 11:30:01,1,Gynura Aurantiaca,1685,70.0,Optimal
2026-09-06 11:30:01,3,Monstera Deliciosa,1386,83.0,Soggy
2026-09-06 11:30:01,2,Tradescantia Zebrina,1936,59.0,Optimal
2026-09-06 12:00:00,1,Gynura Aurantiaca,1703,69.0,Optimal
2026-09-06 12:00:01,2,Tradescantia Zebrina,1942,59.0,Optimal
2026-09-06 12:00:01,3,Monstera Deliciosa,1392,82.0,Soggy
2026-09-06 12:30:00,1,Gynura Aurantiaca,1680,70.0,Optimal
2026-09-06 12:30:01,2,Tradescantia Zebrina,1930,59.0,Optimal
2026-09-06 12:30:02,3,Monstera Deliciosa,1359,84.0,Soggy
2026-09-06 13:00:01,2,Tradescantia Zebrina,1945,58.0,Optimal
2026-09-06 13:00:01,1,Gynura Aurantiaca,1690,70.0,Optimal
2026-09-06 13:00:02,3,Monstera Deliciosa,1344,85.0,Soggy
2026-09-06 13:30:01,2,Tradescantia Zebrina,1933,59.0,Optimal
2026-09-06 13:30:01,1,Gynura Aurantiaca,1683,70.0,Optimal
2026-09-06 13:30:02,3,Monstera Deliciosa,1343,85.0,Soggy
2026-09-06 14:00:01,1,Gynura Aurantiaca,1707,69.0,Optimal
2026-09-06 14:00:01,2,Tradescantia Zebrina,1957,58.0,Optimal
2026-09-06 14:00:01,3,Monstera Deliciosa,1362,84.0,Soggy
2026-09-06 14:30:01,3,Monstera Deliciosa,1391,83.0,Soggy
2026-09-06 14:30:01,1,Gynura Aurantiaca,1694,69.0,Optimal
2026-09-06 14:30:02,2,Tradescantia Zebrina,1949,58.0,Optimal
2026-09-06 15:00:01,1,Gynura Aurantiaca,1689,70.0,Optimal
2026-09-06 15:00:01,3,Monstera Deliciosa,1367,84.0,Soggy
2026-09-06 15:00:02,2,Tradescantia Zebrina,1946,58.0,Optimal
2026-09-06 15:30:00,3,Monstera Deliciosa,1373,83.0,Soggy
2026-09-06 15:30:01,1,Gynura Aurantiaca,1703,69.0,Optimal
2026-09-06 15:30:01,2,Tradescantia Zebrina,1951,58.0,Optimal
2026-09-06 16:00:01,1,Gynura Aurantiaca,1687,70.0,Optimal
2026-09-06 16:00:01,3,Monstera Deliciosa,1378,83.0,Soggy
2026-09-06 16:00:01,2,Tradescantia Zebrina,1965,58.0,Optimal
2026-09-06 16:30:00,1,Gynura Aurantiaca,1709,69.0,Optimal
2026-09-06 16:30:01,3,Monstera Deliciosa,1379,83.0,Soggy
2026-09-06 16:30:02,2,Tradescantia Zebrina,1965,58.0,Optimal
2026-09-06 17:00:01,3,Monstera Deliciosa,1360,84.0,Soggy
2026-09-06 17:00:01,1,Gynura Aurantiaca,1706,69.0,Optimal
2026-09-06 17:00:01,2,Tradescantia Zebrina,1968,57.0,Optimal
2026-09-06 17:30:01,3,Monstera Deliciosa,1385,83.0,Soggy
2026-09-06 17:30:01,1,Gynura Aurantiaca,1694,69.0,Optimal
2026-09-06 17:30:01,2,Tradescantia Zebrina,1969,57.0,Optimal
2026-09-06 18:00:01,1,Gynura Aurantiaca,1702,69.0,Optimal
2026-09-06 18:00:01,2,Tradescantia Zebrina,1963,58.0,Optimal
2026-09-06 18:00:01,3,Monstera Deliciosa,1374,83.0,Soggy
2026-09-06 18:30:01,3,Monstera Deliciosa,1387,83.0,Soggy
2026-09-06 18:30:01,2,Tradescantia Zebrina,1978,57.0,Optimal
2026-09-06 18:30:01,1,Gynura Aurantiaca,1711,69.0,Optimal
2026-09-06 19:00:01,1,Gynura Aurantiaca,1707,69.0,Optimal
2026-09-06 19:00:01,3,Monstera Deliciosa,1363,84.0,Soggy
2026-09-06 19:00:02,2,Tradescantia Zebrina,1961,58.0,Optimal
2026-09-06 19:30:01,3,Monstera Deliciosa,1392,82.0,Soggy
2026-09-06 19:30:01,2,Tradescantia Zebrina,1975,57.0,Optimal
2026-09-06 19:30:04,1,Gynura Aurantiaca,1723,68.0,Optimal
2026-09-06 20:00:01,3,Monstera Deliciosa,1371,83.0,Soggy
2026-09-06 20:00:01,2,Tradescantia Zebrina,1977,57.0,Optimal
2026-09-06 20:00:04,1,Gynura Aurantiaca,1716,68.0,Optimal
2026-09-06 20:30:01,3,Monstera Deliciosa,1390,83.0,Soggy
2026-09-06 20:30:01,2,Tradescantia Zebrina,1968,57.0,Optimal
2026-09-06 20:30:01,1,Gynura Aurantiaca,1712,69.0,Optimal
2026-09-06 21:00:00,2,Tradescantia Zebrina,1985,57.0,Optimal
2026-09-06 21:00:00,1,Gynura Aurantiaca,1709,69.0,Optimal
2026-09-06 21:00:01,3,Monstera Deliciosa,1375,83.0,Soggy
2026-09-06 21:30:00,3,Monstera Deliciosa,1373,83.0,Soggy
2026-09-06 21:30:01,2,Tradescantia Zebrina,1977,57.0,Optimal
2026-09-06 21:30:01,1,Gynura Aurantiaca,1714,68.0,Optimal
2026-09-06 22:00:01,3,Monstera Deliciosa,1377,83.0,Soggy
2026-09-06 22:00:01,2,Tradescantia Zebrina,1983,57.0,Optimal
2026-09-06 22:00:03,1,Gynura Aurantiaca,1722,68.0,Optimal
2026-09-06 22:30:01,2,Tradescantia Zebrina,1966,58.0,Optimal
2026-09-06 22:30:01,3,Monstera Deliciosa,1391,83.0,Soggy
2026-09-06 22:30:01,1,Gynura Aurantiaca,1701,69.0,Optimal
2026-09-06 23:00:01,3,Monstera Deliciosa,1375,83.0,Soggy
2026-09-06 23:00:01,1,Gynura Aurantiaca,1723,68.0,Optimal
2026-09-06 23:00:01,2,Tradescantia Zebrina,1955,58.0,Optimal
2026-09-06 23:30:00,2,Tradescantia Zebrina,1990,56.0,Optimal
2026-09-06 23:30:01,3,Monstera Deliciosa,1389,83.0,Soggy
2026-09-06 23:30:01,1,Gynura Aurantiaca,1712,69.0,Optimal
2026-09-07 00:00:01,1,Gynura Aurantiaca,1722,68.0,Optimal
2026-09-07 00:00:01,3,Monstera Deliciosa,1389,83.0,Soggy
2026-09-07 00:00:01,2,Tradescantia Zebrina,1991,56.0,Optimal
2026-09-07 00:30:01,3,Monstera Deliciosa,1389,83.0,Soggy
2026-09-07 00:30:01,1,Gynura Aurantiaca,1726,68.0,Optimal
2026-09-07 00:30:01,2,Tradescantia Zebrina,1986,57.0,Optimal
2026-09-07 01:00:00,3,Monstera Deliciosa,1412,82.0,Soggy
2026-09-07 01:00:01,2,Tradescantia Zebrina,1991,56.0,Optimal
2026-09-07 01:00:02,1,Gynura Aurantiaca,1722,68.0,Optimal
2026-09-07 01:30:01,3,Monstera Deliciosa,1367,84.0,Soggy
2026-09-07 01:30:01,1,Gynura Aurantiaca,1715,68.0,Optimal
2026-09-07 01:30:01,2,Tradescantia Zebrina,1997,56.0,Optimal
2026-09-07 02:00:01,2,Tradescantia Zebrina,1999,56.0,Optimal
2026-09-07 02:00:01,3,Monstera Deliciosa,1391,83.0,Soggy
2026-09-07 02:00:01,1,Gynura Aurantiaca,1738,67.0,Optimal
2026-09-07 02:30:01,1,Gynura Aurantiaca,1739,67.0,Optimal
2026-09-07 02:30:01,3,Monstera Deliciosa,1369,83.0,Soggy
2026-09-07 02:30:01,2,Tradescantia Zebrina,2006,56.0,Optimal
2026-09-07 03:00:01,2,Tradescantia Zebrina,1991,56.0,Optimal
2026-09-07 03:00:01,1,Gynura Aurantiaca,1742,67.0,Optimal
2026-09-07 03:00:01,3,Monstera Deliciosa,1381,83.0,Soggy
2026-09-07 03:30:01,1,Gynura Aurantiaca,1747,67.0,Optimal
2026-09-07 03:30:01,3,Monstera Deliciosa,1392,82.0,Soggy
2026-09-07 03:30:01,2,Tradescantia Zebrina,2000,56.0,Optimal
2026-09-07 04:00:02,2,Tradescantia Zebrina,1987,57.0,Optimal
2026-09-07 04:00:02,3,Monstera Deliciosa,1370,83.0,Soggy
2026-09-07 04:00:02,1,Gynura Aurantiaca,1729,68.0,Optimal
2026-09-07 04:30:02,3,Monstera Deliciosa,1402,82.0,Soggy
2026-09-07 04:30:02,1,Gynura Aurantiaca,1744,67.0,Optimal
2026-09-07 04:30:02,2,Tradescantia Zebrina,2013,55.0,Optimal
2026-09-07 05:00:01,2,Tradescantia Zebrina,2018,55.0,Optimal
2026-09-07 05:00:01,3,Monstera Deliciosa,1391,83.0,Soggy
2026-09-07 05:00:01,1,Gynura Aurantiaca,1763,66.0,Optimal
2026-09-07 05:30:00,3,Monstera Deliciosa,1376,83.0,Soggy
2026-09-07 05:30:01,1,Gynura Aurantiaca,1763,66.0,Optimal
2026-09-07 05:30:01,2,Tradescantia Zebrina,2027,55.0,Optimal
2026-09-07 06:00:01,3,Monstera Deliciosa,1374,83.0,Soggy
2026-09-07 06:00:01,2,Tradescantia Zebrina,2013,55.0,Optimal
2026-09-07 06:00:03,1,Gynura Aurantiaca,1742,67.0,Optimal
2026-09-07 06:30:00,1,Gynura Aurantiaca,1750,67.0,Optimal
2026-09-07 06:30:01,3,Monstera Deliciosa,1376,83.0,Soggy
2026-09-07 06:30:01,2,Tradescantia Zebrina,2032,55.0,Optimal
2026-09-07 07:00:00,3,Monstera Deliciosa,1392,82.0,Soggy
2026-09-07 07:00:00,1,Gynura Aurantiaca,1762,66.0,Optimal
2026-09-07 07:00:00,2,Tradescantia Zebrina,2043,54.0,Optimal
2026-09-07 07:30:00,3,Monstera Deliciosa,1401,82.0,Soggy
2026-09-07 07:30:01,1,Gynura Aurantiaca,1776,66.0,Optimal
2026-09-07 07:30:01,2,Tradescantia Zebrina,2019,55.0,Optimal
2026-09-07 08:00:01,3,Monstera Deliciosa,1424,81.0,Soggy
2026-09-07 08:00:01,2,Tradescantia Zebrina,2064,53.0,Optimal
2026-09-07 08:00:01,1,Gynura Aurantiaca,1760,66.0,Optimal
2026-09-07 08:30:01,1,Gynura Aurantiaca,1755,67.0,Optimal
2026-09-07 08:30:01,3,Monstera Deliciosa,1424,81.0,Soggy
2026-09-07 08:30:01,2,Tradescantia Zebrina,2078,53.0,Optimal
2026-09-07 09:00:00,3,Monstera Deliciosa,1382,83.0,Soggy
2026-09-07 09:00:01,2,Tradescantia Zebrina,2078,53.0,Optimal
2026-09-07 09:00:01,1,Gynura Aurantiaca,1759,67.0,Optimal
2026-09-07 09:30:00,1,Gynura Aurantiaca,1768,66.0,Optimal
2026-09-07 09:30:01,3,Monstera Deliciosa,1393,82.0,Soggy
2026-09-07 09:30:01,2,Tradescantia Zebrina,2065,53.0,Optimal
2026-09-07 10:00:01,1,Gynura Aurantiaca,1760,66.0,Optimal
2026-09-07 10:00:01,3,Monstera Deliciosa,1403,82.0,Soggy
2026-09-07 10:00:02,2,Tradescantia Zebrina,2074,53.0,Optimal
2026-09-07 10:30:01,3,Monstera Deliciosa,1392,82.0,Soggy
2026-09-07 10:30:01,2,Tradescantia Zebrina,2091,52.0,Optimal
2026-09-07 10:30:02,1,Gynura Aurantiaca,1777,66.0,Optimal
2026-09-07 11:00:01,1,Gynura Aurantiaca,1762,66.0,Optimal
2026-09-07 11:00:01,2,Tradescantia Zebrina,2083,52.0,Optimal
2026-09-07 11:00:01,3,Monstera Deliciosa,1425,81.0,Soggy
2026-09-07 11:30:00,2,Tradescantia Zebrina,2100,52.0,Optimal
2026-09-07 11:30:00,1,Gynura Aurantiaca,1772,66.0,Optimal
2026-09-07 11:30:01,3,Monstera Deliciosa,1365,84.0,Soggy
2026-09-07 12:00:00,1,Gynura Aurantiaca,1773,66.0,Optimal
2026-09-07 12:00:00,2,Tradescantia Zebrina,2096,52.0,Optimal
2026-09-07 12:00:02,3,Monstera Deliciosa,1409,82.0,Soggy
2026-09-07 12:30:01,1,Gynura Aurantiaca,1776,66.0,Optimal
2026-09-07 12:30:01,3,Monstera Deliciosa,1393,82.0,Soggy
2026-09-07 12:30:01,2,Tradescantia Zebrina,2100,52.0,Optimal
2026-09-07 13:00:01,1,Gynura Aurantiaca,1778,66.0,Optimal
2026-09-07 13:00:01,3,Monstera Deliciosa,1409,82.0,Soggy
2026-09-07 13:00:02,2,Tradescantia Zebrina,2111,51.0,Optimal
2026-09-07 13:30:01,1,Gynura Aurantiaca,1770,66.0,Optimal
2026-09-07 13:30:01,2,Tradescantia Zebrina,2111,51.0,Optimal
2026-09-07 13:30:01,3,Monstera Deliciosa,1396,82.0,Soggy
2026-09-07 14:00:01,2,Tradescantia Zebrina,2107,51.0,Optimal
2026-09-07 14:00:01,1,Gynura Aurantiaca,1781,66.0,Optimal
2026-09-07 14:00:01,3,Monstera Deliciosa,1395,82.0,Soggy
2026-09-07 14:30:00,2,Tradescantia Zebrina,2115,51.0,Optimal
2026-09-07 14:30:01,3,Monstera Deliciosa,1415,81.0,Soggy
2026-09-07 14:30:02,1,Gynura Aurantiaca,1785,65.0,Optimal
2026-09-07 15:00:01,1,Gynura Aurantiaca,1781,66.0,Optimal
2026-09-07 15:00:01,2,Tradescantia Zebrina,2138,50.0,Moist
2026-09-07 15:00:01,3,Monstera Deliciosa,1417,81.0,Soggy
2026-09-07 15:30:01,3,Monstera Deliciosa,1403,82.0,Soggy
2026-09-07 15:30:01,1,Gynura Aurantiaca,1789,65.0,Optimal
2026-09-07 15:30:01,2,Tradescantia Zebrina,2139,50.0,Moist
2026-09-07 16:00:01,2,Tradescantia Zebrina,2146,50.0,Moist
2026-09-07 16:00:02,1,Gynura Aurantiaca,1794,65.0,Optimal
2026-09-07 16:00:02,3,Monstera Deliciosa,1392,82.0,Soggy
2026-09-07 16:30:01,3,Monstera Deliciosa,1407,82.0,Soggy
2026-09-07 16:30:01,1,Gynura Aurantiaca,1787,65.0,Optimal
2026-09-07 16:30:01,2,Tradescantia Zebrina,2144,50.0,Moist
2026-09-07 17:00:00,3,Monstera Deliciosa,1389,83.0,Soggy
2026-09-07 17:00:01,2,Tradescantia Zebrina,2135,50.0,Moist
2026-09-07 17:00:01,1,Gynura Aurantiaca,1797,65.0,Optimal
2026-09-07 17:30:01,3,Monstera Deliciosa,1418,81.0,Soggy
2026-09-07 17:30:01,1,Gynura Aurantiaca,1792,65.0,Optimal
2026-09-07 17:30:01,2,Tradescantia Zebrina,2128,50.0,Moist
2026-09-07 18:00:01,2,Tradescantia Zebrina,2149,50.0,Moist
2026-09-07 18:00:01,1,Gynura Aurantiaca,1808,64.0,Optimal
2026-09-07 18:00:02,3,Monstera Deliciosa,1419,81.0,Soggy
2026-09-07 18:30:01,3,Monstera Deliciosa,1418,81.0,Soggy
2026-09-07 18:30:01,1,Gynura Aurantiaca,1805,65.0,Optimal
2026-09-07 18:30:01,2,Tradescantia Zebrina,2147,50.0,Moist
2026-09-07 19:00:00,2,Tradescantia Zebrina,2162,49.0,Moist
2026-09-07 19:00:01,3,Monstera Deliciosa,1418,81.0,Soggy
2026-09-07 19:00:01,1,Gynura Aurantiaca,1810,64.0,Optimal
2026-09-07 19:30:00,1,Gynura Aurantiaca,1808,64.0,Optimal
2026-09-07 19:30:00,3,Monstera Deliciosa,1428,81.0,Soggy
2026-09-07 19:30:01,2,Tradescantia Zebrina,2162,49.0,Moist
2026-09-07 20:00:01,1,Gynura Aurantiaca,1808,64.0,Optimal
2026-09-07 20:00:01,2,Tradescantia Zebrina,2156,49.0,Moist
2026-09-07 20:00:01,3,Monstera Deliciosa,1420,81.0,Soggy
2026-09-07 20:30:00,3,Monstera Deliciosa,1402,82.0,Soggy
2026-09-07 20:30:00,2,Tradescantia Zebrina,2167,49.0,Moist
2026-09-07 20:30:01,1,Gynura Aurantiaca,1822,64.0,Optimal
2026-09-07 21:00:01,3,Monstera Deliciosa,1409,82.0,Soggy
2026-09-07 21:00:01,1,Gynura Aurantiaca,1807,64.0,Optimal
2026-09-07 21:00:01,2,Tradescantia Zebrina,2170,49.0,Moist
2026-09-07 21:30:00,1,Gynura Aurantiaca,1809,64.0,Optimal
2026-09-07 21:30:01,3,Monstera Deliciosa,1426,81.0,Soggy
2026-09-07 21:30:01,2,Tradescantia Zebrina,2171,49.0,Moist
2026-09-07 22:00:01,2,Tradescantia Zebrina,2176,48.0,Moist
2026-09-07 22:00:01,3,Monstera Deliciosa,1418,81.0,Soggy
2026-09-07 22:00:01,1,Gynura Aurantiaca,1819,64.0,Optimal
2026-09-07 22:30:02,2,Tradescantia Zebrina,2225,46.0,Moist
2026-09-07 22:30:02,1,Gynura Aurantiaca,1837,63.0,Optimal
2026-09-07 22:30:02,3,Monstera Deliciosa,1403,82.0,Soggy
2026-09-07 23:00:01,1,Gynura Aurantiaca,1872,62.0,Optimal
2026-09-07 23:00:01,3,Monstera Deliciosa,1411,82.0,Soggy
2026-09-07 23:00:02,2,Tradescantia Zebrina,2217,47.0,Moist
2026-09-07 23:30:00,3,Monstera Deliciosa,1415,81.0,Soggy
2026-09-07 23:30:00,1,Gynura Aurantiaca,1870,62.0,Optimal
2026-09-07 23:30:01,2,Tradescantia Zebrina,2224,46.0,Moist
2026-09-08 00:00:01,3,Monstera Deliciosa,1414,82.0,Soggy
2026-09-08 00:00:01,2,Tradescantia Zebrina,2239,46.0,Moist
2026-09-08 00:00:01,1,Gynura Aurantiaca,1884,61.0,Optimal
2026-09-08 00:30:00,1,Gynura Aurantiaca,1889,61.0,Optimal
2026-09-08 00:30:01,3,Monstera Deliciosa,1410,82.0,Soggy
2026-09-08 00:30:01,2,Tradescantia Zebrina,2226,46.0,Moist
2026-09-08 01:00:01,1,Gynura Aurantiaca,1899,60.0,Optimal
2026-09-08 01:00:01,2,Tradescantia Zebrina,2240,46.0,Moist
2026-09-08 01:00:01,3,Monstera Deliciosa,1419,81.0,Soggy
2026-09-08 01:30:01,2,Tradescantia Zebrina,2220,46.0,Moist
2026-09-08 01:30:01,1,Gynura Aurantiaca,1893,61.0,Optimal
2026-09-08 01:30:02,3,Monstera Deliciosa,1392,82.0,Soggy
2026-09-08 02:00:00,1,Gynura Aurantiaca,1897,61.0,Optimal
2026-09-08 02:00:00,2,Tradescantia Zebrina,2234,46.0,Moist
2026-09-08 02:00:01,3,Monstera Deliciosa,1409,82.0,Soggy
2026-09-08 02:30:00,3,Monstera Deliciosa,1419,81.0,Soggy
2026-09-08 02:30:01,1,Gynura Aurantiaca,1923,59.0,Optimal
2026-09-08 02:30:01,2,Tradescantia Zebrina,2242,46.0,Moist
2026-09-08 03:00:00,3,Monstera Deliciosa,1413,82.0,Soggy
2026-09-08 03:00:01,1,Gynura Aurantiaca,1922,59.0,Optimal
2026-09-08 03:00:01,2,Tradescantia Zebrina,2240,46.0,Moist
2026-09-08 03:30:01,1,Gynura Aurantiaca,1932,59.0,Optimal
2026-09-08 03:30:01,3,Monstera Deliciosa,1421,81.0,Soggy
2026-09-08 03:30:01,2,Tradescantia Zebrina,2251,45.0,Moist
2026-09-08 04:00:01,1,Gynura Aurantiaca,1937,59.0,Optimal
2026-09-08 04:00:01,3,Monstera Deliciosa,1430,81.0,Soggy
2026-09-08 04:00:01,2,Tradescantia Zebrina,2253,45.0,Moist
2026-09-08 04:30:00,1,Gynura Aurantiaca,1947,58.0,Optimal
2026-09-08 04:30:00,3,Monstera Deliciosa,1411,82.0,Soggy
2026-09-08 04:30:02,2,Tradescantia Zebrina,2247,45.0,Moist
2026-09-08 05:00:01,1,Gynura Aurantiaca,1936,59.0,Optimal
2026-09-08 05:00:01,3,Monstera Deliciosa,1411,82.0,Soggy
2026-09-08 05:00:01,2,Tradescantia Zebrina,2256,45.0,Moist
2026-09-08 05:30:01,2,Tradescantia Zebrina,2256,45.0,Moist
2026-09-08 05:30:01,1,Gynura Aurantiaca,1954,58.0,Optimal
2026-09-08 05:30:01,3,Monstera Deliciosa,1437,81.0,Soggy
2026-09-08 06:00:01,1,Gynura Aurantiaca,1955,58.0,Optimal
2026-09-08 06:00:01,2,Tradescantia Zebrina,2278,44.0,Moist
2026-09-08 06:00:01,3,Monstera Deliciosa,1421,81.0,Soggy
2026-09-08 06:30:01,3,Monstera Deliciosa,1437,81.0,Soggy
2026-09-08 06:30:01,2,Tradescantia Zebrina,2251,45.0,Moist
2026-09-08 06:30:01,1,Gynura Aurantiaca,1955,58.0,Optimal
2026-09-08 07:00:00,1,Gynura Aurantiaca,1967,57.0,Optimal
2026-09-08 07:00:01,3,Monstera Deliciosa,1444,80.0,Optimal
2026-09-08 07:00:01,2,Tradescantia Zebrina,2277,44.0,Moist
2026-09-08 07:30:01,1,Gynura Aurantiaca,1969,57.0,Optimal
2026-09-08 07:30:01,2,Tradescantia Zebrina,2278,44.0,Moist
2026-09-08 07:30:02,3,Monstera Deliciosa,1443,80.0,Optimal
2026-09-08 08:00:01,2,Tradescantia Zebrina,2278,44.0,Moist
2026-09-08 08:00:01,1,Gynura Aurantiaca,1961,58.0,Optimal
2026-09-08 08:00:01,3,Monstera Deliciosa,1434,81.0,Soggy
2026-09-08 08:30:00,2,Tradescantia Zebrina,2303,43.0,Moist
2026-09-08 08:30:01,3,Monstera Deliciosa,1436,81.0,Soggy
2026-09-08 08:30:01,1,Gynura Aurantiaca,1982,57.0,Optimal
2026-09-08 09:00:00,2,Tradescantia Zebrina,2301,43.0,Moist
2026-09-08 09:00:01,1,Gynura Aurantiaca,1968,57.0,Optimal
2026-09-08 09:00:01,3,Monstera Deliciosa,1458,80.0,Optimal
2026-09-08 09:30:00,3,Monstera Deliciosa,1457,80.0,Optimal
2026-09-08 09:30:01,1,Gynura Aurantiaca,1973,57.0,Optimal
2026-09-08 09:30:01,2,Tradescantia Zebrina,2307,43.0,Moist
2026-09-08 10:00:00,3,Monstera Deliciosa,1451,80.0,Optimal
2026-09-08 10:00:01,1,Gynura Aurantiaca,1984,57.0,Optimal
2026-09-08 10:00:01,2,Tradescantia Zebrina,2293,43.0,Moist
2026-09-08 10:30:00,2,Tradescantia Zebrina,2299,43.0,Moist
2026-09-08 10:30:01,3,Monstera Deliciosa,1451,80.0,Optimal
2026-09-08 10:30:01,1,Gynura Aurantiaca,1971,57.0,Optimal
2026-09-08 11:00:00,1,Gynura Aurantiaca,1979,57.0,Optimal
2026-09-08 11:00:01,2,Tradescantia Zebrina,2308,43.0,Moist
2026-09-08 11:00:01,3,Monstera Deliciosa,1444,80.0,Optimal
2026-09-08 11:30:00,3,Monstera Deliciosa,1430,81.0,Soggy
2026-09-08 11:30:00,1,Gynura Aurantiaca,1986,57.0,Optimal
2026-09-08 11:30:01,2,Tradescantia Zebrina,2318,42.0,Moist
2026-09-08 12:00:00,3,Monstera Deliciosa,1456,80.0,Optimal
2026-09-08 12:00:00,2,Tradescantia Zebrina,2335,41.0,Moist
2026-09-08 12:00:01,1,Gynura Aurantiaca,1994,56.0,Optimal
2026-09-08 12:30:01,3,Monstera Deliciosa,1437,81.0,Soggy
2026-09-08 12:30:01,2,Tradescantia Zebrina,2320,42.0,Moist
2026-09-08 12:30:01,1,Gynura Aurantiaca,1978,57.0,Optimal
2026-09-08 13:00:01,3,Monstera Deliciosa,1427,81.0,Soggy
2026-09-08 13:00:02,2,Tradescantia Zebrina,2323,42.0,Moist
2026-09-08 13:00:03,1,Gynura Aurantiaca,1990,56.0,Optimal
2026-09-08 13:30:01,3,Monstera Deliciosa,1454,80.0,Optimal
2026-09-08 13:30:01,2,Tradescantia Zebrina,2342,41.0,Moist
2026-09-08 13:30:01,1,Gynura Aurantiaca,2001,56.0,Optimal
2026-09-08 14:00:01,1,Gynura Aurantiaca,2014,55.0,Optimal
2026-09-08 14:00:01,3,Monstera Deliciosa,1452,80.0,Optimal
2026-09-08 14:00:01,2,Tradescantia Zebrina,2351,41.0,Moist
2026-09-08 14:30:00,2,Tradescantia Zebrina,2329,42.0,Moist
2026-09-08 14:30:00,3,Monstera Deliciosa,1447,80.0,Optimal
2026-09-08 14:30:01,1,Gynura Aurantiaca,2002,56.0,Optimal
2026-09-08 15:00:00,1,Gynura Aurantiaca,2023,55.0,Optimal
2026-09-08 15:00:01,2,Tradescantia Zebrina,2358,40.0,Moist
2026-09-08 15:00:01,3,Monstera Deliciosa,1463,79.0,Optimal
2026-09-08 15:30:00,3,Monstera Deliciosa,1459,80.0,Optimal
2026-09-08 15:30:01,1,Gynura Aurantiaca,2027,55.0,Optimal
2026-09-08 15:30:01,2,Tradescantia Zebrina,2352,41.0,Moist
2026-09-08 16:00:00,2,Tradescantia Zebrina,2367,40.0,Moist
2026-09-08 16:00:00,3,Monstera Deliciosa,1468,79.0,Optimal
2026-09-08 16:00:01,1,Gynura Aurantiaca,2029,55.0,Optimal
2026-09-08 16:30:01,3,Monstera Deliciosa,1455,80.0,Optimal
2026-09-08 16:30:01,2,Tradescantia Zebrina,2366,40.0,Moist
2026-09-08 16:30:01,1,Gynura Aurantiaca,2032,55.0,Optimal
2026-09-08 17:00:01,1,Gynura Aurantiaca,2026,55.0,Optimal
2026-09-08 17:00:01,2,Tradescantia Zebrina,2370,40.0,Moist
2026-09-08 17:00:01,3,Monstera Deliciosa,1454,80.0,Optimal
2026-09-08 17:30:00,2,Tradescantia Zebrina,2395,39.0,Moist
2026-09-08 17:30:01,3,Monstera Deliciosa,1472,79.0,Optimal
2026-09-08 17:30:01,1,Gynura Aurantiaca,2041,54.0,Optimal
2026-09-08 18:00:00,1,Gynura Aurantiaca,2035,55.0,Optimal
2026-09-08 18:00:01,2,Tradescantia Zebrina,2384,39.0,Moist
2026-09-08 18:00:01,3,Monstera Deliciosa,1469,79.0,Optimal
2026-09-08 18:30:01,3,Monstera Deliciosa,1443,80.0,Optimal
2026-09-08 18:30:01,1,Gynura Aurantiaca,2038,54.0,Optimal
2026-09-08 18:30:01,2,Tradescantia Zebrina,2396,39.0,Moist
2026-09-08 19:00:01,2,Tradescantia Zebrina,2408,38.0,Moist
2026-09-08 19:00:01,3,Monstera Deliciosa,1443,80.0,Optimal
2026-09-08 19:00:01,1,Gynura Aurantiaca,2061,53.0,Optimal
2026-09-08 19:30:00,3,Monstera Deliciosa,1461,79.0,Optimal
2026-09-08 19:30:00,1,Gynura Aurantiaca,2047,54.0,Optimal
2026-09-08 19:30:01,2,Tradescantia Zebrina,2416,38.0,Moist
2026-09-08 20:00:00,3,Monstera Deliciosa,1460,80.0,Optimal
2026-09-08 20:00:01,1,Gynura Aurantiaca,2059,53.0,Optimal
2026-09-08 20:00:01,2,Tradescantia Zebrina,2406,38.0,Moist
2026-09-08 20:30:00,2,Tradescantia Zebrina,2416,38.0,Moist
2026-09-08 20:30:01,3,Monstera Deliciosa,1457,80.0,Optimal
2026-09-08 20:30:01,1,Gynura Aurantiaca,2064,53.0,Optimal
2026-09-08 21:00:01,1,Gynura Aurantiaca,2064,53.0,Optimal
2026-09-08 21:00:01,3,Monstera Deliciosa,1465,79.0,Optimal
2026-09-08 21:00:03,2,Tradescantia Zebrina,2423,38.0,Moist
2026-09-08 21:30:01,3,Monstera Deliciosa,1478,79.0,Optimal
2026-09-08 21:30:01,1,Gynura Aurantiaca,2074,53.0,Optimal
2026-09-08 21:30:03,2,Tradescantia Zebrina,2430,37.0,Moist
2026-09-08 22:00:01,1,Gynura Aurantiaca,2064,53.0,Optimal
2026-09-08 22:00:01,3,Monstera Deliciosa,1457,80.0,Optimal
2026-09-08 22:00:02,2,Tradescantia Zebrina,2423,38.0,Moist
2026-09-08 22:30:01,3,Monstera Deliciosa,1457,80.0,Optimal
2026-09-08 22:30:01,1,Gynura Aurantiaca,2080,53.0,Optimal
2026-09-08 22:30:01,2,Tradescantia Zebrina,2429,37.0,Moist
2026-09-08 23:00:00,1,Gynura Aurantiaca,2059,53.0,Optimal
2026-09-08 23:00:01,2,Tradescantia Zebrina,2442,37.0,Moist
2026-09-08 23:00:02,3,Monstera Deliciosa,1474,79.0,Optimal
2026-09-08 23:30:01,1,Gynura Aurantiaca,2074,53.0,Optimal
2026-09-08 23:30:01,3,Monstera Deliciosa,1478,79.0,Optimal
2026-09-08 23:30:01,2,Tradescantia Zebrina,2463,36.0,Moist
2026-09-09 00:00:00,3,Monstera Deliciosa,1469,79.0,Optimal
2026-09-09 00:00:01,2,Tradescantia Zebrina,2458,36.0,Moist
2026-09-09 00:00:01,1,Gynura Aurantiaca,2064,53.0,Optimal
2026-09-09 00:30:00,1,Gynura Aurantiaca,2080,53.0,Optimal
2026-09-09 00:30:01,3,Monstera Deliciosa,1467,79.0,Optimal
2026-09-09 00:30:02,2,Tradescantia Zebrina,2471,36.0,Moist
2026-09-09 01:00:02,1,Gynura Aurantiaca,2079,53.0,Optimal
2026-09-09 01:00:03,3,Monstera Deliciosa,1471,79.0,Optimal
2026-09-09 01:00:04,2,Tradescantia Zebrina,2452,36.0,Moist
2026-09-09 01:30:03,3,Monstera Deliciosa,1471,79.0,Optimal
2026-09-09 01:30:03,2,Tradescantia Zebrina,2479,35.0,Moist
2026-09-09 01:30:04,1,Gynura Aurantiaca,2091,52.0,Optimal
2026-09-09 02:00:00,2,Tradescantia Zebrina,2466,36.0,Moist
2026-09-09 02:00:01,3,Monstera Deliciosa,1485,78.0,Optimal
2026-09-09 02:00:01,1,Gynura Aurantiaca,2081,53.0,Optimal
2026-09-09 02:30:00,3,Monstera Deliciosa,1461,79.0,Optimal
2026-09-09 02:30:01,2,Tradescantia Zebrina,2479,35.0,Moist
2026-09-09 02:30:01,1,Gynura Aurantiaca,2096,52.0,Optimal
2026-09-09 03:00:01,3,Monstera Deliciosa,1472,79.0,Optimal
2026-09-09 03:00:01,1,Gynura Aurantiaca,2098,52.0,Optimal
2026-09-09 03:00:01,2,Tradescantia Zebrina,2486,35.0,Moist
2026-09-09 03:30:00,1,Gynura Aurantiaca,2085,52.0,Optimal
2026-09-09 03:30:01,3,Monstera Deliciosa,1483,79.0,Optimal
2026-09-09 04:00:00,3,Monstera Deliciosa,1455,80.0,Optimal
2026-09-09 04:00:01,1,Gynura Aurantiaca,2089,52.0,Optimal
2026-09-09 04:00:09,2,Tradescantia Zebrina,2475,35.0,Moist
2026-09-09 04:30:01,3,Monstera Deliciosa,1481,79.0,Optimal
2026-09-09 04:30:04,2,Tradescantia Zebrina,2480,35.0,Moist
2026-09-09 04:30:04,1,Gynura Aurantiaca,2094,52.0,Optimal
2026-09-09 05:00:00,2,Tradescantia Zebrina,2497,34.0,Moist
2026-09-09 05:00:02,3,Monstera Deliciosa,1472,79.0,Optimal
2026-09-09 05:00:03,1,Gynura Aurantiaca,2094,52.0,Optimal
2026-09-09 05:30:01,2,Tradescantia Zebrina,2497,34.0,Moist
2026-09-09 05:30:01,1,Gynura Aurantiaca,2089,52.0,Optimal
2026-09-09 05:30:01,3,Monstera Deliciosa,1475,79.0,Optimal
2026-09-09 06:00:00,3,Monstera Deliciosa,1465,79.0,Optimal
2026-09-09 06:00:01,2,Tradescantia Zebrina,2498,34.0,Moist
2026-09-09 06:00:01,1,Gynura Aurantiaca,2095,52.0,Optimal
2026-09-09 06:30:01,1,Gynura Aurantiaca,2096,52.0,Optimal
2026-09-09 06:30:01,3,Monstera Deliciosa,1484,78.0,Optimal
2026-09-09 06:30:01,2,Tradescantia Zebrina,2486,35.0,Moist
2026-09-09 07:00:01,2,Tradescantia Zebrina,2517,34.0,Moist
2026-09-09 07:00:01,3,Monstera Deliciosa,1469,79.0,Optimal
2026-09-09 07:00:01,1,Gynura Aurantiaca,2106,51.0,Optimal
2026-09-09 07:30:01,1,Gynura Aurantiaca,2095,52.0,Optimal
2026-09-09 07:30:01,3,Monstera Deliciosa,1488,78.0,Optimal
2026-09-09 07:30:01,2,Tradescantia Zebrina,2515,34.0,Moist
2026-09-09 08:00:01,2,Tradescantia Zebrina,2495,35.0,Moist
2026-09-09 08:00:01,1,Gynura Aurantiaca,2109,51.0,Optimal
2026-09-09 08:00:01,3,Monstera Deliciosa,1499,78.0,Optimal
2026-09-09 08:30:00,2,Tradescantia Zebrina,2530,33.0,Moist
2026-09-09 08:30:01,3,Monstera Deliciosa,1483,79.0,Optimal
2026-09-09 08:30:02,1,Gynura Aurantiaca,2097,52.0,Optimal
2026-09-09 09:00:00,2,Tradescantia Zebrina,2529,33.0,Moist
2026-09-09 09:00:01,1,Gynura Aurantiaca,2097,52.0,Optimal
2026-09-09 09:00:01,3,Monstera Deliciosa,1493,78.0,Optimal
2026-09-09 09:30:01,3,Monstera Deliciosa,1489,78.0,Optimal
2026-09-09 09:30:01,2,Tradescantia Zebrina,2525,33.0,Moist
2026-09-09 09:30:02,1,Gynura Aurantiaca,2124,51.0,Optimal
2026-09-09 10:00:01,3,Monstera Deliciosa,1509,77.0,Optimal
2026-09-09 10:00:02,1,Gynura Aurantiaca,2105,51.0,Optimal
2026-09-09 10:00:02,2,Tradescantia Zebrina,2509,34.0,Moist
2026-09-09 10:30:01,2,Tradescantia Zebrina,2534,33.0,Moist
2026-09-09 10:30:01,1,Gynura Aurantiaca,2091,52.0,Optimal
2026-09-09 10:30:03,3,Monstera Deliciosa,1494,78.0,Optimal
2026-09-09 11:00:01,2,Tradescantia Zebrina,2529,33.0,Moist
2026-09-09 11:00:02,1,Gynura Aurantiaca,2101,52.0,Optimal
2026-09-09 11:00:03,3,Monstera Deliciosa,1487,78.0,Optimal
2026-09-09 11:30:01,3,Monstera Deliciosa,1488,78.0,Optimal
2026-09-09 11:30:02,1,Gynura Aurantiaca,2107,51.0,Optimal
2026-09-09 11:30:02,2,Tradescantia Zebrina,2528,33.0,Moist
2026-09-09 12:00:01,1,Gynura Aurantiaca,2111,51.0,Optimal
2026-09-09 12:00:01,2,Tradescantia Zebrina,2526,33.0,Moist
2026-09-09 12:00:01,3,Monstera Deliciosa,1499,78.0,Optimal
2026-09-09 12:30:01,2,Tradescantia Zebrina,2554,32.0,Moist
2026-09-09 12:30:01,3,Monstera Deliciosa,1498,78.0,Optimal
2026-09-09 12:30:01,1,Gynura Aurantiaca,2103,52.0,Optimal
2026-09-09 13:00:01,2,Tradescantia Zebrina,2535,33.0,Moist
2026-09-09 13:00:02,1,Gynura Aurantiaca,2101,52.0,Optimal
2026-09-09 13:00:02,3,Monstera Deliciosa,1485,78.0,Optimal
2026-09-09 13:30:00,2,Tradescantia Zebrina,2559,32.0,Moist
2026-09-09 13:30:01,1,Gynura Aurantiaca,2093,52.0,Optimal
2026-09-09 13:30:01,3,Monstera Deliciosa,1489,78.0,Optimal
2026-09-09 14:00:01,2,Tradescantia Zebrina,2547,32.0,Moist
2026-09-09 14:00:01,3,Monstera Deliciosa,1504,78.0,Optimal
2026-09-09 14:00:01,1,Gynura Aurantiaca,2113,51.0,Optimal
2026-09-09 14:30:01,2,Tradescantia Zebrina,2554,32.0,Moist
2026-09-09 14:30:01,3,Monstera Deliciosa,1490,78.0,Optimal
2026-09-09 14:30:02,1,Gynura Aurantiaca,2118,51.0,Optimal
2026-09-09 15:00:01,2,Tradescantia Zebrina,2557,32.0,Moist
2026-09-09 15:00:01,3,Monstera Deliciosa,1519,77.0,Optimal
2026-09-09 15:00:02,1,Gynura Aurantiaca,2111,51.0,Optimal
2026-09-09 15:30:01,2,Tradescantia Zebrina,2551,32.0,Moist
2026-09-09 15:30:01,3,Monstera Deliciosa,1525,77.0,Optimal
2026-09-09 15:30:02,1,Gynura Aurantiaca,2102,52.0,Optimal
2026-09-09 16:00:00,2,Tradescantia Zebrina,2587,31.0,Moist
2026-09-09 16:00:01,3,Monstera Deliciosa,1494,78.0,Optimal
2026-09-09 16:00:02,1,Gynura Aurantiaca,2110,51.0,Optimal
2026-09-09 16:30:01,2,Tradescantia Zebrina,2559,32.0,Moist
2026-09-09 16:30:01,3,Monstera Deliciosa,1521,77.0,Optimal
2026-09-09 16:30:01,1,Gynura Aurantiaca,2112,51.0,Optimal
2026-09-09 17:00:00,3,Monstera Deliciosa,1488,78.0,Optimal
2026-09-09 17:00:01,2,Tradescantia Zebrina,2559,32.0,Moist
2026-09-09 17:00:02,1,Gynura Aurantiaca,2118,51.0,Optimal
2026-09-09 17:30:00,1,Gynura Aurantiaca,2115,51.0,Optimal
2026-09-09 17:30:00,3,Monstera Deliciosa,1509,77.0,Optimal
2026-09-09 17:30:01,2,Tradescantia Zebrina,2583,31.0,Moist
2026-09-09 18:00:00,1,Gynura Aurantiaca,2101,52.0,Optimal
2026-09-09 18:00:01,3,Monstera Deliciosa,1520,77.0,Optimal
2026-09-09 18:00:01,2,Tradescantia Zebrina,2559,32.0,Moist
2026-09-09 18:30:00,2,Tradescantia Zebrina,2559,32.0,Moist
2026-09-09 18:30:01,3,Monstera Deliciosa,1500,78.0,Optimal
2026-09-09 18:30:01,1,Gynura Aurantiaca,2117,51.0,Optimal
2026-09-09 19:00:00,1,Gynura Aurantiaca,2119,51.0,Optimal
2026-09-09 19:00:01,2,Tradescantia Zebrina,2594,30.0,Moist
2026-09-09 19:00:01,3,Monstera Deliciosa,1488,78.0,Optimal
2026-09-09 19:30:00,3,Monstera Deliciosa,1498,78.0,Optimal
2026-09-09 19:30:01,1,Gynura Aurantiaca,2119,51.0,Optimal
2026-09-09 19:30:01,2,Tradescantia Zebrina,2587,31.0,Moist
2026-09-09 20:00:01,3,Monstera Deliciosa,1493,78.0,Optimal
2026-09-09 20:00:01,2,Tradescantia Zebrina,2603,30.0,Moist
2026-09-09 20:00:01,1,Gynura Aurantiaca,2119,51.0,Optimal
2026-09-09 20:30:01,2,Tradescantia Zebrina,2605,30.0,Moist
2026-09-09 20:30:01,1,Gynura Aurantiaca,2117,51.0,Optimal
2026-09-09 20:30:01,3,Monstera Deliciosa,1481,79.0,Optimal
2026-09-09 21:00:01,3,Monstera Deliciosa,1485,78.0,Optimal
2026-09-09 21:00:01,1,Gynura Aurantiaca,2123,51.0,Optimal
2026-09-09 21:00:02,2,Tradescantia Zebrina,2608,30.0,Moist
2026-09-09 21:30:01,1,Gynura Aurantiaca,2115,51.0,Optimal
2026-09-09 21:30:01,3,Monstera Deliciosa,1491,78.0,Optimal
2026-09-09 21:30:04,2,Tradescantia Zebrina,2601,30.0,Moist
2026-09-09 22:00:00,1,Gynura Aurantiaca,2127,51.0,Optimal
2026-09-09 22:00:00,3,Monstera Deliciosa,1488,78.0,Optimal
2026-09-09 22:00:03,2,Tradescantia Zebrina,2592,30.0,Moist
2026-09-09 22:30:00,2,Tradescantia Zebrina,2611,29.0,Moist
2026-09-09 22:30:01,1,Gynura Aurantiaca,2127,51.0,Optimal
2026-09-09 22:30:01,3,Monstera Deliciosa,1485,78.0,Optimal
2026-09-09 23:00:00,3,Monstera Deliciosa,1488,78.0,Optimal
2026-09-09 23:00:01,2,Tradescantia Zebrina,2603,30.0,Moist
2026-09-09 23:00:01,1,Gynura Aurantiaca,2128,50.0,Moist
2026-09-09 23:30:01,1,Gynura Aurantiaca,2120,51.0,Optimal
2026-09-09 23:30:01,3,Monstera Deliciosa,1471,79.0,Optimal
2026-09-09 23:30:01,2,Tradescantia Zebrina,2619,29.0,Moist
2026-09-10 00:00:00,2,Tradescantia Zebrina,2618,29.0,Moist
2026-09-10 00:00:02,3,Monstera Deliciosa,1508,77.0,Optimal
2026-09-10 00:00:02,1,Gynura Aurantiaca,2127,51.0,Optimal
2026-09-10 00:30:01,3,Monstera Deliciosa,1487,78.0,Optimal
2026-09-10 00:30:01,1,Gynura Aurantiaca,2142,50.0,Moist
2026-09-10 01:00:01,1,Gynura Aurantiaca,2145,50.0,Moist
2026-09-10 01:00:01,3,Monstera Deliciosa,1514,77.0,Optimal
2026-09-10 01:00:06,2,Tradescantia Zebrina,2634,28.0,Moist
2026-09-10 01:30:00,3,Monstera Deliciosa,1501,78.0,Optimal
2026-09-10 01:30:00,1,Gynura Aurantiaca,2152,49.0,Moist
2026-09-10 01:30:03,2,Tradescantia Zebrina,2640,28.0,Moist
2026-09-10 02:00:01,3,Monstera Deliciosa,1488,78.0,Optimal
2026-09-10 02:00:01,1,Gynura Aurantiaca,2158,49.0,Moist
2026-09-10 02:00:01,2,Tradescantia Zebrina,2633,29.0,Moist
2026-09-10 02:30:00,1,Gynura Aurantiaca,2159,49.0,Moist
2026-09-10 02:30:01,2,Tradescantia Zebrina,2658,27.0,Moist
2026-09-10 02:30:01,3,Monstera Deliciosa,1513,77.0,Optimal
2026-09-10 03:00:00,3,Monstera Deliciosa,1498,78.0,Optimal
2026-09-10 03:00:00,1,Gynura Aurantiaca,2149,50.0,Moist
2026-09-10 03:00:01,2,Tradescantia Zebrina,2627,29.0,Moist
2026-09-10 03:30:00,2,Tradescantia Zebrina,2643,28.0,Moist
2026-09-10 03:30:00,3,Monstera Deliciosa,1514,77.0,Optimal
2026-09-10 03:30:01,1,Gynura Aurantiaca,2160,49.0,Moist
2026-09-10 04:00:00,2,Tradescantia Zebrina,2666,27.0,Moist
2026-09-10 04:00:01,3,Monstera Deliciosa,1502,78.0,Optimal
2026-09-10 04:00:01,1,Gynura Aurantiaca,2162,49.0,Moist
2026-09-10 04:30:00,1,Gynura Aurantiaca,2143,50.0,Moist
2026-09-10 04:30:01,2,Tradescantia Zebrina,2666,27.0,Moist
2026-09-10 04:30:01,3,Monstera Deliciosa,1507,77.0,Optimal
2026-09-10 05:00:00,3,Monstera Deliciosa,1519,77.0,Optimal
2026-09-10 05:00:01,1,Gynura Aurantiaca,2163,49.0,Moist
2026-09-10 05:00:01,2,Tradescantia Zebrina,2655,28.0,Moist
2026-09-10 05:30:00,3,Monstera Deliciosa,1500,78.0,Optimal
2026-09-10 05:30:00,2,Tradescantia Zebrina,2672,27.0,Moist
2026-09-10 05:30:01,1,Gynura Aurantiaca,2171,49.0,Moist
2026-09-10 06:00:00,1,Gynura Aurantiaca,2161,49.0,Moist
2026-09-10 06:00:01,3,Monstera Deliciosa,1502,78.0,Optimal
2026-09-10 06:00:01,2,Tradescantia Zebrina,2661,27.0,Moist
2026-09-10 06:30:00,1,Gynura Aurantiaca,2160,49.0,Moist
2026-09-10 06:30:01,3,Monstera Deliciosa,1511,77.0,Optimal
2026-09-10 06:30:01,2,Tradescantia Zebrina,2670,27.0,Moist
2026-09-10 07:00:00,3,Monstera Deliciosa,1535,76.0,Optimal
2026-09-10 07:00:00,1,Gynura Aurantiaca,2172,49.0,Moist
2026-09-10 07:00:01,2,Tradescantia Zebrina,2677,27.0,Moist
2026-09-10 07:30:01,3,Monstera Deliciosa,1530,76.0,Optimal
2026-09-10 07:30:01,1,Gynura Aurantiaca,2155,49.0,Moist
2026-09-10 07:30:01,2,Tradescantia Zebrina,2666,27.0,Moist
2026-09-10 08:00:02,1,Gynura Aurantiaca,2163,49.0,Moist
2026-09-10 08:00:02,2,Tradescantia Zebrina,2672,27.0,Moist
2026-09-10 08:00:02,3,Monstera Deliciosa,1507,77.0,Optimal
2026-09-10 08:30:01,1,Gynura Aurantiaca,2167,49.0,Moist
2026-09-10 08:30:01,2,Tradescantia Zebrina,2688,26.0,Moist
2026-09-10 08:30:01,3,Monstera Deliciosa,1513,77.0,Optimal
2026-09-10 09:00:00,3,Monstera Deliciosa,1535,76.0,Optimal
2026-09-10 09:00:01,1,Gynura Aurantiaca,2177,48.0,Moist
2026-09-10 09:00:02,2,Tradescantia Zebrina,2674,27.0,Moist
2026-09-10 09:30:01,1,Gynura Aurantiaca,2165,49.0,Moist
2026-09-10 09:30:01,3,Monstera Deliciosa,1515,77.0,Optimal
2026-09-10 09:30:01,2,Tradescantia Zebrina,2672,27.0,Moist
2026-09-10 10:00:01,2,Tradescantia Zebrina,2684,26.0,Moist
2026-09-10 10:00:01,1,Gynura Aurantiaca,2178,48.0,Moist
2026-09-10 10:00:01,3,Monstera Deliciosa,1521,77.0,Optimal
2026-09-10 10:30:00,1,Gynura Aurantiaca,2161,49.0,Moist
2026-09-10 10:30:01,3,Monstera Deliciosa,1524,77.0,Optimal
2026-09-10 10:30:02,2,Tradescantia Zebrina,2689,26.0,Moist
2026-09-10 11:00:01,1,Gynura Aurantiaca,2179,48.0,Moist
2026-09-10 11:00:01,2,Tradescantia Zebrina,2699,26.0,Moist
2026-09-10 11:00:02,3,Monstera Deliciosa,1503,78.0,Optimal
2026-09-10 11:30:01,2,Tradescantia Zebrina,2702,26.0,Moist
2026-09-10 11:30:01,3,Monstera Deliciosa,1516,77.0,Optimal
2026-09-10 11:30:01,1,Gynura Aurantiaca,2167,49.0,Moist
2026-09-10 12:00:00,1,Gynura Aurantiaca,2183,48.0,Moist
2026-09-10 12:00:01,3,Monstera Deliciosa,1517,77.0,Optimal
2026-09-10 12:00:02,2,Tradescantia Zebrina,2691,26.0,Moist
2026-09-10 12:30:01,1,Gynura Aurantiaca,2182,48.0,Moist
2026-09-10 12:30:01,3,Monstera Deliciosa,1532,76.0,Optimal
2026-09-10 12:30:01,2,Tradescantia Zebrina,2703,25.0,Moist
2026-09-10 13:00:00,3,Monstera Deliciosa,1510,77.0,Optimal
2026-09-10 13:00:01,2,Tradescantia Zebrina,2706,25.0,Moist
2026-09-10 13:00:01,1,Gynura Aurantiaca,2182,48.0,Moist
2026-09-10 13:30:01,3,Monstera Deliciosa,1518,77.0,Optimal
2026-09-10 13:30:01,1,Gynura Aurantiaca,2183,48.0,Moist
2026-09-10 13:30:01,2,Tradescantia Zebrina,2717,25.0,Moist
2026-09-10 14:00:00,2,Tradescantia Zebrina,2709,25.0,Moist
2026-09-10 14:00:01,3,Monstera Deliciosa,1534,76.0,Optimal
2026-09-10 14:00:01,1,Gynura Aurantiaca,2177,48.0,Moist
2026-09-10 14:30:00,1,Gynura Aurantiaca,2185,48.0,Moist
2026-09-10 14:30:01,2,Tradescantia Zebrina,2704,25.0,Moist
2026-09-10 14:30:01,3,Monstera Deliciosa,1520,77.0,Optimal
2026-09-10 15:00:00,3,Monstera Deliciosa,1511,77.0,Optimal
2026-09-10 15:00:01,1,Gynura Aurantiaca,2186,48.0,Moist
2026-09-10 15:00:01,2,Tradescantia Zebrina,2715,25.0,Moist
2026-09-10 15:30:00,2,Tradescantia Zebrina,2719,25.0,Moist
2026-09-10 15:30:01,3,Monstera Deliciosa,1530,76.0,Optimal
2026-09-10 15:30:01,1,Gynura Aurantiaca,2186,48.0,Moist
2026-09-10 16:00:00,1,Gynura Aurantiaca,2193,48.0,Moist
2026-09-10 16:00:00,2,Tradescantia Zebrina,2717,25.0,Moist
2026-09-10 16:00:01,3,Monstera Deliciosa,1513,77.0,Optimal
2026-09-10 16:30:00,1,Gynura Aurantiaca,2201,47.0,Moist
2026-09-10 16:30:01,2,Tradescantia Zebrina,2717,25.0,Moist
2026-09-10 16:30:01,3,Monstera Deliciosa,1513,77.0,Optimal
2026-09-10 17:00:01,1,Gynura Aurantiaca,2191,48.0,Moist
2026-09-10 17:00:01,2,Tradescantia Zebrina,2732,24.0,Moist
2026-09-10 17:00:01,3,Monstera Deliciosa,1523,77.0,Optimal
2026-09-10 17:30:00,2,Tradescantia Zebrina,2103,52.0,Optimal
2026-09-10 17:30:01,3,Monstera Deliciosa,1535,76.0,Optimal
2026-09-10 17:30:01,1,Gynura Aurantiaca,1266,88.0,Soggy
2026-09-10 18:00:00,1,Gynura Aurantiaca,1337,85.0,Soggy
2026-09-10 18:00:01,2,Tradescantia Zebrina,1837,63.0,Optimal
2026-09-10 18:00:01,3,Monstera Deliciosa,1520,77.0,Optimal
2026-09-10 18:30:00,1,Gynura Aurantiaca,1363,84.0,Soggy
2026-09-10 18:30:01,2,Tradescantia Zebrina,1744,67.0,Optimal
2026-09-10 18:30:01,3,Monstera Deliciosa,1515,77.0,Optimal
2026-09-10 19:00:00,1,Gynura Aurantiaca,1392,82.0,Soggy
2026-09-10 19:00:00,2,Tradescantia Zebrina,1717,68.0,Optimal
2026-09-10 19:00:01,3,Monstera Deliciosa,1520,77.0,Optimal
2026-09-10 19:30:01,1,Gynura Aurantiaca,1383,83.0,Soggy
2026-09-10 19:30:01,2,Tradescantia Zebrina,1682,70.0,Optimal
2026-09-10 19:30:01,3,Monstera Deliciosa,1521,77.0,Optimal
2026-09-10 20:00:01,1,Gynura Aurantiaca,1394,82.0,Soggy
2026-09-10 20:00:01,3,Monstera Deliciosa,1523,77.0,Optimal
2026-09-10 20:00:01,2,Tradescantia Zebrina,1662,71.0,Optimal
2026-09-10 20:30:00,3,Monstera Deliciosa,1518,77.0,Optimal
2026-09-10 20:30:01,1,Gynura Aurantiaca,1403,82.0,Soggy
2026-09-10 20:30:01,2,Tradescantia Zebrina,1647,71.0,Optimal
2026-09-10 21:00:01,1,Gynura Aurantiaca,1412,82.0,Soggy
2026-09-10 21:00:01,2,Tradescantia Zebrina,1627,72.0,Optimal
2026-09-10 21:00:01,3,Monstera Deliciosa,1507,77.0,Optimal
2026-09-10 21:30:01,1,Gynura Aurantiaca,1402,82.0,Soggy
2026-09-10 21:30:01,2,Tradescantia Zebrina,1616,73.0,Optimal
2026-09-10 21:30:02,3,Monstera Deliciosa,1535,76.0,Optimal
2026-09-10 22:00:01,2,Tradescantia Zebrina,1615,73.0,Optimal
2026-09-10 22:00:01,3,Monstera Deliciosa,1509,77.0,Optimal
2026-09-10 22:00:02,1,Gynura Aurantiaca,1415,81.0,Soggy
2026-09-10 22:30:01,3,Monstera Deliciosa,1524,77.0,Optimal
2026-09-10 22:30:01,1,Gynura Aurantiaca,1409,82.0,Soggy
2026-09-10 22:30:02,2,Tradescantia Zebrina,1585,74.0,Optimal
2026-09-10 23:00:01,2,Tradescantia Zebrina,1606,73.0,Optimal
2026-09-10 23:00:01,3,Monstera Deliciosa,1519,77.0,Optimal
2026-09-10 23:00:02,1,Gynura Aurantiaca,1424,81.0,Soggy
2026-09-10 23:30:00,2,Tradescantia Zebrina,1616,73.0,Optimal
2026-09-10 23:30:00,3,Monstera Deliciosa,1522,77.0,Optimal
2026-09-10 23:30:01,1,Gynura Aurantiaca,1410,82.0,Soggy
2026-09-11 00:00:00,1,Gynura Aurantiaca,1435,81.0,Soggy
2026-09-11 00:00:01,2,Tradescantia Zebrina,1613,73.0,Optimal
2026-09-11 00:00:01,3,Monstera Deliciosa,1503,78.0,Optimal
2026-09-11 00:30:01,1,Gynura Aurantiaca,1426,81.0,Soggy
2026-09-11 00:30:01,2,Tradescantia Zebrina,1626,72.0,Optimal
2026-09-11 00:30:01,3,Monstera Deliciosa,1530,76.0,Optimal
2026-09-11 01:00:00,2,Tradescantia Zebrina,1595,74.0,Optimal
2026-09-11 01:00:01,3,Monstera Deliciosa,1505,78.0,Optimal
2026-09-11 01:00:01,1,Gynura Aurantiaca,1439,80.0,Optimal
2026-09-11 01:30:01,2,Tradescantia Zebrina,1611,73.0,Optimal
2026-09-11 01:30:01,1,Gynura Aurantiaca,1453,80.0,Optimal
2026-09-11 01:30:01,3,Monstera Deliciosa,1521,77.0,Optimal
2026-09-11 02:00:01,1,Gynura Aurantiaca,1440,80.0,Optimal
2026-09-11 02:00:01,2,Tradescantia Zebrina,1618,73.0,Optimal
2026-09-11 02:00:01,3,Monstera Deliciosa,1520,77.0,Optimal
2026-09-11 02:30:00,1,Gynura Aurantiaca,1456,80.0,Optimal
2026-09-11 02:30:01,3,Monstera Deliciosa,1531,76.0,Optimal
2026-09-11 02:30:01,2,Tradescantia Zebrina,1616,73.0,Optimal
2026-09-11 03:00:01,1,Gynura Aurantiaca,1447,80.0,Optimal
2026-09-11 03:00:01,3,Monstera Deliciosa,1511,77.0,Optimal
2026-09-11 03:00:01,2,Tradescantia Zebrina,1617,73.0,Optimal
2026-09-11 03:30:00,3,Monstera Deliciosa,1527,77.0,Optimal
2026-09-11 03:30:01,2,Tradescantia Zebrina,1600,73.0,Optimal
2026-09-11 03:30:01,1,Gynura Aurantiaca,1463,79.0,Optimal
2026-09-11 04:00:00,1,Gynura Aurantiaca,1456,80.0,Optimal
2026-09-11 04:00:01,3,Monstera Deliciosa,1525,77.0,Optimal
2026-09-11 04:00:01,2,Tradescantia Zebrina,1601,73.0,Optimal
2026-09-11 04:30:01,1,Gynura Aurantiaca,1466,79.0,Optimal
2026-09-11 04:30:01,2,Tradescantia Zebrina,1619,73.0,Optimal
2026-09-11 04:30:01,3,Monstera Deliciosa,1520,77.0,Optimal
2026-09-11 05:00:00,3,Monstera Deliciosa,1503,78.0,Optimal
2026-09-11 05:00:01,1,Gynura Aurantiaca,1461,79.0,Optimal
2026-09-11 05:00:02,2,Tradescantia Zebrina,1599,73.0,Optimal
2026-09-11 05:30:00,1,Gynura Aurantiaca,1466,79.0,Optimal
2026-09-11 05:30:01,3,Monstera Deliciosa,1519,77.0,Optimal
2026-09-11 05:30:01,2,Tradescantia Zebrina,1591,74.0,Optimal
2026-09-11 06:00:01,1,Gynura Aurantiaca,1473,79.0,Optimal
2026-09-11 06:00:01,3,Monstera Deliciosa,1527,77.0,Optimal
2026-09-11 06:00:01,2,Tradescantia Zebrina,1600,73.0,Optimal
2026-09-11 06:30:01,3,Monstera Deliciosa,1511,77.0,Optimal
2026-09-11 06:30:01,1,Gynura Aurantiaca,1472,79.0,Optimal
2026-09-11 06:30:02,2,Tradescantia Zebrina,1616,73.0,Optimal
2026-09-11 07:00:01,3,Monstera Deliciosa,1522,77.0,Optimal
2026-09-11 07:00:01,1,Gynura Aurantiaca,1476,79.0,Optimal
2026-09-11 07:00:01,2,Tradescantia Zebrina,1606,73.0,Optimal
2026-09-11 07:30:00,3,Monstera Deliciosa,1535,76.0,Optimal
2026-09-11 07:30:01,1,Gynura Aurantiaca,1469,79.0,Optimal
2026-09-11 07:30:02,2,Tradescantia Zebrina,1596,74.0,Optimal
2026-09-11 08:00:01,3,Monstera Deliciosa,1522,77.0,Optimal
2026-09-11 08:00:01,1,Gynura Aurantiaca,1469,79.0,Optimal
2026-09-11 08:00:01,2,Tradescantia Zebrina,1608,73.0,Optimal
2026-09-11 08:30:01,2,Tradescantia Zebrina,1614,73.0,Optimal
2026-09-11 08:30:01,3,Monstera Deliciosa,1527,77.0,Optimal
2026-09-11 08:30:01,1,Gynura Aurantiaca,1493,78.0,Optimal
2026-09-11 09:00:00,3,Monstera Deliciosa,1535,76.0,Optimal
2026-09-11 09:00:01,1,Gynura Aurantiaca,1477,79.0,Optimal
2026-09-11 09:00:01,2,Tradescantia Zebrina,1600,73.0,Optimal
2026-09-11 09:30:01,3,Monstera Deliciosa,1531,76.0,Optimal
2026-09-11 09:30:01,1,Gynura Aurantiaca,1488,78.0,Optimal
2026-09-11 09:30:02,2,Tradescantia Zebrina,1601,73.0,Optimal
2026-09-11 10:00:03,3,Monstera Deliciosa,1535,76.0,Optimal
2026-09-11 10:00:03,1,Gynura Aurantiaca,1489,78.0,Optimal
2026-09-11 10:00:04,2,Tradescantia Zebrina,1598,74.0,Optimal
2026-09-11 10:30:03,3,Monstera Deliciosa,1576,74.0,Optimal
2026-09-11 10:30:03,1,Gynura Aurantiaca,1489,78.0,Optimal
2026-09-11 10:30:04,2,Tradescantia Zebrina,1600,73.0,Optimal
2026-09-11 11:00:01,3,Monstera Deliciosa,1534,76.0,Optimal
2026-09-11 11:00:01,1,Gynura Aurantiaca,1486,78.0,Optimal
2026-09-11 11:00:02,2,Tradescantia Zebrina,1609,73.0,Optimal
2026-09-11 11:30:00,3,Monstera Deliciosa,1531,76.0,Optimal
2026-09-11 11:30:01,1,Gynura Aurantiaca,1492,78.0,Optimal
2026-09-11 11:30:01,2,Tradescantia Zebrina,1607,73.0,Optimal
2026-09-11 12:00:00,2,Tradescantia Zebrina,1601,73.0,Optimal
2026-09-11 12:00:01,3,Monstera Deliciosa,1522,77.0,Optimal
2026-09-11 12:00:01,1,Gynura Aurantiaca,1488,78.0,Optimal
2026-09-11 12:30:00,2,Tradescantia Zebrina,1602,73.0,Optimal
2026-09-11 12:30:01,1,Gynura Aurantiaca,1478,79.0,Optimal
2026-09-11 12:30:02,3,Monstera Deliciosa,1555,75.0,Optimal
2026-09-11 13:00:01,1,Gynura Aurantiaca,1474,79.0,Optimal
2026-09-11 13:00:01,2,Tradescantia Zebrina,1599,73.0,Optimal
2026-09-11 13:00:01,3,Monstera Deliciosa,1535,76.0,Optimal
2026-09-11 13:30:01,3,Monstera Deliciosa,1535,76.0,Optimal
2026-09-11 13:30:01,1,Gynura Aurantiaca,1492,78.0,Optimal
2026-09-11 13:30:02,2,Tradescantia Zebrina,1616,73.0,Optimal
2026-09-11 14:00:01,2,Tradescantia Zebrina,1605,73.0,Optimal
2026-09-11 14:00:01,3,Monstera Deliciosa,1535,76.0,Optimal
2026-09-11 14:00:01,1,Gynura Aurantiaca,1488,78.0,Optimal
2026-09-11 14:30:00,2,Tradescantia Zebrina,1616,73.0,Optimal
2026-09-11 14:30:01,3,Monstera Deliciosa,1535,76.0,Optimal
2026-09-11 14:30:01,1,Gynura Aurantiaca,1476,79.0,Optimal
2026-09-11 15:00:01,2,Tradescantia Zebrina,1607,73.0,Optimal
2026-09-11 15:00:01,3,Monstera Deliciosa,1535,76.0,Optimal
2026-09-11 15:00:01,1,Gynura Aurantiaca,1494,78.0,Optimal
2026-09-11 15:30:01,3,Monstera Deliciosa,1526,77.0,Optimal
2026-09-11 15:30:01,2,Tradescantia Zebrina,1616,73.0,Optimal
2026-09-11 15:30:01,1,Gynura Aurantiaca,1498,78.0,Optimal
2026-09-11 16:00:00,2,Tradescantia Zebrina,1607,73.0,Optimal
2026-09-11 16:00:01,3,Monstera Deliciosa,1555,75.0,Optimal
2026-09-11 16:00:01,1,Gynura Aurantiaca,1506,78.0,Optimal
2026-09-11 16:30:01,1,Gynura Aurantiaca,1495,78.0,Optimal
2026-09-11 16:30:02,3,Monstera Deliciosa,1552,76.0,Optimal
2026-09-11 16:30:02,2,Tradescantia Zebrina,1616,73.0,Optimal
2026-09-11 17:00:01,1,Gynura Aurantiaca,1517,77.0,Optimal
2026-09-11 17:00:01,3,Monstera Deliciosa,1565,75.0,Optimal
2026-09-11 17:00:02,2,Tradescantia Zebrina,1629,72.0,Optimal
2026-09-11 17:30:00,1,Gynura Aurantiaca,1489,78.0,Optimal
2026-09-11 17:30:01,2,Tradescantia Zebrina,1605,73.0,Optimal
2026-09-11 17:30:01,3,Monstera Deliciosa,1535,76.0,Optimal
2026-09-11 18:00:00,1,Gynura Aurantiaca,1498,78.0,Optimal
2026-09-11 18:00:00,3,Monstera Deliciosa,1530,76.0,Optimal
2026-09-11 18:00:01,2,Tradescantia Zebrina,1632,72.0,Optimal
2026-09-11 18:30:01,2,Tradescantia Zebrina,1632,72.0,Optimal
2026-09-11 18:30:01,3,Monstera Deliciosa,1571,75.0,Optimal
2026-09-11 18:30:01,1,Gynura Aurantiaca,1513,77.0,Optimal
2026-09-11 19:00:01,2,Tradescantia Zebrina,1616,73.0,Optimal
2026-09-11 19:00:01,1,Gynura Aurantiaca,1515,77.0,Optimal
2026-09-11 19:00:01,3,Monstera Deliciosa,1563,75.0,Optimal
2026-09-11 19:30:00,1,Gynura Aurantiaca,1514,77.0,Optimal
2026-09-11 19:30:01,3,Monstera Deliciosa,1563,75.0,Optimal
2026-09-11 19:30:02,2,Tradescantia Zebrina,1618,73.0,Optimal
2026-09-11 20:00:01,1,Gynura Aurantiaca,1520,77.0,Optimal
2026-09-11 20:00:01,2,Tradescantia Zebrina,1633,72.0,Optimal
2026-09-11 20:00:01,3,Monstera Deliciosa,1535,76.0,Optimal
2026-09-11 20:30:00,2,Tradescantia Zebrina,1645,71.0,Optimal
2026-09-11 20:30:01,3,Monstera Deliciosa,1535,76.0,Optimal
2026-09-11 20:30:01,1,Gynura Aurantiaca,1520,77.0,Optimal
2026-09-11 21:00:00,1,Gynura Aurantiaca,1520,77.0,Optimal
2026-09-11 21:00:01,2,Tradescantia Zebrina,1647,71.0,Optimal
2026-09-11 21:00:01,3,Monstera Deliciosa,1535,76.0,Optimal
2026-09-11 21:30:01,3,Monstera Deliciosa,1535,76.0,Optimal
2026-09-11 21:30:01,1,Gynura Aurantiaca,1520,77.0,Optimal
2026-09-11 21:30:01,2,Tradescantia Zebrina,1642,72.0,Optimal
2026-09-11 22:00:01,2,Tradescantia Zebrina,1642,72.0,Optimal
2026-09-11 22:00:01,3,Monstera Deliciosa,1535,76.0,Optimal
2026-09-11 22:00:01,1,Gynura Aurantiaca,1535,76.0,Optimal
2026-09-11 22:30:00,3,Monstera Deliciosa,1559,75.0,Optimal
2026-09-11 22:30:00,1,Gynura Aurantiaca,1535,76.0,Optimal
2026-09-11 22:30:01,2,Tradescantia Zebrina,1648,71.0,Optimal
2026-09-11 23:00:00,2,Tradescantia Zebrina,1653,71.0,Optimal
2026-09-11 23:00:01,1,Gynura Aurantiaca,1535,76.0,Optimal
2026-09-11 23:00:01,3,Monstera Deliciosa,1553,75.0,Optimal
2026-09-11 23:30:01,2,Tradescantia Zebrina,1657,71.0,Optimal
2026-09-11 23:30:01,1,Gynura Aurantiaca,1535,76.0,Optimal
2026-09-11 23:30:01,3,Monstera Deliciosa,1535,76.0,Optimal
2026-09-12 00:00:01,3,Monstera Deliciosa,1535,76.0,Optimal
2026-09-12 00:00:01,2,Tradescantia Zebrina,1659,71.0,Optimal
2026-09-12 00:00:01,1,Gynura Aurantiaca,1553,75.0,Optimal
2026-09-12 00:30:00,2,Tradescantia Zebrina,1654,71.0,Optimal
2026-09-12 00:30:01,1,Gynura Aurantiaca,1567,75.0,Optimal
2026-09-12 00:30:01,3,Monstera Deliciosa,1559,75.0,Optimal
2026-09-12 01:00:00,3,Monstera Deliciosa,1557,75.0,Optimal
2026-09-12 01:00:00,2,Tradescantia Zebrina,1666,71.0,Optimal
2026-09-12 01:00:01,1,Gynura Aurantiaca,1559,75.0,Optimal
2026-09-12 01:30:00,1,Gynura Aurantiaca,1558,75.0,Optimal
2026-09-12 01:30:01,3,Monstera Deliciosa,1529,77.0,Optimal
2026-09-12 01:30:01,2,Tradescantia Zebrina,1663,71.0,Optimal
2026-09-12 02:00:01,1,Gynura Aurantiaca,1582,74.0,Optimal
2026-09-12 02:00:01,3,Monstera Deliciosa,1535,76.0,Optimal
2026-09-12 02:00:01,2,Tradescantia Zebrina,1666,71.0,Optimal
2026-09-12 02:30:00,2,Tradescantia Zebrina,1671,70.0,Optimal
2026-09-12 02:30:00,3,Monstera Deliciosa,1535,76.0,Optimal
2026-09-12 02:30:01,1,Gynura Aurantiaca,1565,75.0,Optimal
2026-09-12 03:00:00,1,Gynura Aurantiaca,1565,75.0,Optimal
2026-09-12 03:00:01,2,Tradescantia Zebrina,1681,70.0,Optimal
2026-09-12 03:00:01,3,Monstera Deliciosa,1535,76.0,Optimal
2026-09-12 03:30:00,3,Monstera Deliciosa,1555,75.0,Optimal
2026-09-12 03:30:01,1,Gynura Aurantiaca,1571,75.0,Optimal
2026-09-12 03:30:01,2,Tradescantia Zebrina,1675,70.0,Optimal
2026-09-12 04:00:01,2,Tradescantia Zebrina,1679,70.0,Optimal
2026-09-12 04:00:01,3,Monstera Deliciosa,1526,77.0,Optimal
2026-09-12 04:00:01,1,Gynura Aurantiaca,1570,75.0,Optimal
2026-09-12 04:30:01,1,Gynura Aurantiaca,1585,74.0,Optimal
2026-09-12 04:30:01,3,Monstera Deliciosa,1373,83.0,Soggy
2026-09-12 04:30:01,2,Tradescantia Zebrina,1701,69.0,Optimal
2026-09-12 05:00:01,3,Monstera Deliciosa,1501,78.0,Optimal
2026-09-12 05:00:01,2,Tradescantia Zebrina,1685,70.0,Optimal
2026-09-12 05:00:01,1,Gynura Aurantiaca,1584,74.0,Optimal
2026-09-12 05:30:00,2,Tradescantia Zebrina,1677,70.0,Optimal
2026-09-12 05:30:01,3,Monstera Deliciosa,1535,76.0,Optimal
2026-09-12 05:30:01,1,Gynura Aurantiaca,1578,74.0,Optimal
2026-09-12 06:00:00,3,Monstera Deliciosa,1523,77.0,Optimal
2026-09-12 06:00:01,2,Tradescantia Zebrina,1674,70.0,Optimal
2026-09-12 06:00:01,1,Gynura Aurantiaca,1596,74.0,Optimal
2026-09-12 06:30:01,3,Monstera Deliciosa,1533,76.0,Optimal
2026-09-12 06:30:01,1,Gynura Aurantiaca,1588,74.0,Optimal
2026-09-12 06:30:01,2,Tradescantia Zebrina,1695,69.0,Optimal
2026-09-12 07:00:01,1,Gynura Aurantiaca,1584,74.0,Optimal
2026-09-12 07:00:01,2,Tradescantia Zebrina,1685,70.0,Optimal
2026-09-12 07:00:01,3,Monstera Deliciosa,1535,76.0,Optimal
2026-09-12 07:30:01,3,Monstera Deliciosa,1377,83.0,Soggy
2026-09-12 07:30:01,1,Gynura Aurantiaca,1588,74.0,Optimal
2026-09-12 07:30:02,2,Tradescantia Zebrina,1691,69.0,Optimal
2026-09-12 08:00:01,2,Tradescantia Zebrina,1707,69.0,Optimal
2026-09-12 08:00:01,3,Monstera Deliciosa,1535,76.0,Optimal
2026-09-12 08:00:02,1,Gynura Aurantiaca,1600,73.0,Optimal
2026-09-12 08:30:01,3,Monstera Deliciosa,1535,76.0,Optimal
2026-09-12 08:30:01,2,Tradescantia Zebrina,1701,69.0,Optimal
2026-09-12 08:30:01,1,Gynura Aurantiaca,1584,74.0,Optimal
2026-09-12 09:00:00,2,Tradescantia Zebrina,1695,69.0,Optimal
2026-09-12 09:00:01,1,Gynura Aurantiaca,1595,74.0,Optimal
2026-09-12 09:00:01,3,Monstera Deliciosa,1508,77.0,Optimal
2026-09-12 09:30:01,3,Monstera Deliciosa,1415,81.0,Soggy
2026-09-12 09:30:01,2,Tradescantia Zebrina,1711,69.0,Optimal
2026-09-12 09:30:01,1,Gynura Aurantiaca,1588,74.0,Optimal
2026-09-12 10:00:00,1,Gynura Aurantiaca,1595,74.0,Optimal
2026-09-12 10:00:01,2,Tradescantia Zebrina,1698,69.0,Optimal
2026-09-12 10:00:01,3,Monstera Deliciosa,1575,75.0,Optimal
2026-09-12 10:30:00,3,Monstera Deliciosa,1413,82.0,Soggy
2026-09-12 10:30:01,1,Gynura Aurantiaca,1595,74.0,Optimal
2026-09-12 10:30:02,2,Tradescantia Zebrina,1702,69.0,Optimal
2026-09-12 11:00:01,3,Monstera Deliciosa,1554,75.0,Optimal
2026-09-12 11:00:01,2,Tradescantia Zebrina,1713,69.0,Optimal
2026-09-12 11:00:01,1,Gynura Aurantiaca,1598,74.0,Optimal
2026-09-12 11:30:00,2,Tradescantia Zebrina,1713,69.0,Optimal
2026-09-12 11:30:01,3,Monstera Deliciosa,1535,76.0,Optimal
2026-09-12 11:30:02,1,Gynura Aurantiaca,1607,73.0,Optimal
2026-09-12 12:00:01,2,Tradescantia Zebrina,1706,69.0,Optimal
2026-09-12 12:00:01,3,Monstera Deliciosa,1430,81.0,Soggy
2026-09-12 12:00:01,1,Gynura Aurantiaca,1601,73.0,Optimal
2026-09-12 12:30:01,2,Tradescantia Zebrina,1727,68.0,Optimal
2026-09-12 12:30:01,3,Monstera Deliciosa,1571,75.0,Optimal
2026-09-12 12:30:02,1,Gynura Aurantiaca,1590,74.0,Optimal
2026-09-12 13:00:01,2,Tradescantia Zebrina,1730,68.0,Optimal
2026-09-12 13:00:01,3,Monstera Deliciosa,1533,76.0,Optimal
2026-09-12 13:00:01,1,Gynura Aurantiaca,1601,73.0,Optimal
2026-09-12 13:30:01,2,Tradescantia Zebrina,1728,68.0,Optimal
2026-09-12 13:30:01,3,Monstera Deliciosa,1968,57.0,Optimal
2026-09-12 13:30:01,1,Gynura Aurantiaca,1605,73.0,Optimal
2026-09-12 14:00:00,2,Tradescantia Zebrina,1728,68.0,Optimal
2026-09-12 14:00:00,3,Monstera Deliciosa,2559,32.0,Moist
2026-09-12 14:00:01,1,Gynura Aurantiaca,1611,73.0,Optimal
2026-09-12 14:30:01,2,Tradescantia Zebrina,1747,67.0,Optimal
2026-09-12 14:30:01,3,Monstera Deliciosa,2791,22.0,Moist
2026-09-12 14:30:01,1,Gynura Aurantiaca,1605,73.0,Optimal
2026-09-12 15:00:01,1,Gynura Aurantiaca,1607,73.0,Optimal
2026-09-12 15:00:01,2,Tradescantia Zebrina,1743,67.0,Optimal
2026-09-12 15:00:01,3,Monstera Deliciosa,3071,9.0,Dry
2026-09-12 15:30:01,3,Monstera Deliciosa,3243,2.0,Dry
2026-09-12 15:30:01,2,Tradescantia Zebrina,1763,66.0,Optimal
2026-09-12 15:30:02,1,Gynura Aurantiaca,1601,73.0,Optimal
2026-09-12 16:00:01,1,Gynura Aurantiaca,1615,73.0,Optimal
2026-09-12 16:00:01,3,Monstera Deliciosa,3406,0.0,Dry
2026-09-12 16:00:01,2,Tradescantia Zebrina,1760,66.0,Optimal
2026-09-12 16:30:00,3,Monstera Deliciosa,3207,4.0,Dry
2026-09-12 16:30:01,2,Tradescantia Zebrina,1739,67.0,Optimal
2026-09-12 16:30:01,1,Gynura Aurantiaca,1627,72.0,Optimal
2026-09-12 17:00:00,1,Gynura Aurantiaca,1614,73.0,Optimal
2026-09-12 17:00:01,3,Monstera Deliciosa,3026,11.0,Dry
2026-09-12 17:00:01,2,Tradescantia Zebrina,1744,67.0,Optimal
2026-09-12 17:30:01,2,Tradescantia Zebrina,1747,67.0,Optimal
2026-09-12 17:30:02,1,Gynura Aurantiaca,1621,73.0,Optimal
2026-09-12 17:30:02,3,Monstera Deliciosa,3039,11.0,Dry
2026-09-12 18:00:01,2,Tradescantia Zebrina,1759,67.0,Optimal
2026-09-12 18:00:01,3,Monstera Deliciosa,2811,21.0,Moist
2026-09-12 18:00:02,1,Gynura Aurantiaca,1607,73.0,Optimal
2026-09-12 18:30:00,1,Gynura Aurantiaca,1626,72.0,Optimal
2026-09-12 18:30:00,2,Tradescantia Zebrina,1782,66.0,Optimal
2026-09-12 18:30:01,3,Monstera Deliciosa,2897,17.0,Dry
2026-09-12 19:00:01,2,Tradescantia Zebrina,1778,66.0,Optimal
2026-09-12 19:00:01,1,Gynura Aurantiaca,1635,72.0,Optimal
2026-09-12 19:00:01,3,Monstera Deliciosa,3122,7.0,Dry
2026-09-12 19:30:00,3,Monstera Deliciosa,1754,67.0,Optimal
2026-09-12 19:30:01,2,Tradescantia Zebrina,1772,66.0,Optimal
2026-09-12 19:30:01,1,Gynura Aurantiaca,1613,73.0,Optimal
2026-09-12 20:00:01,2,Tradescantia Zebrina,1776,66.0,Optimal
2026-09-12 20:00:01,1,Gynura Aurantiaca,1634,72.0,Optimal
2026-09-12 20:00:01,3,Monstera Deliciosa,1631,72.0,Optimal
2026-09-12 20:30:01,1,Gynura Aurantiaca,1611,73.0,Optimal
2026-09-12 20:30:01,2,Tradescantia Zebrina,1778,66.0,Optimal
2026-09-12 20:30:01,3,Monstera Deliciosa,1970,57.0,Optimal
2026-09-12 21:00:01,2,Tradescantia Zebrina,1795,65.0,Optimal
2026-09-12 21:00:01,1,Gynura Aurantiaca,1622,72.0,Optimal
2026-09-12 21:00:01,3,Monstera Deliciosa,1367,84.0,Soggy
2026-09-12 21:30:01,1,Gynura Aurantiaca,1633,72.0,Optimal
2026-09-12 21:30:01,2,Tradescantia Zebrina,1813,64.0,Optimal
2026-09-12 21:30:01,3,Monstera Deliciosa,1363,84.0,Soggy
2026-09-12 22:00:00,1,Gynura Aurantiaca,1648,71.0,Optimal
2026-09-12 22:00:01,3,Monstera Deliciosa,1367,84.0,Soggy
2026-09-12 22:00:01,2,Tradescantia Zebrina,1817,64.0,Optimal
2026-09-12 22:30:01,1,Gynura Aurantiaca,1650,71.0,Optimal
2026-09-12 22:30:01,2,Tradescantia Zebrina,1827,64.0,Optimal
2026-09-12 22:30:01,3,Monstera Deliciosa,1311,86.0,Soggy
2026-09-12 23:00:01,2,Tradescantia Zebrina,1819,64.0,Optimal
2026-09-12 23:00:01,1,Gynura Aurantiaca,1641,72.0,Optimal
2026-09-12 23:00:02,3,Monstera Deliciosa,1375,83.0,Soggy
2026-09-12 23:30:01,3,Monstera Deliciosa,1371,83.0,Soggy
2026-09-12 23:30:01,2,Tradescantia Zebrina,1810,64.0,Optimal
2026-09-12 23:30:02,1,Gynura Aurantiaca,1665,71.0,Optimal
2026-09-13 00:00:01,2,Tradescantia Zebrina,1809,64.0,Optimal
2026-09-13 00:00:01,3,Monstera Deliciosa,1379,83.0,Soggy
2026-09-13 00:00:01,1,Gynura Aurantiaca,1662,71.0,Optimal
2026-09-13 00:30:01,1,Gynura Aurantiaca,1655,71.0,Optimal
2026-09-13 00:30:01,2,Tradescantia Zebrina,1811,64.0,Optimal
2026-09-13 00:30:01,3,Monstera Deliciosa,1359,84.0,Soggy
2026-09-13 01:00:00,2,Tradescantia Zebrina,1819,64.0,Optimal
2026-09-13 01:00:01,3,Monstera Deliciosa,1361,84.0,Soggy
2026-09-13 01:00:01,1,Gynura Aurantiaca,1661,71.0,Optimal
2026-09-13 01:30:01,2,Tradescantia Zebrina,1815,64.0,Optimal
2026-09-13 01:30:01,1,Gynura Aurantiaca,1671,70.0,Optimal
2026-09-13 01:30:01,3,Monstera Deliciosa,1373,83.0,Soggy
2026-09-13 02:00:01,2,Tradescantia Zebrina,1821,64.0,Optimal
2026-09-13 02:00:02,1,Gynura Aurantiaca,1648,71.0,Optimal
2026-09-13 02:00:02,3,Monstera Deliciosa,1390,83.0,Soggy
2026-09-13 02:30:01,1,Gynura Aurantiaca,1653,71.0,Optimal
2026-09-13 02:30:01,2,Tradescantia Zebrina,1833,63.0,Optimal
2026-09-13 02:30:01,3,Monstera Deliciosa,1339,85.0,Soggy
2026-09-13 03:00:00,1,Gynura Aurantiaca,1663,71.0,Optimal
2026-09-13 03:00:00,3,Monstera Deliciosa,1367,84.0,Soggy
2026-09-13 03:00:02,2,Tradescantia Zebrina,1830,63.0,Optimal
2026-09-13 03:30:01,1,Gynura Aurantiaca,1663,71.0,Optimal
2026-09-13 03:30:01,3,Monstera Deliciosa,1362,84.0,Soggy
2026-09-13 03:30:01,2,Tradescantia Zebrina,1823,64.0,Optimal
2026-09-13 04:00:01,2,Tradescantia Zebrina,1851,63.0,Optimal
2026-09-13 04:00:01,1,Gynura Aurantiaca,1657,71.0,Optimal
2026-09-13 04:00:02,3,Monstera Deliciosa,1363,84.0,Soggy
2026-09-13 04:30:00,1,Gynura Aurantiaca,1658,71.0,Optimal
2026-09-13 04:30:01,3,Monstera Deliciosa,1367,84.0,Soggy
2026-09-13 04:30:02,2,Tradescantia Zebrina,1830,63.0,Optimal
2026-09-13 05:00:01,3,Monstera Deliciosa,1372,83.0,Soggy
2026-09-13 05:00:01,1,Gynura Aurantiaca,1680,70.0,Optimal
2026-09-13 05:00:01,2,Tradescantia Zebrina,1842,63.0,Optimal
2026-09-13 05:30:01,3,Monstera Deliciosa,1357,84.0,Soggy
2026-09-13 05:30:01,1,Gynura Aurantiaca,1661,71.0,Optimal
2026-09-13 05:30:02,2,Tradescantia Zebrina,1847,63.0,Optimal
2026-09-13 06:00:00,1,Gynura Aurantiaca,1675,70.0,Optimal
2026-09-13 06:00:00,3,Monstera Deliciosa,1365,84.0,Soggy
2026-09-13 06:00:01,2,Tradescantia Zebrina,1868,62.0,Optimal
2026-09-13 06:30:01,3,Monstera Deliciosa,1365,84.0,Soggy
2026-09-13 06:30:01,1,Gynura Aurantiaca,1666,71.0,Optimal
2026-09-13 06:30:02,2,Tradescantia Zebrina,1861,62.0,Optimal
2026-09-13 07:00:01,2,Tradescantia Zebrina,1861,62.0,Optimal
2026-09-13 07:00:01,1,Gynura Aurantiaca,1678,70.0,Optimal
2026-09-13 07:00:01,3,Monstera Deliciosa,1360,84.0,Soggy
2026-09-13 07:30:00,1,Gynura Aurantiaca,1673,70.0,Optimal
2026-09-13 07:30:01,3,Monstera Deliciosa,1387,83.0,Soggy
2026-09-13 07:30:01,2,Tradescantia Zebrina,1863,62.0,Optimal
2026-09-13 08:00:00,2,Tradescantia Zebrina,1875,61.0,Optimal
2026-09-13 08:00:01,1,Gynura Aurantiaca,1683,70.0,Optimal
2026-09-13 08:00:02,3,Monstera Deliciosa,1369,83.0,Soggy
2026-09-13 08:30:01,2,Tradescantia Zebrina,1895,61.0,Optimal
2026-09-13 08:30:01,3,Monstera Deliciosa,1377,83.0,Soggy
2026-09-13 08:30:01,1,Gynura Aurantiaca,1680,70.0,Optimal
2026-09-13 09:00:01,1,Gynura Aurantiaca,1682,70.0,Optimal
2026-09-13 09:00:03,2,Tradescantia Zebrina,1886,61.0,Optimal
2026-09-13 09:00:04,3,Monstera Deliciosa,1375,83.0,Soggy
2026-09-13 09:30:01,1,Gynura Aurantiaca,1684,70.0,Optimal
2026-09-13 09:30:04,2,Tradescantia Zebrina,1872,62.0,Optimal
2026-09-13 09:30:04,3,Monstera Deliciosa,1367,84.0,Soggy
2026-09-13 10:00:01,1,Gynura Aurantiaca,1699,69.0,Optimal
2026-09-13 10:00:01,3,Monstera Deliciosa,1392,82.0,Soggy
2026-09-13 10:00:01,2,Tradescantia Zebrina,1893,61.0,Optimal
2026-09-13 10:30:01,2,Tradescantia Zebrina,1898,60.0,Optimal
2026-09-13 10:30:01,1,Gynura Aurantiaca,1684,70.0,Optimal
2026-09-13 10:30:02,3,Monstera Deliciosa,1362,84.0,Soggy
2026-09-13 11:00:01,2,Tradescantia Zebrina,1885,61.0,Optimal
2026-09-13 11:00:01,1,Gynura Aurantiaca,1685,70.0,Optimal
2026-09-13 11:00:01,3,Monstera Deliciosa,1389,83.0,Soggy
2026-09-13 11:30:01,3,Monstera Deliciosa,1390,83.0,Soggy
2026-09-13 11:30:01,2,Tradescantia Zebrina,1904,60.0,Optimal
2026-09-13 11:30:01,1,Gynura Aurantiaca,1685,70.0,Optimal
2026-09-13 12:00:01,1,Gynura Aurantiaca,1703,69.0,Optimal
2026-09-13 12:00:01,2,Tradescantia Zebrina,1908,60.0,Optimal
2026-09-13 12:00:01,3,Monstera Deliciosa,1406,82.0,Soggy
2026-09-13 12:30:00,3,Monstera Deliciosa,1384,83.0,Soggy
2026-09-13 12:30:01,2,Tradescantia Zebrina,1911,60.0,Optimal
2026-09-13 12:30:01,1,Gynura Aurantiaca,1689,70.0,Optimal
2026-09-13 13:00:01,3,Monstera Deliciosa,1388,83.0,Soggy
2026-09-13 13:00:01,2,Tradescantia Zebrina,1916,60.0,Optimal
2026-09-13 13:00:01,1,Gynura Aurantiaca,1707,69.0,Optimal
2026-09-13 13:30:00,3,Monstera Deliciosa,1371,83.0,Soggy
2026-09-13 13:30:01,1,Gynura Aurantiaca,1697,69.0,Optimal
2026-09-13 13:30:01,2,Tradescantia Zebrina,1905,60.0,Optimal
2026-09-13 14:00:01,3,Monstera Deliciosa,1392,82.0,Soggy
2026-09-13 14:00:01,1,Gynura Aurantiaca,1712,69.0,Optimal
2026-09-13 14:00:01,2,Tradescantia Zebrina,1934,59.0,Optimal
2026-09-13 14:30:01,2,Tradescantia Zebrina,1920,60.0,Optimal
2026-09-13 14:30:01,3,Monstera Deliciosa,1376,83.0,Soggy
2026-09-13 14:30:02,1,Gynura Aurantiaca,1717,68.0,Optimal
2026-09-13 15:00:00,3,Monstera Deliciosa,1392,82.0,Soggy
2026-09-13 15:00:01,1,Gynura Aurantiaca,1706,69.0,Optimal
2026-09-13 15:00:01,2,Tradescantia Zebrina,1934,59.0,Optimal
2026-09-13 15:30:01,2,Tradescantia Zebrina,1915,60.0,Optimal
2026-09-13 15:30:01,3,Monstera Deliciosa,1403,82.0,Soggy
2026-09-13 15:30:01,1,Gynura Aurantiaca,1712,69.0,Optimal
2026-09-13 16:00:01,2,Tradescantia Zebrina,1939,59.0,Optimal
2026-09-13 16:00:02,3,Monstera Deliciosa,1385,83.0,Soggy
2026-09-13 16:00:02,1,Gynura Aurantiaca,1728,68.0,Optimal
2026-09-13 16:30:01,2,Tradescantia Zebrina,1956,58.0,Optimal
2026-09-13 16:30:01,3,Monstera Deliciosa,1371,83.0,Soggy
2026-09-13 16:30:01,1,Gynura Aurantiaca,1712,69.0,Optimal
2026-09-13 17:00:01,3,Monstera Deliciosa,1389,83.0,Soggy
2026-09-13 17:00:01,2,Tradescantia Zebrina,1939,59.0,Optimal
2026-09-13 17:00:02,1,Gynura Aurantiaca,1719,68.0,Optimal
2026-09-13 17:30:00,2,Tradescantia Zebrina,1961,58.0,Optimal
2026-09-13 17:30:01,3,Monstera Deliciosa,1380,83.0,Soggy
2026-09-13 17:30:01,1,Gynura Aurantiaca,1712,69.0,Optimal
2026-09-13 18:00:00,3,Monstera Deliciosa,1371,83.0,Soggy
2026-09-13 18:00:01,2,Tradescantia Zebrina,1958,58.0,Optimal
2026-09-13 18:00:01,1,Gynura Aurantiaca,1750,67.0,Optimal
2026-09-13 18:30:01,3,Monstera Deliciosa,1381,83.0,Soggy
2026-09-13 18:30:01,2,Tradescantia Zebrina,1959,58.0,Optimal
2026-09-13 18:30:01,1,Gynura Aurantiaca,1740,67.0,Optimal
2026-09-13 19:00:01,2,Tradescantia Zebrina,1957,58.0,Optimal
2026-09-13 19:00:01,1,Gynura Aurantiaca,1735,68.0,Optimal
2026-09-13 19:00:01,3,Monstera Deliciosa,1360,84.0,Soggy
2026-09-13 19:30:01,2,Tradescantia Zebrina,1966,58.0,Optimal
2026-09-13 19:30:01,1,Gynura Aurantiaca,1729,68.0,Optimal
2026-09-13 19:30:01,3,Monstera Deliciosa,1375,83.0,Soggy
2026-09-13 20:00:01,1,Gynura Aurantiaca,1744,67.0,Optimal
2026-09-13 20:00:01,2,Tradescantia Zebrina,1981,57.0,Optimal
2026-09-13 20:00:02,3,Monstera Deliciosa,1378,83.0,Soggy
2026-09-13 20:30:01,2,Tradescantia Zebrina,1978,57.0,Optimal
2026-09-13 20:30:01,3,Monstera Deliciosa,1382,83.0,Soggy
2026-09-13 20:30:01,1,Gynura Aurantiaca,1744,67.0,Optimal
2026-09-13 21:00:00,3,Monstera Deliciosa,1379,83.0,Soggy
2026-09-13 21:00:00,1,Gynura Aurantiaca,1746,67.0,Optimal
2026-09-13 21:00:01,2,Tradescantia Zebrina,2000,56.0,Optimal
2026-09-13 21:30:00,2,Tradescantia Zebrina,1999,56.0,Optimal
2026-09-13 21:30:01,1,Gynura Aurantiaca,1733,68.0,Optimal
2026-09-13 21:30:01,3,Monstera Deliciosa,1392,82.0,Soggy
2026-09-13 22:00:00,2,Tradescantia Zebrina,1986,57.0,Optimal
2026-09-13 22:00:01,1,Gynura Aurantiaca,1751,67.0,Optimal
2026-09-13 22:00:01,3,Monstera Deliciosa,1394,82.0,Soggy
2026-09-13 22:30:00,3,Monstera Deliciosa,1390,83.0,Soggy
2026-09-13 22:30:00,1,Gynura Aurantiaca,1743,67.0,Optimal
2026-09-13 22:30:01,2,Tradescantia Zebrina,2000,56.0,Optimal
2026-09-13 23:00:00,3,Monstera Deliciosa,1397,82.0,Soggy
2026-09-13 23:00:01,1,Gynura Aurantiaca,1764,66.0,Optimal
2026-09-13 23:00:01,2,Tradescantia Zebrina,2002,56.0,Optimal
2026-09-13 23:30:00,1,Gynura Aurantiaca,1767,66.0,Optimal
2026-09-13 23:30:00,2,Tradescantia Zebrina,2007,56.0,Optimal
2026-09-13 23:30:02,3,Monstera Deliciosa,1397,82.0,Soggy
2026-09-14 00:00:01,1,Gynura Aurantiaca,1749,67.0,Optimal
2026-09-14 00:00:01,2,Tradescantia Zebrina,2002,56.0,Optimal
2026-09-14 00:00:02,3,Monstera Deliciosa,1286,87.0,Soggy
2026-09-14 00:30:00,3,Monstera Deliciosa,1391,83.0,Soggy
2026-09-14 00:30:01,1,Gynura Aurantiaca,1751,67.0,Optimal
2026-09-14 00:30:01,2,Tradescantia Zebrina,2023,55.0,Optimal
2026-09-14 01:00:00,1,Gynura Aurantiaca,1765,66.0,Optimal
2026-09-14 01:00:00,2,Tradescantia Zebrina,2017,55.0,Optimal
2026-09-14 01:00:01,3,Monstera Deliciosa,1378,83.0,Soggy
2026-09-14 01:30:00,1,Gynura Aurantiaca,1765,66.0,Optimal
2026-09-14 01:30:01,2,Tradescantia Zebrina,1993,56.0,Optimal
2026-09-14 01:30:01,3,Monstera Deliciosa,1394,82.0,Soggy
2026-09-14 02:00:01,1,Gynura Aurantiaca,1754,67.0,Optimal
2026-09-14 02:00:01,3,Monstera Deliciosa,1398,82.0,Soggy
2026-09-14 02:00:01,2,Tradescantia Zebrina,2010,56.0,Optimal
2026-09-14 02:30:00,3,Monstera Deliciosa,1377,83.0,Soggy
2026-09-14 02:30:01,2,Tradescantia Zebrina,2006,56.0,Optimal
2026-09-14 02:30:01,1,Gynura Aurantiaca,1757,67.0,Optimal
2026-09-14 03:00:00,1,Gynura Aurantiaca,1776,66.0,Optimal
2026-09-14 03:00:01,3,Monstera Deliciosa,1393,82.0,Soggy
2026-09-14 03:00:01,2,Tradescantia Zebrina,2023,55.0,Optimal
2026-09-14 03:30:01,1,Gynura Aurantiaca,1779,66.0,Optimal
2026-09-14 03:30:01,3,Monstera Deliciosa,1378,83.0,Soggy
2026-09-14 03:30:02,2,Tradescantia Zebrina,2022,55.0,Optimal
2026-09-14 04:00:01,3,Monstera Deliciosa,1393,82.0,Soggy
2026-09-14 04:00:01,2,Tradescantia Zebrina,2022,55.0,Optimal
2026-09-14 04:00:01,1,Gynura Aurantiaca,1766,66.0,Optimal
2026-09-14 04:30:01,1,Gynura Aurantiaca,1782,66.0,Optimal
2026-09-14 04:30:02,3,Monstera Deliciosa,1377,83.0,Soggy
2026-09-14 04:30:02,2,Tradescantia Zebrina,2034,55.0,Optimal
2026-09-14 05:00:01,3,Monstera Deliciosa,1330,85.0,Soggy
2026-09-14 05:00:01,1,Gynura Aurantiaca,1767,66.0,Optimal
2026-09-14 05:00:02,2,Tradescantia Zebrina,2043,54.0,Optimal
2026-09-14 05:30:00,3,Monstera Deliciosa,1344,85.0,Soggy
2026-09-14 05:30:01,1,Gynura Aurantiaca,1780,66.0,Optimal
2026-09-14 05:30:01,2,Tradescantia Zebrina,2031,55.0,Optimal
2026-09-14 06:00:00,2,Tradescantia Zebrina,2053,54.0,Optimal
2026-09-14 06:00:01,3,Monstera Deliciosa,1339,85.0,Soggy
2026-09-14 06:00:01,1,Gynura Aurantiaca,1761,66.0,Optimal
2026-09-14 06:30:01,1,Gynura Aurantiaca,1789,65.0,Optimal
2026-09-14 06:30:01,3,Monstera Deliciosa,1383,83.0,Soggy
2026-09-14 06:30:01,2,Tradescantia Zebrina,2047,54.0,Optimal
2026-09-14 07:00:01,1,Gynura Aurantiaca,1783,65.0,Optimal
2026-09-14 07:00:01,3,Monstera Deliciosa,1381,83.0,Soggy
2026-09-14 07:00:01,2,Tradescantia Zebrina,2044,54.0,Optimal
2026-09-14 07:30:01,3,Monstera Deliciosa,1370,83.0,Soggy
2026-09-14 07:30:01,2,Tradescantia Zebrina,2038,54.0,Optimal
2026-09-14 07:30:01,1,Gynura Aurantiaca,1782,66.0,Optimal
2026-09-14 08:00:01,1,Gynura Aurantiaca,1783,65.0,Optimal
2026-09-14 08:00:01,3,Monstera Deliciosa,1376,83.0,Soggy
2026-09-14 08:00:01,2,Tradescantia Zebrina,2071,53.0,Optimal
2026-09-14 08:30:00,3,Monstera Deliciosa,1371,83.0,Soggy
2026-09-14 08:30:01,2,Tradescantia Zebrina,2090,52.0,Optimal
2026-09-14 08:30:01,1,Gynura Aurantiaca,1791,65.0,Optimal
2026-09-14 09:00:01,3,Monstera Deliciosa,1394,82.0,Soggy
2026-09-14 09:00:01,2,Tradescantia Zebrina,2105,51.0,Optimal
2026-09-14 09:00:02,1,Gynura Aurantiaca,1795,65.0,Optimal
2026-09-14 09:30:01,2,Tradescantia Zebrina,2096,52.0,Optimal
2026-09-14 09:30:02,3,Monstera Deliciosa,1379,83.0,Soggy
2026-09-14 09:30:02,1,Gynura Aurantiaca,1790,65.0,Optimal
2026-09-14 10:00:01,1,Gynura Aurantiaca,1791,65.0,Optimal
2026-09-14 10:00:01,3,Monstera Deliciosa,1409,82.0,Soggy
2026-09-14 10:00:01,2,Tradescantia Zebrina,2096,52.0,Optimal
2026-09-14 10:30:00,3,Monstera Deliciosa,1383,83.0,Soggy
2026-09-14 10:30:00,2,Tradescantia Zebrina,2122,51.0,Optimal
2026-09-14 10:30:01,1,Gynura Aurantiaca,1813,64.0,Optimal
2026-09-14 11:00:01,3,Monstera Deliciosa,1392,82.0,Soggy
2026-09-14 11:00:01,2,Tradescantia Zebrina,2096,52.0,Optimal
2026-09-14 11:00:01,1,Gynura Aurantiaca,1788,65.0,Optimal
2026-09-14 11:30:01,1,Gynura Aurantiaca,1799,65.0,Optimal
2026-09-14 11:30:01,3,Monstera Deliciosa,1417,81.0,Soggy
2026-09-14 11:30:01,2,Tradescantia Zebrina,2111,51.0,Optimal
2026-09-14 12:00:01,3,Monstera Deliciosa,1403,82.0,Soggy
2026-09-14 12:00:01,2,Tradescantia Zebrina,2110,51.0,Optimal
2026-09-14 12:00:02,1,Gynura Aurantiaca,1804,65.0,Optimal
2026-09-14 12:30:01,3,Monstera Deliciosa,1405,82.0,Soggy
2026-09-14 12:30:01,1,Gynura Aurantiaca,1797,65.0,Optimal
2026-09-14 12:30:01,2,Tradescantia Zebrina,2109,51.0,Optimal
2026-09-14 13:00:00,3,Monstera Deliciosa,1402,82.0,Soggy
2026-09-14 13:00:00,2,Tradescantia Zebrina,2116,51.0,Optimal
2026-09-14 13:00:01,1,Gynura Aurantiaca,1801,65.0,Optimal
2026-09-14 13:30:01,1,Gynura Aurantiaca,1811,64.0,Optimal
2026-09-14 13:30:01,2,Tradescantia Zebrina,2123,51.0,Optimal
2026-09-14 13:30:01,3,Monstera Deliciosa,1407,82.0,Soggy
2026-09-14 14:00:01,2,Tradescantia Zebrina,2130,50.0,Moist
2026-09-14 14:00:01,1,Gynura Aurantiaca,1824,64.0,Optimal
2026-09-14 14:00:01,3,Monstera Deliciosa,1407,82.0,Soggy
2026-09-14 14:30:00,2,Tradescantia Zebrina,2125,51.0,Optimal
2026-09-14 14:30:01,3,Monstera Deliciosa,1404,82.0,Soggy
2026-09-14 14:30:01,1,Gynura Aurantiaca,1830,63.0,Optimal
2026-09-14 15:00:01,2,Tradescantia Zebrina,2126,51.0,Optimal
2026-09-14 15:00:01,1,Gynura Aurantiaca,1843,63.0,Optimal
2026-09-14 15:00:01,3,Monstera Deliciosa,1387,83.0,Soggy
2026-09-14 15:30:00,1,Gynura Aurantiaca,1833,63.0,Optimal
2026-09-14 15:30:00,3,Monstera Deliciosa,1366,84.0,Soggy
2026-09-14 15:30:01,2,Tradescantia Zebrina,2146,50.0,Moist
2026-09-14 16:00:01,3,Monstera Deliciosa,1407,82.0,Soggy
2026-09-14 16:00:01,1,Gynura Aurantiaca,1835,63.0,Optimal
2026-09-14 16:00:01,2,Tradescantia Zebrina,2139,50.0,Moist
2026-09-14 16:30:01,3,Monstera Deliciosa,1401,82.0,Soggy
2026-09-14 16:30:01,2,Tradescantia Zebrina,2143,50.0,Moist
2026-09-14 16:30:01,1,Gynura Aurantiaca,1842,63.0,Optimal
2026-09-14 17:00:01,2,Tradescantia Zebrina,2162,49.0,Moist
2026-09-14 17:00:01,1,Gynura Aurantiaca,1840,63.0,Optimal
2026-09-14 17:00:07,3,Monstera Deliciosa,1403,82.0,Soggy
2026-09-14 17:30:01,1,Gynura Aurantiaca,1823,64.0,Optimal
2026-09-14 17:30:01,2,Tradescantia Zebrina,2157,49.0,Moist
2026-09-14 17:30:09,3,Monstera Deliciosa,1409,82.0,Soggy
2026-09-14 18:00:01,2,Tradescantia Zebrina,2171,49.0,Moist
2026-09-14 18:00:01,3,Monstera Deliciosa,1422,81.0,Soggy
2026-09-14 18:00:01,1,Gynura Aurantiaca,1843,63.0,Optimal
2026-09-14 18:30:01,3,Monstera Deliciosa,1359,84.0,Soggy
2026-09-14 18:30:01,1,Gynura Aurantiaca,1855,62.0,Optimal
2026-09-14 18:30:01,2,Tradescantia Zebrina,2160,49.0,Moist
2026-09-14 19:00:01,2,Tradescantia Zebrina,2188,48.0,Moist
2026-09-14 19:00:01,3,Monstera Deliciosa,1365,84.0,Soggy
2026-09-14 19:00:01,1,Gynura Aurantiaca,1850,63.0,Optimal
2026-09-14 19:30:01,1,Gynura Aurantiaca,1840,63.0,Optimal
2026-09-14 19:30:01,3,Monstera Deliciosa,1377,83.0,Soggy
2026-09-14 19:30:01,2,Tradescantia Zebrina,2192,48.0,Moist
2026-09-14 20:00:01,2,Tradescantia Zebrina,2209,47.0,Moist
2026-09-14 20:00:01,3,Monstera Deliciosa,1393,82.0,Soggy
2026-09-14 20:00:01,1,Gynura Aurantiaca,1859,62.0,Optimal
2026-09-14 20:30:01,1,Gynura Aurantiaca,1867,62.0,Optimal
2026-09-14 20:30:01,2,Tradescantia Zebrina,2185,48.0,Moist
2026-09-14 20:30:01,3,Monstera Deliciosa,1408,82.0,Soggy
2026-09-14 21:00:00,2,Tradescantia Zebrina,2192,48.0,Moist
2026-09-14 21:00:00,3,Monstera Deliciosa,1408,82.0,Soggy
2026-09-14 21:00:01,1,Gynura Aurantiaca,1863,62.0,Optimal
2026-09-14 21:30:00,1,Gynura Aurantiaca,1866,62.0,Optimal
2026-09-14 21:30:01,3,Monstera Deliciosa,1360,84.0,Soggy
2026-09-14 21:30:01,2,Tradescantia Zebrina,2186,48.0,Moist
2026-09-14 22:00:01,2,Tradescantia Zebrina,2206,47.0,Moist
2026-09-14 22:00:01,1,Gynura Aurantiaca,1869,62.0,Optimal
2026-09-14 22:00:01,3,Monstera Deliciosa,1408,82.0,Soggy
2026-09-14 22:30:01,2,Tradescantia Zebrina,2218,47.0,Moist
2026-09-14 22:30:01,1,Gynura Aurantiaca,1871,62.0,Optimal
2026-09-14 22:30:01,3,Monstera Deliciosa,1419,81.0,Soggy
2026-09-14 23:00:00,2,Tradescantia Zebrina,2193,48.0,Moist
2026-09-14 23:00:00,1,Gynura Aurantiaca,1872,62.0,Optimal
2026-09-14 23:00:02,3,Monstera Deliciosa,1409,82.0,Soggy
2026-09-14 23:30:01,2,Tradescantia Zebrina,2220,46.0,Moist
2026-09-14 23:30:01,1,Gynura Aurantiaca,1893,61.0,Optimal
2026-09-14 23:30:01,3,Monstera Deliciosa,1418,81.0,Soggy
2026-09-15 00:00:01,3,Monstera Deliciosa,1389,83.0,Soggy
2026-09-15 00:00:01,1,Gynura Aurantiaca,1889,61.0,Optimal
2026-09-15 00:00:01,2,Tradescantia Zebrina,2202,47.0,Moist
2026-09-15 00:30:01,2,Tradescantia Zebrina,2225,46.0,Moist
2026-09-15 00:30:01,3,Monstera Deliciosa,1370,83.0,Soggy
2026-09-15 00:30:02,1,Gynura Aurantiaca,1889,61.0,Optimal
2026-09-15 01:00:00,2,Tradescantia Zebrina,2222,46.0,Moist
2026-09-15 01:00:00,3,Monstera Deliciosa,1362,84.0,Soggy
2026-09-15 01:00:01,1,Gynura Aurantiaca,1904,60.0,Optimal
2026-09-15 01:30:01,2,Tradescantia Zebrina,2241,46.0,Moist
2026-09-15 01:30:01,3,Monstera Deliciosa,1425,81.0,Soggy
2026-09-15 01:30:01,1,Gynura Aurantiaca,1922,59.0,Optimal
2026-09-15 02:00:01,1,Gynura Aurantiaca,1910,60.0,Optimal
2026-09-15 02:00:01,2,Tradescantia Zebrina,2231,46.0,Moist
2026-09-15 02:00:02,3,Monstera Deliciosa,1424,81.0,Soggy
2026-09-15 02:30:01,3,Monstera Deliciosa,1423,81.0,Soggy
2026-09-15 02:30:02,1,Gynura Aurantiaca,1917,60.0,Optimal
2026-09-15 02:30:02,2,Tradescantia Zebrina,2229,46.0,Moist
2026-09-15 03:00:00,3,Monstera Deliciosa,1392,82.0,Soggy
2026-09-15 03:00:01,1,Gynura Aurantiaca,1925,59.0,Optimal
2026-09-15 03:00:01,2,Tradescantia Zebrina,2225,46.0,Moist
2026-09-15 03:30:01,3,Monstera Deliciosa,1401,82.0,Soggy
2026-09-15 03:30:01,2,Tradescantia Zebrina,2234,46.0,Moist
2026-09-15 03:30:01,1,Gynura Aurantiaca,1936,59.0,Optimal
2026-09-15 04:00:01,1,Gynura Aurantiaca,1942,59.0,Optimal
2026-09-15 04:00:01,2,Tradescantia Zebrina,2252,45.0,Moist
2026-09-15 04:00:01,3,Monstera Deliciosa,1419,81.0,Soggy
2026-09-15 04:30:00,3,Monstera Deliciosa,1420,81.0,Soggy
2026-09-15 04:30:00,2,Tradescantia Zebrina,2250,45.0,Moist
2026-09-15 04:30:01,1,Gynura Aurantiaca,1935,59.0,Optimal
2026-09-15 05:00:01,3,Monstera Deliciosa,1400,82.0,Soggy
2026-09-15 05:00:01,2,Tradescantia Zebrina,2243,45.0,Moist
2026-09-15 05:00:02,1,Gynura Aurantiaca,1950,58.0,Optimal
2026-09-15 05:30:01,3,Monstera Deliciosa,1414,82.0,Soggy
2026-09-15 05:30:01,1,Gynura Aurantiaca,1938,59.0,Optimal
2026-09-15 05:30:01,2,Tradescantia Zebrina,2249,45.0,Moist
2026-09-15 06:00:00,3,Monstera Deliciosa,1382,83.0,Soggy
2026-09-15 06:00:01,2,Tradescantia Zebrina,2256,45.0,Moist
2026-09-15 06:00:01,1,Gynura Aurantiaca,1950,58.0,Optimal
2026-09-15 06:30:00,3,Monstera Deliciosa,1362,84.0,Soggy
2026-09-15 06:30:01,1,Gynura Aurantiaca,1954,58.0,Optimal
2026-09-15 06:30:01,2,Tradescantia Zebrina,2267,44.0,Moist
2026-09-15 07:00:01,3,Monstera Deliciosa,1392,82.0,Soggy
2026-09-15 07:00:01,1,Gynura Aurantiaca,1962,58.0,Optimal
2026-09-15 07:00:01,2,Tradescantia Zebrina,2251,45.0,Moist
2026-09-15 07:30:01,2,Tradescantia Zebrina,2266,44.0,Moist
2026-09-15 07:30:01,3,Monstera Deliciosa,1410,82.0,Soggy
2026-09-15 07:30:01,1,Gynura Aurantiaca,1968,57.0,Optimal
2026-09-15 08:00:00,3,Monstera Deliciosa,1409,82.0,Soggy
2026-09-15 08:00:01,1,Gynura Aurantiaca,1968,57.0,Optimal
2026-09-15 08:00:01,2,Tradescantia Zebrina,2278,44.0,Moist
2026-09-15 08:30:00,2,Tradescantia Zebrina,2265,45.0,Moist
2026-09-15 08:30:01,3,Monstera Deliciosa,1415,81.0,Soggy
2026-09-15 08:30:01,1,Gynura Aurantiaca,1968,57.0,Optimal
2026-09-15 09:00:00,3,Monstera Deliciosa,1417,81.0,Soggy
2026-09-15 09:00:01,1,Gynura Aurantiaca,1970,57.0,Optimal
2026-09-15 09:00:03,2,Tradescantia Zebrina,2287,44.0,Moist
2026-09-15 09:30:01,3,Monstera Deliciosa,1437,81.0,Soggy
2026-09-15 09:30:01,1,Gynura Aurantiaca,1981,57.0,Optimal
2026-09-15 09:30:05,2,Tradescantia Zebrina,2287,44.0,Moist
2026-09-15 10:00:00,2,Tradescantia Zebrina,2277,44.0,Moist
2026-09-15 10:00:00,1,Gynura Aurantiaca,1974,57.0,Optimal
2026-09-15 10:00:01,3,Monstera Deliciosa,1414,82.0,Soggy
2026-09-15 10:30:01,3,Monstera Deliciosa,1417,81.0,Soggy
2026-09-15 10:30:01,2,Tradescantia Zebrina,2294,43.0,Moist
2026-09-15 10:30:01,1,Gynura Aurantiaca,1991,56.0,Optimal
2026-09-15 11:00:01,2,Tradescantia Zebrina,2290,43.0,Moist
2026-09-15 11:00:01,3,Monstera Deliciosa,1436,81.0,Soggy
2026-09-15 11:00:01,1,Gynura Aurantiaca,1984,57.0,Optimal
2026-09-15 11:30:01,2,Tradescantia Zebrina,2301,43.0,Moist
2026-09-15 11:30:02,3,Monstera Deliciosa,1413,82.0,Soggy
2026-09-15 11:30:02,1,Gynura Aurantiaca,1986,57.0,Optimal
2026-09-15 12:00:01,2,Tradescantia Zebrina,2302,43.0,Moist
2026-09-15 12:00:01,3,Monstera Deliciosa,1424,81.0,Soggy
2026-09-15 12:00:01,1,Gynura Aurantiaca,1980,57.0,Optimal
2026-09-15 12:30:01,2,Tradescantia Zebrina,2301,43.0,Moist
2026-09-15 12:30:02,1,Gynura Aurantiaca,1972,57.0,Optimal
2026-09-15 12:30:02,3,Monstera Deliciosa,1403,82.0,Soggy
2026-09-15 13:00:01,2,Tradescantia Zebrina,2305,43.0,Moist
2026-09-15 13:00:02,1,Gynura Aurantiaca,1968,57.0,Optimal
2026-09-15 13:00:02,3,Monstera Deliciosa,1424,81.0,Soggy
2026-09-15 13:30:01,1,Gynura Aurantiaca,1986,57.0,Optimal
2026-09-15 13:30:01,3,Monstera Deliciosa,1407,82.0,Soggy
2026-09-15 13:30:02,2,Tradescantia Zebrina,2326,42.0,Moist
2026-09-15 14:00:01,2,Tradescantia Zebrina,2318,42.0,Moist
2026-09-15 14:00:01,1,Gynura Aurantiaca,1981,57.0,Optimal
2026-09-15 14:00:02,3,Monstera Deliciosa,1436,81.0,Soggy
2026-09-15 14:30:00,2,Tradescantia Zebrina,2309,43.0,Moist
2026-09-15 14:30:01,1,Gynura Aurantiaca,1996,56.0,Optimal
2026-09-15 14:30:01,3,Monstera Deliciosa,1433,81.0,Soggy
2026-09-15 15:00:01,3,Monstera Deliciosa,1408,82.0,Soggy
2026-09-15 15:00:01,2,Tradescantia Zebrina,2313,42.0,Moist
2026-09-15 15:00:01,1,Gynura Aurantiaca,1980,57.0,Optimal
2026-09-15 15:30:01,1,Gynura Aurantiaca,1993,56.0,Optimal
2026-09-15 15:30:01,3,Monstera Deliciosa,1456,80.0,Optimal
2026-09-15 15:30:02,2,Tradescantia Zebrina,2326,42.0,Moist
2026-09-15 16:00:01,3,Monstera Deliciosa,1439,80.0,Optimal
2026-09-15 16:00:01,1,Gynura Aurantiaca,1975,57.0,Optimal
2026-09-15 16:00:01,2,Tradescantia Zebrina,2329,42.0,Moist
2026-09-15 16:30:01,3,Monstera Deliciosa,1434,81.0,Soggy
2026-09-15 16:30:01,1,Gynura Aurantiaca,1993,56.0,Optimal
2026-09-15 16:30:02,2,Tradescantia Zebrina,2338,41.0,Moist
2026-09-15 17:00:00,3,Monstera Deliciosa,1416,81.0,Soggy
2026-09-15 17:00:01,1,Gynura Aurantiaca,1994,56.0,Optimal
2026-09-15 17:00:01,2,Tradescantia Zebrina,2355,41.0,Moist
2026-09-15 17:30:01,3,Monstera Deliciosa,1427,81.0,Soggy
2026-09-15 17:30:01,1,Gynura Aurantiaca,2000,56.0,Optimal
2026-09-15 17:30:01,2,Tradescantia Zebrina,2339,41.0,Moist
2026-09-15 18:00:01,1,Gynura Aurantiaca,2000,56.0,Optimal
2026-09-15 18:00:01,3,Monstera Deliciosa,1425,81.0,Soggy
2026-09-15 18:00:03,2,Tradescantia Zebrina,2338,41.0,Moist
2026-09-15 18:30:01,1,Gynura Aurantiaca,1989,57.0,Optimal
2026-09-15 18:30:01,3,Monstera Deliciosa,1450,80.0,Optimal
2026-09-15 18:30:03,2,Tradescantia Zebrina,2347,41.0,Moist
2026-09-15 19:00:00,1,Gynura Aurantiaca,2000,56.0,Optimal
2026-09-15 19:00:00,2,Tradescantia Zebrina,2341,41.0,Moist
2026-09-15 19:00:02,3,Monstera Deliciosa,1433,81.0,Soggy
2026-09-15 19:30:01,1,Gynura Aurantiaca,2000,56.0,Optimal
2026-09-15 19:30:01,2,Tradescantia Zebrina,2358,40.0,Moist
2026-09-15 19:30:01,3,Monstera Deliciosa,1422,81.0,Soggy
2026-09-15 20:00:01,1,Gynura Aurantiaca,2015,55.0,Optimal
2026-09-15 20:00:01,2,Tradescantia Zebrina,2348,41.0,Moist
2026-09-15 20:00:01,3,Monstera Deliciosa,1437,81.0,Soggy
2026-09-15 20:30:01,2,Tradescantia Zebrina,2367,40.0,Moist
2026-09-15 20:30:01,3,Monstera Deliciosa,1435,81.0,Soggy
2026-09-15 20:30:01,1,Gynura Aurantiaca,2001,56.0,Optimal
2026-09-15 21:00:00,1,Gynura Aurantiaca,1994,56.0,Optimal
2026-09-15 21:00:01,2,Tradescantia Zebrina,2370,40.0,Moist
2026-09-15 21:00:01,3,Monstera Deliciosa,1428,81.0,Soggy
2026-09-15 21:30:01,1,Gynura Aurantiaca,2018,55.0,Optimal
2026-09-15 21:30:01,2,Tradescantia Zebrina,2374,40.0,Moist
2026-09-15 21:30:02,3,Monstera Deliciosa,1454,80.0,Optimal
2026-09-15 22:00:01,2,Tradescantia Zebrina,2363,40.0,Moist
2026-09-15 22:00:01,1,Gynura Aurantiaca,1995,56.0,Optimal
2026-09-15 22:00:01,3,Monstera Deliciosa,1451,80.0,Optimal
2026-09-15 22:30:01,3,Monstera Deliciosa,1421,81.0,Soggy
2026-09-15 22:30:02,2,Tradescantia Zebrina,2373,40.0,Moist
2026-09-15 22:30:02,1,Gynura Aurantiaca,2018,55.0,Optimal
2026-09-15 23:00:01,2,Tradescantia Zebrina,2383,39.0,Moist
2026-09-15 23:00:01,1,Gynura Aurantiaca,2022,55.0,Optimal
2026-09-15 23:00:01,3,Monstera Deliciosa,1437,81.0,Soggy
2026-09-15 23:30:01,2,Tradescantia Zebrina,2384,39.0,Moist
2026-09-15 23:30:01,3,Monstera Deliciosa,1423,81.0,Soggy
2026-09-15 23:30:01,1,Gynura Aurantiaca,2016,55.0,Optimal
2026-09-16 00:00:01,3,Monstera Deliciosa,1440,80.0,Optimal
2026-09-16 00:00:01,2,Tradescantia Zebrina,2383,39.0,Moist
2026-09-16 00:00:01,1,Gynura Aurantiaca,2012,56.0,Optimal
2026-09-16 00:30:02,2,Tradescantia Zebrina,2397,39.0,Moist
2026-09-16 00:30:02,3,Monstera Deliciosa,1431,81.0,Soggy
2026-09-16 00:30:03,1,Gynura Aurantiaca,2015,55.0,Optimal
2026-09-16 01:00:03,3,Monstera Deliciosa,1451,80.0,Optimal
2026-09-16 01:00:03,2,Tradescantia Zebrina,2367,40.0,Moist
2026-09-16 01:00:03,1,Gynura Aurantiaca,2016,55.0,Optimal
2026-09-16 01:30:00,1,Gynura Aurantiaca,2029,55.0,Optimal
2026-09-16 01:30:01,3,Monstera Deliciosa,1424,81.0,Soggy
2026-09-16 01:30:01,2,Tradescantia Zebrina,2388,39.0,Moist
2026-09-16 02:00:00,3,Monstera Deliciosa,1466,79.0,Optimal
2026-09-16 02:00:01,2,Tradescantia Zebrina,2399,39.0,Moist
2026-09-16 02:00:01,1,Gynura Aurantiaca,2010,56.0,Optimal
2026-09-16 02:30:01,2,Tradescantia Zebrina,2379,40.0,Moist
2026-09-16 02:30:01,3,Monstera Deliciosa,1456,80.0,Optimal
2026-09-16 02:30:01,1,Gynura Aurantiaca,2032,55.0,Optimal
2026-09-16 03:00:00,2,Tradescantia Zebrina,2388,39.0,Moist
2026-09-16 03:00:00,1,Gynura Aurantiaca,2026,55.0,Optimal
2026-09-16 03:00:01,3,Monstera Deliciosa,1425,81.0,Soggy
2026-09-16 03:30:00,2,Tradescantia Zebrina,2385,39.0,Moist
2026-09-16 03:30:01,3,Monstera Deliciosa,1427,81.0,Soggy
2026-09-16 03:30:01,1,Gynura Aurantiaca,2023,55.0,Optimal
2026-09-16 04:00:01,2,Tradescantia Zebrina,2393,39.0,Moist
2026-09-16 04:00:01,3,Monstera Deliciosa,1383,83.0,Soggy
2026-09-16 04:00:01,1,Gynura Aurantiaca,2022,55.0,Optimal
2026-09-16 04:30:00,3,Monstera Deliciosa,1463,79.0,Optimal
2026-09-16 04:30:00,1,Gynura Aurantiaca,2035,55.0,Optimal
2026-09-16 04:30:01,2,Tradescantia Zebrina,2416,38.0,Moist
2026-09-16 05:00:01,3,Monstera Deliciosa,1394,82.0,Soggy
2026-09-16 05:00:01,2,Tradescantia Zebrina,2413,38.0,Moist
2026-09-16 05:00:01,1,Gynura Aurantiaca,2031,55.0,Optimal
2026-09-16 05:30:01,2,Tradescantia Zebrina,2416,38.0,Moist
2026-09-16 05:30:01,3,Monstera Deliciosa,1395,82.0,Soggy
2026-09-16 05:30:01,1,Gynura Aurantiaca,2061,53.0,Optimal
2026-09-16 06:00:01,1,Gynura Aurantiaca,2057,54.0,Optimal
2026-09-16 06:00:01,3,Monstera Deliciosa,1450,80.0,Optimal
2026-09-16 06:00:01,2,Tradescantia Zebrina,2439,37.0,Moist
2026-09-16 06:30:01,1,Gynura Aurantiaca,2047,54.0,Optimal
2026-09-16 06:30:01,2,Tradescantia Zebrina,2413,38.0,Moist
2026-09-16 06:30:01,3,Monstera Deliciosa,1440,80.0,Optimal
2026-09-16 07:00:00,1,Gynura Aurantiaca,2070,53.0,Optimal
2026-09-16 07:00:01,2,Tradescantia Zebrina,2416,38.0,Moist
2026-09-16 07:00:01,3,Monstera Deliciosa,1453,80.0,Optimal
2026-09-16 07:30:00,1,Gynura Aurantiaca,2069,53.0,Optimal
2026-09-16 07:30:01,2,Tradescantia Zebrina,2447,37.0,Moist
2026-09-16 07:30:01,3,Monstera Deliciosa,1471,79.0,Optimal
2026-09-16 08:00:00,2,Tradescantia Zebrina,2450,36.0,Moist
2026-09-16 08:00:01,3,Monstera Deliciosa,1470,79.0,Optimal
2026-09-16 08:00:01,1,Gynura Aurantiaca,2058,54.0,Optimal
2026-09-16 08:30:00,1,Gynura Aurantiaca,2064,53.0,Optimal
2026-09-16 08:30:01,2,Tradescantia Zebrina,2426,38.0,Moist
2026-09-16 08:30:01,3,Monstera Deliciosa,1434,81.0,Soggy
2026-09-16 09:00:00,3,Monstera Deliciosa,1453,80.0,Optimal
2026-09-16 09:00:01,1,Gynura Aurantiaca,2078,53.0,Optimal
2026-09-16 09:00:01,2,Tradescantia Zebrina,2454,36.0,Moist
2026-09-16 09:30:01,2,Tradescantia Zebrina,2449,37.0,Moist
2026-09-16 09:30:01,3,Monstera Deliciosa,1424,81.0,Soggy
2026-09-16 09:30:01,1,Gynura Aurantiaca,2067,53.0,Optimal
2026-09-16 10:00:01,1,Gynura Aurantiaca,2068,53.0,Optimal
2026-09-16 10:00:01,3,Monstera Deliciosa,1433,81.0,Soggy
2026-09-16 10:00:01,2,Tradescantia Zebrina,2460,36.0,Moist
2026-09-16 10:30:01,3,Monstera Deliciosa,1422,81.0,Soggy
2026-09-16 10:30:01,2,Tradescantia Zebrina,2451,36.0,Moist
2026-09-16 10:30:01,1,Gynura Aurantiaca,2084,52.0,Optimal
2026-09-16 11:00:01,1,Gynura Aurantiaca,2071,53.0,Optimal
2026-09-16 11:00:01,2,Tradescantia Zebrina,2458,36.0,Moist
2026-09-16 11:00:01,3,Monstera Deliciosa,1450,80.0,Optimal
2026-09-16 11:30:00,2,Tradescantia Zebrina,2467,36.0,Moist
2026-09-16 11:30:01,1,Gynura Aurantiaca,2071,53.0,Optimal
2026-09-16 11:30:01,3,Monstera Deliciosa,1431,81.0,Soggy
2026-09-16 12:00:00,1,Gynura Aurantiaca,2074,53.0,Optimal
2026-09-16 12:00:00,3,Monstera Deliciosa,1469,79.0,Optimal
2026-09-16 12:00:01,2,Tradescantia Zebrina,2465,36.0,Moist
2026-09-16 12:30:00,1,Gynura Aurantiaca,2070,53.0,Optimal
2026-09-16 12:30:01,3,Monstera Deliciosa,1467,79.0,Optimal
2026-09-16 12:30:01,2,Tradescantia Zebrina,2485,35.0,Moist
2026-09-16 13:00:00,2,Tradescantia Zebrina,2479,35.0,Moist
2026-09-16 13:00:01,1,Gynura Aurantiaca,2076,53.0,Optimal
2026-09-16 13:00:02,3,Monstera Deliciosa,1445,80.0,Optimal
2026-09-16 13:30:01,3,Monstera Deliciosa,1457,80.0,Optimal
2026-09-16 13:30:01,2,Tradescantia Zebrina,2475,35.0,Moist
2026-09-16 13:30:01,1,Gynura Aurantiaca,2071,53.0,Optimal
2026-09-16 14:00:01,1,Gynura Aurantiaca,2080,53.0,Optimal
2026-09-16 14:00:01,2,Tradescantia Zebrina,2480,35.0,Moist
2026-09-16 14:00:01,3,Monstera Deliciosa,1425,81.0,Soggy
2026-09-16 14:30:01,3,Monstera Deliciosa,1418,81.0,Soggy
2026-09-16 14:30:01,2,Tradescantia Zebrina,2487,35.0,Moist
2026-09-16 14:30:01,1,Gynura Aurantiaca,2094,52.0,Optimal
2026-09-16 15:00:01,3,Monstera Deliciosa,1467,79.0,Optimal
2026-09-16 15:00:01,1,Gynura Aurantiaca,2082,52.0,Optimal
2026-09-16 15:00:01,2,Tradescantia Zebrina,2499,34.0,Moist
2026-09-16 15:30:01,2,Tradescantia Zebrina,2512,34.0,Moist
2026-09-16 15:30:02,3,Monstera Deliciosa,1447,80.0,Optimal
2026-09-16 15:30:02,1,Gynura Aurantiaca,2086,52.0,Optimal
2026-09-16 16:00:01,1,Gynura Aurantiaca,2085,52.0,Optimal
2026-09-16 16:00:01,3,Monstera Deliciosa,1455,80.0,Optimal
2026-09-16 16:00:01,2,Tradescantia Zebrina,2511,34.0,Moist
2026-09-16 16:30:00,1,Gynura Aurantiaca,2092,52.0,Optimal
2026-09-16 16:30:01,2,Tradescantia Zebrina,2512,34.0,Moist
2026-09-16 16:30:02,3,Monstera Deliciosa,1455,80.0,Optimal
2026-09-16 17:00:01,1,Gynura Aurantiaca,2096,52.0,Optimal
2026-09-16 17:00:01,3,Monstera Deliciosa,1428,81.0,Soggy
2026-09-16 17:00:01,2,Tradescantia Zebrina,2515,34.0,Moist
2026-09-16 17:30:00,2,Tradescantia Zebrina,2515,34.0,Moist
2026-09-16 17:30:00,3,Monstera Deliciosa,1472,79.0,Optimal
2026-09-16 17:30:01,1,Gynura Aurantiaca,2089,52.0,Optimal
2026-09-16 18:00:00,2,Tradescantia Zebrina,2506,34.0,Moist
2026-09-16 18:00:01,3,Monstera Deliciosa,1210,90.0,Soggy
2026-09-16 18:00:02,1,Gynura Aurantiaca,2099,52.0,Optimal
2026-09-16 18:30:00,2,Tradescantia Zebrina,2526,33.0,Moist
2026-09-16 18:30:01,1,Gynura Aurantiaca,2096,52.0,Optimal
2026-09-16 18:30:01,3,Monstera Deliciosa,1201,91.0,Soggy
2026-09-16 19:00:01,3,Monstera Deliciosa,1221,90.0,Soggy
2026-09-16 19:00:01,2,Tradescantia Zebrina,2534,33.0,Moist
2026-09-16 19:00:01,1,Gynura Aurantiaca,2099,52.0,Optimal
2026-09-16 19:30:01,3,Monstera Deliciosa,1247,89.0,Soggy
2026-09-16 19:30:01,2,Tradescantia Zebrina,2538,33.0,Moist
2026-09-16 19:30:02,1,Gynura Aurantiaca,2099,52.0,Optimal
